step,minutes,changes_per_sat_mean,changes_per_sat_max,changed_share
1,0.1666667,3.3068181818181817,22,0.0020889565267329007
2,0.3333334,3.287878787878788,22,0.0020769922854572253
3,0.5000001,3.7525252525252526,57,0.0023705150047537917
4,0.6666668,3.6616161616161618,45,0.0023130866466305505
5,0.8333335,4.541666666666667,44,0.002869025057906928
6,1.0000002,17.86868686868687,78,0.011287862835557086
7,1.1666669,37.20075757575758,78,0.023500162713681348
8,1.3333336,17.272727272727273,78,0.010911388043415838
9,1.5000003,4.210858585858586,44,0.002660049643625133
10,1.666667,3.486111111111111,45,0.0022022180108092933
11,1.8333337,3.9356060606060606,57,0.0024861693370853196
12,2.0000004,2.4027777777777777,22,0.0015178634098406683
13,2.1666671,3.2045454545454546,22,0.0020243496238442544
14,2.3333338,4.05050505050505,57,0.002558752400824416
15,2.5000005,3.5492424242424243,46,0.002242098815061544
16,2.6666672,3.2184343434343434,22,0.0020331234007797496
17,2.8333339,4.571969696969697,45,0.0028881678439480083
18,3.0000006,7.136363636363637,89,0.004508126112674439
19,3.1666673,14.343434343434344,82,0.009060918726111398
20,3.333334,168.10732323232324,793,0.10619540317897867
21,3.5000007,17.321969696969695,82,0.010942495070732595
22,3.6666674,6.619949494949495,89,0.004181901133891027
23,3.8333341,3.4684343434343434,22,0.002191051385618663
24,4.0000008,3.7815656565656566,45,0.0023888601747098274
25,4.1666675,3.6717171717171717,46,0.002319467575310911
26,4.3333342,3.2184343434343434,22,0.0020331234007797496
27,4.5000009,4.190656565656566,57,0.002647287786264413
28,4.6666676,3.294191919191919,22,0.0020809803658824507
29,4.8333343,4.241161616161616,57,0.0026791924296662136
30,5.000001,2.734848484848485,22,0.0017276364402075079
31,5.1666677,4.512626262626263,80,0.0028506798879508926
32,5.3333344,12.400252525252526,78,0.007833387571227117
33,5.5000011,38.2165404040404,80,0.024141844854100064
34,5.6666678,20.230429292929294,78,0.012779803722633792
35,5.8333345,3.7992424242424243,44,0.0024000267999004575
36,6.0000012,3.275252525252525,45,0.0020690161246067753
37,6.1666679,4.590909090909091,57,0.0029001320852236833
38,6.3333346,2.9507575757575757,22,0.0018640287907502058
39,6.5000013,3.503787878787879,22,0.0022133846359999234
40,6.666668,4.36489898989899,57,0.0027573588060006253
41,6.8333347,5.056818181818182,46,0.003194452420605295
42,7.0000014,3.678030303030303,22,0.002323455655736136
43,7.1666681,5.012626262626263,45,0.003166535857628719
44,7.3333348,7.018939393939394,89,0.004433947816765252
45,7.5000015,13.01010101010101,82,0.00821863614030386
46,7.6666682,161.6300505050505,793,0.10210363266269773
47,7.8333349,25.3989898989899,82,0.016044845166765572
48,8.0000016,7.34469696969697,89,0.004639732766706866
49,8.1666683,3.6944444444444446,22,0.002333824664841721
50,8.333335,4.037878787878788,45,0.002550776239973966
51,8.5000017,4.776515151515151,46,0.003017381649725301
52,8.6666684,3.5643939393939394,22,0.0022516702080820844
53,8.8333351,3.404040404040404,57,0.002150372965281367
54,9.0000018,3.9734848484848486,22,0.00251009781963667
55,9.1666685,4.992424242424242,57,0.003153774000267999
56,9.3333352,3.6742424242424243,22,0.002321062807481001
57,9.5000019,4.517676767676767,80,0.0028538703522910723
58,9.6666686,11.469696969696969,78,0.007245544516548939
59,9.8333353,33.43560606060606,80,0.021121671548077106
60,10.000002,25.968434343434343,78,0.016404570021120873
61,10.1666687,5.840909090909091,44,0.003689772009418251
62,10.3333354,4.46969696969697,45,0.0028235609410593616
63,10.5000021,3.5113636363636362,57,0.0022181703325101936
64,10.6666688,3.0164141414141414,22,0.0019055048271725467
65,10.8333355,3.106060606060606,22,0.001962135569210743
66,11.0000022,3.375,57,0.0021320277953253315
67,11.1666689,3.1237373737373737,46,0.001973302194401373
68,11.3333356,2.628787878787879,22,0.0016606366890637263
69,11.5000023,4.343434343434343,45,0.00274379933255486
70,11.666669,7.568181818181818,89,0.004780910813759835
71,11.8333357,9.017676767676768,82,0.0056965740793915145
72,12.0000024,165.57828282828282,793,0.1045977781606335
73,12.1666691,25.380050505050505,82,0.016032880925489896
74,12.3333358,7.88510101010101,89,0.0049811124511061336
75,12.5000025,3.61489898989899,22,0.002283574851483885
76,12.6666692,3.580808080808081,45,0.0022620392171876693
77,12.8333359,3.632575757575758,46,0.0022947414766745153
78,13.0000026,3.3585858585858586,22,0.002121658786219746
79,13.1666693,3.95959595959596,57,0.0025013240427011747
80,13.333336,2.6262626262626263,22,0.0016590414568936362
81,13.5000027,3.532828282828283,57,0.0022317298059559587
82,13.6666694,2.808080808080808,22,0.0017738981731401189
83,13.8333361,4.694444444444445,80,0.002965536604197375
84,14.0000028,11.037878787878787,78,0.006972759815463542
85,14.1666695,32.99368686868687,78,0.02084250591831135
86,14.3333362,26.582070707070706,79,0.01679221143845275
87,14.5000029,4.156565656565657,44,0.0026257521519681974
88,14.6666696,5.222222222222222,45,0.0032989401277461923
89,14.8333363,5.025252525252525,57,0.0031745120184791696
90,15.000003,3.6464646464646466,22,0.0023035152536100105
91,15.1666697,3.1755050505050506,22,0.0020060044538882187
92,15.3333364,3.303030303030303,57,0.0020865636784777658
93,15.5000031,3.9797979797979797,46,0.002514085900061895
94,15.6666698,2.9393939393939394,22,0.0018568502459848006
95,15.8333365,4.034090909090909,45,0.002548383391718831
96,16.0000032,6.411616161616162,89,0.0040502944798585985
97,16.1666699,10.006313131313131,82,0.006321107473981763
98,16.3333366,164.91540404040404,793,0.10417902971598486
99,16.5000033,24.210858585858585,82,0.01529428843073821
100,16.66667,8.059343434343434,89,0.005091183470842346
101,16.8333367,3.1452020202020203,22,0.0019868616678471386
102,17.0000034,3.7323232323232323,45,0.0023577531473930715
103,17.1666701,4.127525252525253,46,0.002607406982012162
104,17.3333368,2.7335858585858586,22,0.0017268388241224628
105,17.5000035,3.6994949494949494,57,0.0023370151291819013
106,17.6666702,3.452020202020202,22,0.002180682376513078
107,17.8333369,4.5732323232323235,57,0.002888965460033053
108,18.0000036,3.984848484848485,22,0.002517276364402075
109,18.1666703,3.6464646464646466,45,0.0023035152536100105
110,18.333337,10.969065656565656,79,0.006929289738828589
111,18.5000037,31.54229797979798,78,0.019925646228552103
112,18.6666704,27.91919191919192,79,0.017636886872515425
113,18.8333371,4.834595959595959,44,0.003054071989637372
114,19.0000038,3.630050505050505,45,0.002293146244504425
115,19.1666705,4.2727272727272725,57,0.002699132831792339
116,19.3333372,2.832070707070707,22,0.0017890528787559742
117,19.5000039,2.561868686868687,22,0.0016183630365563405
118,19.6666706,2.897727272727273,57,0.001830528915178315
119,19.8333373,3.5454545454545454,46,0.002239705966806409
120,20.000004,2.948232323232323,22,0.0018624335585801157
121,20.1666707,3.3181818181818183,45,0.002096135071498306
122,20.3333374,5.63510101010101,89,0.0035597605875559127
123,20.5000041,7.311868686868687,82,0.004618994748495696
124,20.6666708,162.927398989899,793,0.10292318319008148
125,20.8333375,26.324494949494948,78,0.016629497757103567
126,21.0000042,10.891414141414142,89,0.00688023634959832
127,21.1666709,3.462121212121212,22,0.0021870633051934377
128,21.3333376,4.45580808080808,45,0.0028147871641238664
129,21.5000043,4.186868686868687,46,0.002644894938009278
130,21.666671,3.2853535353535355,22,0.002075397053287135
131,21.8333377,4.911616161616162,57,0.0031027265708251177
132,22.0000044,3.941919191919192,22,0.0024901574175105446
133,22.1666711,3.542929292929293,57,0.002238110734636319
134,22.3333378,3.0896464646464645,22,0.0019517665601051577
135,22.5000045,4.85479797979798,45,0.003066833846998092
136,22.6666712,9.91540404040404,79,0.006263679115858522
137,22.8333379,28.545454545454547,77,0.018032504450697755
138,23.0000046,32.46085858585859,79,0.020505911930422352
139,23.1666713,4.328282828282828,44,0.00273422793953432
140,23.333338,4.512626262626263,45,0.0028506798879508926
141,23.5000047,3.5744949494949494,22,0.0022580511367624443
142,23.6666714,4.188131313131313,57,0.0026456925540943228
143,23.8333381,3.3257575757575757,22,0.002100920768008576
144,24.0000048,3.6313131313131315,57,0.00229394386058947
145,24.1666715,3.7411616161616164,46,0.0023633364599883865
146,24.3333382,2.553030303030303,22,0.0016127797239610252
147,24.5000049,3.888888888888889,45,0.002456657541938654
148,24.6666716,5.9267676767676765,89,0.003744009903201312
149,24.8333383,7.290404040404041,82,0.0046054352750499305
150,25.000005,162.22095959595958,793,0.1024769169904988
151,25.1666717,27.367424242424242,78,0.017288328643350753
152,25.3333384,10.781565656565656,89,0.006810843750199404
153,25.5000051,3.2411616161616164,22,0.00204748049031056
154,25.6666718,4.252525252525253,45,0.0026863709744316187
155,25.8333385,3.159090909090909,22,0.001995635444782634
156,26.0000052,3.8282828282828283,46,0.0024183719698564927
157,26.1666719,3.912878787878788,57,0.002471812247554509
158,26.3333386,3.2765151515151514,22,0.00206981374069182
159,26.5000053,3.5164141414141414,57,0.002221360796850374
160,26.666672,3.2525252525252526,22,0.002054659035075965
161,26.8333387,4.208333333333333,45,0.002658454411455043
162,27.0000054,9.78661616161616,79,0.00618232227518393
163,27.1666721,28.539141414141415,77,0.01802851637027253
164,27.3333388,29.29040404040404,77,0.018503097940874316
165,27.5000055,9.150252525252526,79,0.005780323768321241
166,27.6666722,3.5656565656565657,45,0.0022524678241671293
167,27.8333389,3.477272727272727,22,0.002196634698213978
168,28.0000056,3.585858585858586,57,0.0022652296815278495
169,28.1666723,3.619949494949495,22,0.002286765315824065
170,28.333339,4.921717171717172,57,0.003109107499505478
171,28.5000057,3.8838383838383836,46,0.0024534670775984736
172,28.6666724,3.4457070707070705,22,0.0021766942960878524
173,28.8333391,4.191919191919192,45,0.002648085402349458
174,29.0000058,3.327020202020202,22,0.002101718384093621
175,29.1666725,10.636363636363637,89,0.006719117900419227
176,29.3333392,26.640151515151516,78,0.016828901778364824
177,29.5000059,162.12626262626262,793,0.10241709578412042
178,29.6666726,7.542929292929293,82,0.004764958492058934
179,29.8333393,6.709595959595959,89,0.004238531875929223
180,30.000006,3.9103535353535355,45,0.0024702170153844192
181,30.1666727,2.8573232323232323,22,0.0018050052004568746
182,30.3333394,4.262626262626263,46,0.002692751903111979
183,30.5000061,3.946969696969697,57,0.0024933478818507247
184,30.6666728,3.851010101010101,22,0.002432729059387303
185,30.8333395,3.308080808080808,57,0.002089754142817946
186,31.0000062,2.6085858585858586,22,0.001647874831703006
187,31.1666729,3.6818181818181817,45,0.0023258485039912707
188,31.3333396,4.265151515151516,44,0.002694347135282069
189,31.5000063,32.69065656565657,79,0.020651078057900545
190,31.666673,28.421717171717173,77,0.017954338074363342
191,31.8333397,10.222222222222221,79,0.006457499824524461
192,32.0000064,4.07449494949495,45,0.0025739071064402714
193,32.1666731,2.648989898989899,22,0.0016733985464244467
194,32.3333398,2.8585858585858586,57,0.0018058028165419196
195,32.5000065,2.8585858585858586,22,0.0018058028165419196
196,32.6666732,3.702020202020202,57,0.0023386103613519914
197,32.8333399,3.236111111111111,22,0.0020442900259703797
198,33.0000066,3.720959595959596,46,0.0023505746026276663
199,33.1666733,3.8207070707070705,45,0.002413586273346223
200,33.33334,1.9936868686868687,21,0.0012594357982860826
201,33.5000067,10.603535353535353,89,0.006698379882208057
202,33.6666734,25.52462121212121,78,0.01612420796722755
203,33.8333401,164.06565656565655,793,0.10364223409074957
204,34.0000068,8.224747474747474,82,0.005195671177983243
205,34.1666735,5.818181818181818,89,0.00367541491988744
206,34.3333402,4.212121212121212,45,0.0026608472597101783
207,34.5000069,3.6856060606060606,22,0.002328241352246406
208,34.6666736,5.251262626262626,46,0.0033172852977022276
209,34.8333403,4.082070707070707,57,0.0025786928029505416
210,35.000007,2.9974747474747474,22,0.0018935405858968714
211,35.1666737,3.1521464646464645,57,0.0019912485563148862
212,35.3333404,3.8718434343434343,57,0.002445889724790546
213,35.5000071,3.890151515151515,45,0.0024574551580236986
214,35.6666738,5.295454545454546,44,0.0033452018606788033
215,35.8333405,28.464646464646464,79,0.017981457021254872
216,36.0000072,32.38320707070707,78,0.020456858541192086
217,36.1666739,11.342803030303031,79,0.007165384100001914
218,36.3333406,3.784090909090909,45,0.0023904554068799174
219,36.5000073,3.191919191919192,22,0.002016373462993804
220,36.666674,3.571969696969697,57,0.0022564559045923542
221,36.8333407,3.492424242424242,22,0.0022062060912345183
222,37.0000074,4.460858585858586,57,0.0028179776284640466
223,37.1666741,3.29040404040404,22,0.0020785875176273154
224,37.3333408,4.2272727272727275,46,0.0026704186527307184
225,37.5000075,3.742424242424242,45,0.0023641340760734318
226,37.6666742,2.909090909090909,22,0.00183770745994372
227,37.8333409,8.460858585858587,89,0.005344825385886662
228,38.0000076,24.348484848484848,82,0.015381228584008116
229,38.1666743,164.4078282828283,793,0.10385838804979677
230,38.333341,9.417929292929292,82,0.005949418378350785
231,38.5000077,5.402777777777778,89,0.0034129992279076297
232,38.6666744,3.3661616161616164,45,0.0021264444827300165
233,38.8333411,2.6161616161616164,22,0.001652660528213276
234,39.0000078,3.9835858585858586,46,0.0025164787483170302
235,39.1666745,4.498737373737374,57,0.0028419061110153973
236,39.3333412,3.547979797979798,22,0.002241301198976499
237,39.5000079,3.9532828282828283,22,0.0024973359622759497
238,39.6666746,3.099747474747475,57,0.0019581474887855176
239,39.8333413,4.833333333333333,45,0.003053274373552327
240,40.000008,5.210858585858586,44,0.003291761582980787
241,40.1666747,26.7020202020202,79,0.01686798496653203
242,40.3333414,32.30808080808081,78,0.020409400384131908
243,40.5000081,10.405303030303031,78,0.006573154156855989
244,40.6666748,5.101010101010101,80,0.0032223689835818707
245,40.8333415,2.198232323232323,22,0.0013886496040633753
246,41.0000082,3.861111111111111,57,0.0024391099880676633
247,41.1666749,2.638888888888889,22,0.0016670176177440864
248,41.3333416,3.577020202020202,57,0.0022596463689325344
249,41.5000083,2.794191919191919,22,0.0017651243962046237
250,41.666675,4.3396464646464645,46,0.002741406484299725
251,41.8333417,4.0643939393939394,45,0.002567526177759911
252,42.0000084,3.705808080808081,22,0.0023410032096071263
253,42.1666751,7.851010101010101,89,0.004959576816809919
254,42.3333418,25.49621212121212,82,0.01610626160531404
255,42.5000085,164.96085858585857,793,0.10420774389504649
256,42.6666752,8.593434343434344,82,0.005428575074816389
257,42.8333419,7.612373737373737,89,0.00480882737673641
258,43.0000086,3.842171717171717,45,0.002427145746791988
259,43.1666753,2.9734848484848486,22,0.001878385880281016
260,43.333342,3.941919191919192,46,0.0024901574175105446
261,43.5000087,3.717171717171717,57,0.0023481817543725314
262,43.6666754,3.5934343434343434,22,0.0022700153780381197
263,43.8333421,4.025252525252525,22,0.0025428000791235155
264,44.0000088,3.9457070707070705,57,0.0024925502657656795
265,44.1666755,2.8472222222222223,45,0.0017986242717765145
266,44.3333422,4.545454545454546,44,0.0028714179061620627
267,44.5000089,25.05429292929293,78,0.01582709597554828
268,44.6666756,33.513888888888886,80,0.0211711237453499
269,44.8333423,11.696969696969697,78,0.0073891154118570414
270,45.000009,5.556818181818182,80,0.003510308390283122
271,45.1666757,3.6035353535353534,22,0.00227639630671848
272,45.3333424,4.712121212121212,57,0.002976703229388005
273,45.5000091,3.143939393939394,22,0.0019860640517620934
274,45.6666758,3.242424242424242,36,0.0020482781063956047
275,45.8333425,3.5946969696969697,22,0.0022708129941231645
276,46.0000092,3.919191919191919,46,0.0024758003279797343
277,46.1666759,4.481060606060606,45,0.002830739485824767
278,46.3333426,3.128787878787879,22,0.0019764926587415533
279,46.5000093,7.553030303030303,89,0.004771339420739294
280,46.666676,22.330176767676768,82,0.014106239272063656
281,46.8333427,164.04671717171718,793,0.10363026984947389
282,47.0000094,14.001262626262626,82,0.008844764767064198
283,47.1666761,7.582070707070707,89,0.00478968459069533
284,47.3333428,3.6704545454545454,45,0.0023186699592258656
285,47.5000095,3.20959595959596,22,0.0020275400881844346
286,47.6666762,4.16919191919192,46,0.002633728312818648
287,47.8333429,4.1603535353535355,57,0.0026281450002233323
288,48.0000096,2.9015151515151514,21,0.00183292176343345
289,48.1666763,2.503787878787879,22,0.0015816726966442695
290,48.333343,4.142676767676767,57,0.002616978375032702
291,48.5000097,4.5517676767676765,45,0.0028754059865872877
292,48.6666764,4.166666666666667,44,0.0026321330806485578
293,48.8333431,20.107323232323232,78,0.012702036154341904
294,49.0000098,37.958333333333336,80,0.02397873236470836
295,49.1666765,13.430555555555555,78,0.00848424229662385
296,49.3333432,3.1123737373737375,35,0.001966123649635968
297,49.5000099,4.829545454545454,45,0.0030508815252971917
298,49.6666766,4.172979797979798,57,0.0026361211610737827
299,49.8333433,3.772727272727273,22,0.0023832768621145123
300,50.00001,4.14520202020202,57,0.0026185736072027923
301,50.1666767,3.1666666666666665,22,0.0020004211412929036
302,50.3333434,4.60479797979798,46,0.0029089058621591785
303,50.5000101,2.5757575757575757,22,0.0016271368134918357
304,50.6666768,4.165404040404041,45,0.0026313354645635125
305,50.8333435,7.234848484848484,89,0.00457034016730795
306,51.0000102,17.939393939393938,82,0.011332529336319608
307,51.1666769,168.28535353535352,793,0.10630786704697001
308,51.3333436,13.402777777777779,82,0.00846669474275286
309,51.5000103,7.1982323232323235,89,0.004547209300841644
310,51.666677,3.4507575757575757,45,0.0021798847604280326
311,51.8333437,3.226010101010101,22,0.0020379090972900194
312,52.0000104,3.9027777777777777,46,0.002465431318874149
313,52.1666771,4.071969696969697,57,0.0025723118742701813
314,52.3333438,3.1515151515151514,22,0.0019908497482723636
315,52.5000105,4.082070707070707,22,0.0025786928029505416
316,52.6666772,4.54419191919192,57,0.002870620290077018
317,52.8333439,3.496212121212121,45,0.002208598939489653
318,53.0000106,3.5656565656565657,44,0.0022524678241671293
319,53.1666773,16.369949494949495,78,0.010341092542608652
320,53.333344,36.20075757575758,78,0.022868450774325696
321,53.5000107,17.598484848484848,78,0.011117172993357453
322,53.6666774,4.460858585858586,44,0.0028179776284640466
323,53.8333441,5.0732323232323235,45,0.0032048214297108802
324,54.0000108,3.8547979797979797,57,0.0024351219076424384
325,54.1666775,3.3952020202020203,22,0.0021447896526860517
326,54.3333442,3.879419191919192,57,0.002450675421300816
327,54.5000109,3.2518939393939394,57,0.0020542602270334424
328,54.6666776,3.619949494949495,46,0.002286765315824065
329,54.8333443,2.602272727272727,22,0.0016438867512777809
330,55.000011,3.268939393939394,45,0.0020650280441815503
331,55.1666777,7.142676767676767,89,0.004512114193099664
332,55.3333444,14.803030303030303,82,0.009351250981067784
333,55.5000111,167.85353535353536,792,0.10603508234588462
334,55.6666778,18.550505050505052,82,0.011718575521481396
335,55.8333445,7.311868686868687,89,0.004618994748495696
336,56.0000112,4.213383838383838,45,0.002661644875795223
337,56.1666779,3.8775252525252526,22,0.0024494789971732486
338,56.3333446,4.233585858585859,46,0.0026744067331559433
339,56.5000113,2.676767676767677,22,0.001690946100295437
340,56.666678,3.8876262626262625,57,0.0024558599258536085
341,56.8333447,2.792929292929293,22,0.0017643267801195786
342,57.0000114,4.161616161616162,57,0.0026289426163083776
343,57.1666781,3.955808080808081,45,0.00249893119444604
344,57.3333448,3.349747474747475,35,0.002116075473624431
345,57.5000115,14.025252525252526,78,0.008859919472680054
346,57.6666782,39.308712121212125,78,0.024831782767664005
347,57.8333449,16.986742424242426,78,0.010730728000153142
348,58.0000116,4.167929292929293,44,0.0026329306967336026
349,58.1666783,4.362373737373737,45,0.0027557635738305352
350,58.333345,3.7525252525252526,57,0.0023705150047537917
351,58.5000117,4.202020202020202,22,0.002654466331029818
352,58.6666784,4.178030303030303,22,0.002639311625413963
353,58.8333451,4.411616161616162,57,0.002786870601147291
354,59.0000118,3.4444444444444446,46,0.0021758966800028076
355,59.1666785,3.169191919191919,22,0.0020020163734629937
356,59.3333452,3.090909090909091,45,0.0019525641761902028
357,59.5000119,7.462121212121212,89,0.004713911062616053
358,59.6666786,13.529040404040405,82,0.008546456351257363
359,59.8333453,164.93686868686868,792,0.10419258918943063
