config,layout,policy,speed_kmh,terminals,unserved_share,load_mean,load_p99,load_max,x_bits_needed,address_changes_per_terminal_minute,directory_updates_per_s
starlink_gen2_525,census,nearest,0,1000,0.0010,0.30,8.0,127,7,1.0000,16.6
starlink_gen2_525,census,nearest,0,10000,0.0006,2.97,89.0,1241,11,1.0000,166.6
starlink_gen2_525,census,nearest,0,100000,0.0010,29.73,883.0,12229,14,1.0000,1665.0
starlink_gen2_525,census,nearest,0,1000000,0.0011,297.29,8849.9,121867,17,1.0000,16648.2
starlink_gen2_525,census,nearest,250,1000,0.0010,0.30,9.0,128,8,1.0000,16.6
starlink_gen2_525,census,nearest,250,10000,0.0006,2.97,92.0,1176,11,1.0000,166.6
starlink_gen2_525,census,nearest,250,100000,0.0009,29.73,931.0,11959,14,1.0000,1665.1
starlink_gen2_525,census,nearest,250,1000000,0.0010,297.32,9386.1,119583,17,1.0000,16649.5
starlink_gen2_525,census,stay_while_visible,0,1000,0.0010,0.30,10.0,103,7,0.3629,6.0
starlink_gen2_525,census,stay_while_visible,0,10000,0.0006,2.97,99.0,928,10,0.3625,60.4
starlink_gen2_525,census,stay_while_visible,0,100000,0.0010,29.73,996.0,8927,14,0.3626,603.7
starlink_gen2_525,census,stay_while_visible,0,1000000,0.0011,297.29,9997.4,88848,17,0.3626,6036.8
starlink_gen2_525,census,stay_while_visible,250,1000,0.0010,0.30,10.0,104,7,0.3635,6.1
starlink_gen2_525,census,stay_while_visible,250,10000,0.0006,2.97,100.0,928,10,0.3638,60.6
starlink_gen2_525,census,stay_while_visible,250,100000,0.0009,29.73,1006.0,8924,14,0.3641,606.2
starlink_gen2_525,census,stay_while_visible,250,1000000,0.0010,297.32,10011.8,88949,17,0.3641,6061.7
starlink_gen2_525,uniform,nearest,0,1000,0.0000,0.30,2.0,5,3,1.0000,16.7
starlink_gen2_525,uniform,nearest,0,10000,0.0000,2.98,10.0,20,5,1.0000,166.7
starlink_gen2_525,uniform,nearest,0,100000,0.0000,29.76,74.0,100,7,1.0000,1666.7
starlink_gen2_525,uniform,nearest,0,1000000,0.0000,297.62,677.0,767,10,1.0000,16666.7
starlink_gen2_525,uniform,nearest,250,1000,0.0015,0.30,2.0,6,3,1.0000,16.6
starlink_gen2_525,uniform,nearest,250,10000,0.0006,2.97,10.0,20,5,1.0000,166.6
starlink_gen2_525,uniform,nearest,250,100000,0.0007,29.74,74.0,99,7,1.0000,1665.5
starlink_gen2_525,uniform,nearest,250,1000000,0.0007,297.42,677.0,759,10,1.0000,16655.2
starlink_gen2_525,uniform,stay_while_visible,0,1000,0.0000,0.30,2.0,5,3,0.3689,6.1
starlink_gen2_525,uniform,stay_while_visible,0,10000,0.0000,2.98,9.0,15,4,0.3688,61.5
starlink_gen2_525,uniform,stay_while_visible,0,100000,0.0000,29.76,59.0,90,7,0.3692,615.3
starlink_gen2_525,uniform,stay_while_visible,0,1000000,0.0000,297.62,540.0,717,10,0.3692,6153.3
starlink_gen2_525,uniform,stay_while_visible,250,1000,0.0015,0.30,2.0,5,3,0.3705,6.2
starlink_gen2_525,uniform,stay_while_visible,250,10000,0.0006,2.97,9.0,15,4,0.3702,61.7
starlink_gen2_525,uniform,stay_while_visible,250,100000,0.0007,29.74,59.0,90,7,0.3707,617.3
starlink_gen2_525,uniform,stay_while_visible,250,1000000,0.0007,297.42,538.0,717,10,0.3707,6174.5
