time_index,time_since_epoch_ns,fstate_size_min,fstate_size_max,fstate_size_mean,fstate_size_median,fstate_size_p95,fstate_size_count,fstate_installed_min,fstate_installed_max,fstate_installed_mean,fstate_installed_median,fstate_installed_p95,fstate_installed_count,fstate_markers_min,fstate_markers_max,fstate_markers_mean,fstate_markers_median,fstate_markers_p95,fstate_markers_count,fstate_neighbors_min,fstate_neighbors_max,fstate_neighbors_mean,fstate_neighbors_median,fstate_neighbors_p95,fstate_neighbors_count,strict_header_bytes_min,strict_header_bytes_max,strict_header_bytes_mean,strict_header_bytes_median,strict_header_bytes_p95,strict_header_bytes_count,srv6_srh_bytes_min,srv6_srh_bytes_max,srv6_srh_bytes_mean,srv6_srh_bytes_median,srv6_srh_bytes_p95,srv6_srh_bytes_count,stretch_hop_min,stretch_hop_max,stretch_hop_mean,stretch_hop_median,stretch_hop_p95,stretch_hop_count,stretch_dist_min,stretch_dist_max,stretch_dist_mean,stretch_dist_median,stretch_dist_p95,stretch_dist_count,stretch_hop_shared_min,stretch_hop_shared_max,stretch_hop_shared_mean,stretch_hop_shared_median,stretch_hop_shared_p95,stretch_hop_shared_count,stretch_dist_shared_min,stretch_dist_shared_max,stretch_dist_shared_mean,stretch_dist_shared_median,stretch_dist_shared_p95,stretch_dist_shared_count,delivery_total_pairs,delivery_no_src_visibility,delivery_no_dst_visibility,delivery_disconnected,delivery_deliverable,delivery_delivered,delivery_forwarding_failure,delivery_failure_loop,delivery_failure_dead_end,delivery_failure_link_down,delivery_failure_hop_limit,delivery_failure_egress_lost,delivery_delivery_rate,delivery_non_optimal_egress,delivery_non_optimal_egress_rate,aux_lsdb_node_entries,aux_lsdb_link_entries,aux_spf_tree_entries_per_sat,aux_spf_all_pairs_entries,aux_spf_all_pairs_build_ms,explicit_failover_count,explicit_failover_delivered_count,explicit_failover_delivered_rate,explicit_failover_protected_repair_count,explicit_failover_protected_repair_rate,explicit_failover_broken_adj_count,explicit_failover_broken_adj_rate,explicit_failover_egress_not_visible_count,explicit_failover_egress_not_visible_rate,explicit_failover_dynamic_egress_repair_count,explicit_failover_dynamic_egress_repair_rate,explicit_failover_dynamic_egress_unavailable_count,explicit_failover_dynamic_egress_unavailable_rate,failure_isls_removed,failure_satellites_down,failure_events,compute_time_ms
0,0,588.0,588.0,588.0,588.0,588.0,588,24.0,24.0,24.0,24.0,24.0,588,0.0,0.0,0.0,0.0,0.0,588,3.0,10.0,4.505102040816326,4.0,7.0,588,0.0,0.0,0.0,0.0,0.0,0,0.0,0.0,0.0,0.0,0.0,0,1.0,1.0,1.0,1.0,1.0,552,0.9999999999999996,1.0000000000000004,1.0,1.0,1.0000000000000002,552,1.0,1.5833333333333333,1.0200843642963904,1.0,1.1376190476190469,552,0.9999999999999996,1.0000000000000004,1.0,1.0,1.0000000000000002,552,552.0,0.0,0.0,0.0,552.0,552.0,0.0,0.0,0.0,0.0,0.0,0.0,1.0,0.0,0.0,588.0,1127.0,588.0,345744.0,453.06213200092316,0.0,0.0,0.0,0.0,0.0,0.0,0.0,0.0,0.0,0.0,0.0,0.0,0.0,0.0,0.0,0.0,1392.561562359333
1,300000000000,588.0,588.0,588.0,588.0,588.0,588,24.0,24.0,24.0,24.0,24.0,588,0.0,0.0,0.0,0.0,0.0,588,3.0,10.0,4.508503401360544,4.0,7.0,588,0.0,0.0,0.0,0.0,0.0,0,0.0,0.0,0.0,0.0,0.0,0,1.0,1.0,1.0,1.0,1.0,552,0.9999999999999997,1.0000000000000004,1.0,1.0,1.0000000000000002,552,1.0,1.7692307692307692,1.0207487202658116,1.0,1.1596153846153838,552,0.9999999999999997,1.0000000000000004,1.0,1.0,1.0000000000000002,552,552.0,0.0,0.0,0.0,552.0,552.0,0.0,0.0,0.0,0.0,0.0,0.0,1.0,0.0,0.0,588.0,1127.0,588.0,345744.0,680.0885517150164,0.0,0.0,0.0,0.0,0.0,0.0,0.0,0.0,0.0,0.0,0.0,0.0,0.0,0.0,0.0,0.0,2607.612106949091
2,600000000000,588.0,588.0,588.0,588.0,588.0,588,24.0,24.0,24.0,24.0,24.0,588,0.0,0.0,0.0,0.0,0.0,588,3.0,10.0,4.496598639455782,4.0,7.0,588,0.0,0.0,0.0,0.0,0.0,0,0.0,0.0,0.0,0.0,0.0,0,1.0,1.0,1.0,1.0,1.0,552,0.9999999999999997,1.0000000000000002,1.0,1.0,1.0000000000000002,552,1.0,1.7692307692307692,1.0209460578322294,1.0,1.1428571428571428,552,0.9999999999999997,1.0000000000000002,1.0,1.0,1.0000000000000002,552,552.0,0.0,0.0,0.0,552.0,552.0,0.0,0.0,0.0,0.0,0.0,0.0,1.0,0.0,0.0,588.0,1127.0,588.0,345744.0,665.0616265833378,0.0,0.0,0.0,0.0,0.0,0.0,0.0,0.0,0.0,0.0,0.0,0.0,0.0,0.0,0.0,0.0,2593.916120007634
3,900000000000,588.0,588.0,588.0,588.0,588.0,588,24.0,24.0,24.0,24.0,24.0,588,0.0,0.0,0.0,0.0,0.0,588,3.0,10.0,4.517006802721088,4.0,7.0,588,0.0,0.0,0.0,0.0,0.0,0,0.0,0.0,0.0,0.0,0.0,0,1.0,1.0,1.0,1.0,1.0,552,0.9999999999999997,1.0000000000000002,1.0,1.0,1.0000000000000002,552,1.0,1.7272727272727273,1.0237449504775011,1.0,1.1596153846153838,552,0.9999999999999997,1.0000000000000002,1.0,1.0,1.0000000000000002,552,552.0,0.0,0.0,0.0,552.0,552.0,0.0,0.0,0.0,0.0,0.0,0.0,1.0,0.0,0.0,588.0,1127.0,588.0,345744.0,660.0302439182997,0.0,0.0,0.0,0.0,0.0,0.0,0.0,0.0,0.0,0.0,0.0,0.0,0.0,0.0,0.0,0.0,2616.203775629401
4,1200000000000,588.0,588.0,588.0,588.0,588.0,588,24.0,24.0,24.0,24.0,24.0,588,0.0,0.0,0.0,0.0,0.0,588,3.0,10.0,4.5,4.0,7.0,588,0.0,0.0,0.0,0.0,0.0,0,0.0,0.0,0.0,0.0,0.0,0,1.0,1.0,1.0,1.0,1.0,552,0.9999999999999996,1.0000000000000004,1.0,1.0,1.0000000000000002,552,1.0,1.7692307692307692,1.023157709783011,1.0,1.147802197802197,552,0.9999999999999996,1.0000000000000004,1.0,1.0,1.0000000000000002,552,552.0,0.0,0.0,0.0,552.0,552.0,0.0,0.0,0.0,0.0,0.0,0.0,1.0,0.0,0.0,588.0,1127.0,588.0,345744.0,669.8788180947304,0.0,0.0,0.0,0.0,0.0,0.0,0.0,0.0,0.0,0.0,0.0,0.0,0.0,0.0,0.0,0.0,2573.762308806181
5,1500000000000,588.0,588.0,588.0,588.0,588.0,588,24.0,24.0,24.0,24.0,24.0,588,0.0,0.0,0.0,0.0,0.0,588,3.0,10.0,4.51360544217687,4.0,7.0,588,0.0,0.0,0.0,0.0,0.0,0,0.0,0.0,0.0,0.0,0.0,0,1.0,1.0,1.0,1.0,1.0,552,0.9999999999999997,1.0000000000000004,1.0,1.0,1.0000000000000002,552,1.0,1.6363636363636365,1.0198723555738054,1.0,1.1428571428571428,552,0.9999999999999997,1.0000000000000004,1.0,1.0,1.0000000000000002,552,552.0,0.0,0.0,0.0,552.0,552.0,0.0,0.0,0.0,0.0,0.0,0.0,1.0,0.0,0.0,588.0,1127.0,588.0,345744.0,634.513646364212,0.0,0.0,0.0,0.0,0.0,0.0,0.0,0.0,0.0,0.0,0.0,0.0,0.0,0.0,0.0,0.0,2505.6769978255033
6,1800000000000,588.0,588.0,588.0,588.0,588.0,588,24.0,24.0,24.0,24.0,24.0,588,0.0,0.0,0.0,0.0,0.0,588,3.0,9.0,4.5017006802721085,4.0,7.0,588,0.0,0.0,0.0,0.0,0.0,0,0.0,0.0,0.0,0.0,0.0,0,1.0,1.0,1.0,1.0,1.0,552,0.9999999999999997,1.0000000000000004,1.0,1.0,1.0000000000000002,552,1.0,1.6363636363636365,1.019676716280313,1.0,1.125,552,0.9999999999999997,1.0000000000000004,1.0,1.0,1.0000000000000002,552,552.0,0.0,0.0,0.0,552.0,552.0,0.0,0.0,0.0,0.0,0.0,0.0,1.0,0.0,0.0,588.0,1127.0,588.0,345744.0,624.4045551866293,0.0,0.0,0.0,0.0,0.0,0.0,0.0,0.0,0.0,0.0,0.0,0.0,0.0,0.0,0.0,0.0,2511.806644499302
7,2100000000000,588.0,588.0,588.0,588.0,588.0,588,24.0,24.0,24.0,24.0,24.0,588,0.0,0.0,0.0,0.0,0.0,588,3.0,10.0,4.496598639455782,4.0,7.0,588,0.0,0.0,0.0,0.0,0.0,0,0.0,0.0,0.0,0.0,0.0,0,1.0,1.0,1.0,1.0,1.0,552,0.9999999999999997,1.0000000000000004,1.0,1.0,1.0000000000000002,552,1.0,1.8181818181818181,1.022464921292159,1.0,1.125,552,0.9999999999999997,1.0000000000000004,1.0,1.0,1.0000000000000002,552,552.0,0.0,0.0,0.0,552.0,552.0,0.0,0.0,0.0,0.0,0.0,0.0,1.0,0.0,0.0,588.0,1127.0,588.0,345744.0,711.7969077080488,0.0,0.0,0.0,0.0,0.0,0.0,0.0,0.0,0.0,0.0,0.0,0.0,0.0,0.0,0.0,0.0,2590.697919949889
8,2400000000000,588.0,588.0,588.0,588.0,588.0,588,24.0,24.0,24.0,24.0,24.0,588,0.0,0.0,0.0,0.0,0.0,588,3.0,10.0,4.496598639455782,4.0,7.0,588,0.0,0.0,0.0,0.0,0.0,0,0.0,0.0,0.0,0.0,0.0,0,1.0,1.0,1.0,1.0,1.0,552,0.9999999999999996,1.0000000000000004,1.0,1.0,1.0000000000000002,552,1.0,1.8181818181818181,1.0198066585672125,1.0,1.1173611111111101,552,0.9999999999999996,1.0000000000000004,1.0,1.0,1.0000000000000002,552,552.0,0.0,0.0,0.0,552.0,552.0,0.0,0.0,0.0,0.0,0.0,0.0,1.0,0.0,0.0,588.0,1127.0,588.0,345744.0,696.2222214788198,0.0,0.0,0.0,0.0,0.0,0.0,0.0,0.0,0.0,0.0,0.0,0.0,0.0,0.0,0.0,0.0,2604.865852743387
9,2700000000000,588.0,588.0,588.0,588.0,588.0,588,24.0,24.0,24.0,24.0,24.0,588,0.0,0.0,0.0,0.0,0.0,588,3.0,9.0,4.505102040816326,4.0,7.0,588,0.0,0.0,0.0,0.0,0.0,0,0.0,0.0,0.0,0.0,0.0,0,1.0,1.0,1.0,1.0,1.0,552,0.9999999999999997,1.0000000000000004,1.0,1.0,1.0000000000000002,552,1.0,1.8181818181818181,1.0248711332914526,1.0,1.1428571428571428,552,0.9999999999999997,1.0000000000000004,1.0,1.0,1.0000000000000002,552,552.0,0.0,0.0,0.0,552.0,552.0,0.0,0.0,0.0,0.0,0.0,0.0,1.0,0.0,0.0,588.0,1127.0,588.0,345744.0,675.2893887460232,0.0,0.0,0.0,0.0,0.0,0.0,0.0,0.0,0.0,0.0,0.0,0.0,0.0,0.0,0.0,0.0,2586.9320053607225
10,3000000000000,588.0,588.0,588.0,588.0,588.0,588,24.0,24.0,24.0,24.0,24.0,588,0.0,0.0,0.0,0.0,0.0,588,3.0,10.0,4.505102040816326,4.0,7.0,588,0.0,0.0,0.0,0.0,0.0,0,0.0,0.0,0.0,0.0,0.0,0,1.0,1.0,1.0,1.0,1.0,552,0.9999999999999996,1.0000000000000002,1.0,1.0,1.0000000000000002,552,1.0,1.8181818181818181,1.0242152735756904,1.0,1.1816666666666644,552,0.9999999999999996,1.0000000000000002,1.0,1.0,1.0000000000000002,552,552.0,0.0,0.0,0.0,552.0,552.0,0.0,0.0,0.0,0.0,0.0,0.0,1.0,0.0,0.0,588.0,1127.0,588.0,345744.0,718.7617979943752,0.0,0.0,0.0,0.0,0.0,0.0,0.0,0.0,0.0,0.0,0.0,0.0,0.0,0.0,0.0,0.0,2573.372283950448
11,3300000000000,588.0,588.0,588.0,588.0,588.0,588,24.0,24.0,24.0,24.0,24.0,588,0.0,0.0,0.0,0.0,0.0,588,3.0,10.0,4.505102040816326,4.0,7.0,588,0.0,0.0,0.0,0.0,0.0,0,0.0,0.0,0.0,0.0,0.0,0,1.0,1.0,1.0,1.0,1.0,552,0.9999999999999997,1.0000000000000002,1.0,1.0,1.0000000000000002,552,1.0,1.7272727272727273,1.025586765500854,1.0,1.1899999999999988,552,0.9999999999999997,1.0000000000000002,1.0,1.0,1.0000000000000002,552,552.0,0.0,0.0,0.0,552.0,552.0,0.0,0.0,0.0,0.0,0.0,0.0,1.0,0.0,0.0,588.0,1127.0,588.0,345744.0,622.0711078494787,0.0,0.0,0.0,0.0,0.0,0.0,0.0,0.0,0.0,0.0,0.0,0.0,0.0,0.0,0.0,0.0,2475.8964870125055
12,3600000000000,588.0,588.0,588.0,588.0,588.0,588,24.0,24.0,24.0,24.0,24.0,588,0.0,0.0,0.0,0.0,0.0,588,3.0,10.0,4.496598639455782,4.0,7.0,588,0.0,0.0,0.0,0.0,0.0,0,0.0,0.0,0.0,0.0,0.0,0,1.0,1.0,1.0,1.0,1.0,552,0.9999999999999997,1.0000000000000002,1.0,1.0,1.0000000000000002,552,1.0,1.6666666666666667,1.0241973258973354,1.0,1.2,552,0.9999999999999997,1.0000000000000002,1.0,1.0,1.0000000000000002,552,552.0,0.0,0.0,0.0,552.0,552.0,0.0,0.0,0.0,0.0,0.0,0.0,1.0,0.0,0.0,588.0,1127.0,588.0,345744.0,650.5364645272493,0.0,0.0,0.0,0.0,0.0,0.0,0.0,0.0,0.0,0.0,0.0,0.0,0.0,0.0,0.0,0.0,2504.387179389596
13,3900000000000,588.0,588.0,588.0,588.0,588.0,588,24.0,24.0,24.0,24.0,24.0,588,0.0,0.0,0.0,0.0,0.0,588,3.0,10.0,4.489795918367347,4.0,7.0,588,0.0,0.0,0.0,0.0,0.0,0,0.0,0.0,0.0,0.0,0.0,0,1.0,1.0,1.0,1.0,1.0,552,0.9999999999999997,1.0000000000000002,1.0,1.0,1.0000000000000002,552,1.0,1.6666666666666667,1.0216352673359415,1.0,1.1710784313725484,552,0.9999999999999997,1.0000000000000002,1.0,1.0,1.0000000000000002,552,552.0,0.0,0.0,0.0,552.0,552.0,0.0,0.0,0.0,0.0,0.0,0.0,1.0,0.0,0.0,588.0,1127.0,588.0,345744.0,663.370855152607,0.0,0.0,0.0,0.0,0.0,0.0,0.0,0.0,0.0,0.0,0.0,0.0,0.0,0.0,0.0,0.0,2553.8360476493835
14,4200000000000,588.0,588.0,588.0,588.0,588.0,588,24.0,24.0,24.0,24.0,24.0,588,0.0,0.0,0.0,0.0,0.0,588,3.0,10.0,4.51530612244898,4.0,7.0,588,0.0,0.0,0.0,0.0,0.0,0,0.0,0.0,0.0,0.0,0.0,0,1.0,1.0,1.0,1.0,1.0,552,0.9999999999999997,1.0000000000000004,1.0,1.0,1.0000000000000002,552,1.0,1.5833333333333333,1.0190123608786334,1.0,1.125,552,0.9999999999999997,1.0000000000000004,1.0,1.0,1.0000000000000002,552,552.0,0.0,0.0,0.0,552.0,552.0,0.0,0.0,0.0,0.0,0.0,0.0,1.0,0.0,0.0,588.0,1127.0,588.0,345744.0,718.5660041868687,0.0,0.0,0.0,0.0,0.0,0.0,0.0,0.0,0.0,0.0,0.0,0.0,0.0,0.0,0.0,0.0,2653.4989196807146
15,4500000000000,588.0,588.0,588.0,588.0,588.0,588,24.0,24.0,24.0,24.0,24.0,588,0.0,0.0,0.0,0.0,0.0,588,3.0,10.0,4.51360544217687,4.0,7.0,588,0.0,0.0,0.0,0.0,0.0,0,0.0,0.0,0.0,0.0,0.0,0,1.0,1.0,1.0,1.0,1.0,552,0.9999999999999996,1.0000000000000004,1.0,1.0,1.0000000000000002,552,1.0,1.5833333333333333,1.0169528727885337,1.0,1.1376190476190469,552,0.9999999999999996,1.0000000000000004,1.0,1.0,1.0000000000000002,552,552.0,0.0,0.0,0.0,552.0,552.0,0.0,0.0,0.0,0.0,0.0,0.0,1.0,0.0,0.0,588.0,1127.0,588.0,345744.0,706.4804043620825,0.0,0.0,0.0,0.0,0.0,0.0,0.0,0.0,0.0,0.0,0.0,0.0,0.0,0.0,0.0,0.0,2709.998518228531
16,4800000000000,588.0,588.0,588.0,588.0,588.0,588,24.0,24.0,24.0,24.0,24.0,588,0.0,0.0,0.0,0.0,0.0,588,3.0,10.0,4.520408163265306,4.0,7.0,588,0.0,0.0,0.0,0.0,0.0,0,0.0,0.0,0.0,0.0,0.0,0,1.0,1.0,1.0,1.0,1.0,552,0.9999999999999997,1.0000000000000004,1.0,1.0,1.0000000000000002,552,1.0,1.6153846153846154,1.0211978813243268,1.0,1.1666666666666667,552,0.9999999999999997,1.0000000000000004,1.0,1.0,1.0000000000000002,552,552.0,0.0,0.0,0.0,552.0,552.0,0.0,0.0,0.0,0.0,0.0,0.0,1.0,0.0,0.0,588.0,1127.0,588.0,345744.0,565.8948179334402,0.0,0.0,0.0,0.0,0.0,0.0,0.0,0.0,0.0,0.0,0.0,0.0,0.0,0.0,0.0,0.0,2482.970302924514
17,5100000000000,588.0,588.0,588.0,588.0,588.0,588,24.0,24.0,24.0,24.0,24.0,588,0.0,0.0,0.0,0.0,0.0,588,3.0,10.0,4.4982993197278915,4.0,7.0,588,0.0,0.0,0.0,0.0,0.0,0,0.0,0.0,0.0,0.0,0.0,0,1.0,1.0,1.0,1.0,1.0,552,0.9999999999999997,1.0000000000000002,1.0,1.0,1.0000000000000002,552,1.0,1.5833333333333333,1.0217579328495434,1.0,1.1666666666666667,552,0.9999999999999997,1.0000000000000002,1.0,1.0,1.0000000000000002,552,552.0,0.0,0.0,0.0,552.0,552.0,0.0,0.0,0.0,0.0,0.0,0.0,1.0,0.0,0.0,588.0,1127.0,588.0,345744.0,618.8457887619734,0.0,0.0,0.0,0.0,0.0,0.0,0.0,0.0,0.0,0.0,0.0,0.0,0.0,0.0,0.0,0.0,2459.501191973686
18,5400000000000,588.0,588.0,588.0,588.0,588.0,588,24.0,24.0,24.0,24.0,24.0,588,0.0,0.0,0.0,0.0,0.0,588,3.0,10.0,4.508503401360544,4.0,7.0,588,0.0,0.0,0.0,0.0,0.0,0,0.0,0.0,0.0,0.0,0.0,0,1.0,1.0,1.0,1.0,1.0,552,0.9999999999999998,1.0000000000000002,1.0,1.0,1.0000000000000002,552,1.0,1.5454545454545454,1.0195839979855326,1.0,1.1666666666666667,552,0.9999999999999998,1.0000000000000002,1.0,1.0,1.0000000000000002,552,552.0,0.0,0.0,0.0,552.0,552.0,0.0,0.0,0.0,0.0,0.0,0.0,1.0,0.0,0.0,588.0,1127.0,588.0,345744.0,614.4110187888145,0.0,0.0,0.0,0.0,0.0,0.0,0.0,0.0,0.0,0.0,0.0,0.0,0.0,0.0,0.0,0.0,2493.2310339063406
19,5700000000000,588.0,588.0,588.0,588.0,588.0,588,24.0,24.0,24.0,24.0,24.0,588,0.0,0.0,0.0,0.0,0.0,588,3.0,10.0,4.494897959183674,4.0,7.0,588,0.0,0.0,0.0,0.0,0.0,0,0.0,0.0,0.0,0.0,0.0,0,1.0,1.0,1.0,1.0,1.0,552,0.9999999999999997,1.0000000000000004,1.0,1.0,1.0000000000000002,552,1.0,1.7272727272727273,1.0212180402308353,1.0,1.1428571428571428,552,0.9999999999999997,1.0000000000000004,1.0,1.0,1.0000000000000002,552,552.0,0.0,0.0,0.0,552.0,552.0,0.0,0.0,0.0,0.0,0.0,0.0,1.0,0.0,0.0,588.0,1127.0,588.0,345744.0,594.6638230234385,0.0,0.0,0.0,0.0,0.0,0.0,0.0,0.0,0.0,0.0,0.0,0.0,0.0,0.0,0.0,0.0,2439.9595111608505
20,6000000000000,588.0,588.0,588.0,588.0,588.0,588,24.0,24.0,24.0,24.0,24.0,588,0.0,0.0,0.0,0.0,0.0,588,3.0,9.0,4.488095238095238,4.0,7.0,588,0.0,0.0,0.0,0.0,0.0,0,0.0,0.0,0.0,0.0,0.0,0,1.0,1.0,1.0,1.0,1.0,552,0.9999999999999997,1.0000000000000004,1.0,1.0,1.0000000000000002,552,1.0,1.7272727272727273,1.0196094606629853,1.0,1.1428571428571428,552,0.9999999999999997,1.0000000000000004,1.0,1.0,1.0000000000000002,552,552.0,0.0,0.0,0.0,552.0,552.0,0.0,0.0,0.0,0.0,0.0,0.0,1.0,0.0,0.0,588.0,1127.0,588.0,345744.0,601.4606337994337,0.0,0.0,0.0,0.0,0.0,0.0,0.0,0.0,0.0,0.0,0.0,0.0,0.0,0.0,0.0,0.0,2427.4024795740843
21,6300000000000,588.0,588.0,588.0,588.0,588.0,588,24.0,24.0,24.0,24.0,24.0,588,0.0,0.0,0.0,0.0,0.0,588,3.0,9.0,4.494897959183674,4.0,7.0,588,0.0,0.0,0.0,0.0,0.0,0,0.0,0.0,0.0,0.0,0.0,0,1.0,1.0,1.0,1.0,1.0,552,0.9999999999999998,1.0000000000000004,1.0,1.0,1.0000000000000002,552,1.0,1.6363636363636365,1.0204670565836769,1.0,1.1666666666666667,552,0.9999999999999998,1.0000000000000004,1.0,1.0,1.0000000000000002,552,552.0,0.0,0.0,0.0,552.0,552.0,0.0,0.0,0.0,0.0,0.0,0.0,1.0,0.0,0.0,588.0,1127.0,588.0,345744.0,572.0589403063059,0.0,0.0,0.0,0.0,0.0,0.0,0.0,0.0,0.0,0.0,0.0,0.0,0.0,0.0,0.0,0.0,2405.942713841796
22,6600000000000,588.0,588.0,588.0,588.0,588.0,588,24.0,24.0,24.0,24.0,24.0,588,0.0,0.0,0.0,0.0,0.0,588,3.0,10.0,4.493197278911564,4.0,7.0,588,0.0,0.0,0.0,0.0,0.0,0,0.0,0.0,0.0,0.0,0.0,0,1.0,1.0,1.0,1.0,1.0,552,0.9999999999999998,1.0000000000000002,1.0,1.0,1.0000000000000002,552,1.0,1.7272727272727273,1.0144615924603833,1.0,1.1049999999999993,552,0.9999999999999998,1.0000000000000002,1.0,1.0,1.0000000000000002,552,552.0,0.0,0.0,0.0,552.0,552.0,0.0,0.0,0.0,0.0,0.0,0.0,1.0,0.0,0.0,588.0,1127.0,588.0,345744.0,580.9148252010345,0.0,0.0,0.0,0.0,0.0,0.0,0.0,0.0,0.0,0.0,0.0,0.0,0.0,0.0,0.0,0.0,2411.9563940912485
23,6900000000000,588.0,588.0,588.0,588.0,588.0,588,24.0,24.0,24.0,24.0,24.0,588,0.0,0.0,0.0,0.0,0.0,588,3.0,10.0,4.488095238095238,4.0,7.0,588,0.0,0.0,0.0,0.0,0.0,0,0.0,0.0,0.0,0.0,0.0,0,1.0,1.0,1.0,1.0,1.0,552,0.9999999999999997,1.0000000000000002,1.0,1.0,1.0000000000000002,552,1.0,1.7272727272727273,1.0179163555233808,1.0,1.133035714285713,552,0.9999999999999997,1.0000000000000002,1.0,1.0,1.0000000000000002,552,552.0,0.0,0.0,0.0,552.0,552.0,0.0,0.0,0.0,0.0,0.0,0.0,1.0,0.0,0.0,588.0,1127.0,588.0,345744.0,572.9382205754519,0.0,0.0,0.0,0.0,0.0,0.0,0.0,0.0,0.0,0.0,0.0,0.0,0.0,0.0,0.0,0.0,2387.052768841386
24,7200000000000,588.0,588.0,588.0,588.0,588.0,588,24.0,24.0,24.0,24.0,24.0,588,0.0,0.0,0.0,0.0,0.0,588,3.0,10.0,4.491496598639456,4.0,7.0,588,0.0,0.0,0.0,0.0,0.0,0,0.0,0.0,0.0,0.0,0.0,0,1.0,1.0,1.0,1.0,1.0,552,0.9999999999999997,1.0000000000000004,1.0,1.0,1.0000000000000002,552,1.0,1.7272727272727273,1.015604390395547,1.0,1.1173611111111101,552,0.9999999999999997,1.0000000000000004,1.0,1.0,1.0000000000000002,552,552.0,0.0,0.0,0.0,552.0,552.0,0.0,0.0,0.0,0.0,0.0,0.0,1.0,0.0,0.0,588.0,1127.0,588.0,345744.0,613.8437353074551,0.0,0.0,0.0,0.0,0.0,0.0,0.0,0.0,0.0,0.0,0.0,0.0,0.0,0.0,0.0,0.0,2444.7880387306213
25,7500000000000,588.0,588.0,588.0,588.0,588.0,588,24.0,24.0,24.0,24.0,24.0,588,0.0,0.0,0.0,0.0,0.0,588,3.0,10.0,4.51360544217687,4.0,7.0,588,0.0,0.0,0.0,0.0,0.0,0,0.0,0.0,0.0,0.0,0.0,0,1.0,1.0,1.0,1.0,1.0,552,0.9999999999999996,1.0000000000000002,1.0,1.0,1.0000000000000002,552,1.0,1.6363636363636365,1.017610838545398,1.0,1.125,552,0.9999999999999996,1.0000000000000002,1.0,1.0,1.0000000000000002,552,552.0,0.0,0.0,0.0,552.0,552.0,0.0,0.0,0.0,0.0,0.0,0.0,1.0,0.0,0.0,588.0,1127.0,588.0,345744.0,617.5666060298681,0.0,0.0,0.0,0.0,0.0,0.0,0.0,0.0,0.0,0.0,0.0,0.0,0.0,0.0,0.0,0.0,2521.182706579566
26,7800000000000,588.0,588.0,588.0,588.0,588.0,588,24.0,24.0,24.0,24.0,24.0,588,0.0,0.0,0.0,0.0,0.0,588,3.0,10.0,4.51530612244898,4.0,7.0,588,0.0,0.0,0.0,0.0,0.0,0,0.0,0.0,0.0,0.0,0.0,0,1.0,1.0,1.0,1.0,1.0,552,0.9999999999999997,1.0000000000000002,1.0,1.0,1.0000000000000002,552,1.0,1.7272727272727273,1.0180580928468657,1.0,1.147802197802197,552,0.9999999999999997,1.0000000000000002,1.0,1.0,1.0000000000000002,552,552.0,0.0,0.0,0.0,552.0,552.0,0.0,0.0,0.0,0.0,0.0,0.0,1.0,0.0,0.0,588.0,1127.0,588.0,345744.0,594.8024149984121,0.0,0.0,0.0,0.0,0.0,0.0,0.0,0.0,0.0,0.0,0.0,0.0,0.0,0.0,0.0,0.0,2474.859105423093
27,8100000000000,588.0,588.0,588.0,588.0,588.0,588,24.0,24.0,24.0,24.0,24.0,588,0.0,0.0,0.0,0.0,0.0,588,3.0,10.0,4.5187074829931975,4.0,7.0,588,0.0,0.0,0.0,0.0,0.0,0,0.0,0.0,0.0,0.0,0.0,0,1.0,1.0,1.0,1.0,1.0,552,0.9999999999999998,1.0000000000000002,1.0,1.0,1.0000000000000002,552,1.0,1.5833333333333333,1.0154368914523593,1.0,1.1111111111111112,552,0.9999999999999998,1.0000000000000002,1.0,1.0,1.0000000000000002,552,552.0,0.0,0.0,0.0,552.0,552.0,0.0,0.0,0.0,0.0,0.0,0.0,1.0,0.0,0.0,588.0,1127.0,588.0,345744.0,602.7244385331869,0.0,0.0,0.0,0.0,0.0,0.0,0.0,0.0,0.0,0.0,0.0,0.0,0.0,0.0,0.0,0.0,2497.495783492923
28,8400000000000,588.0,588.0,588.0,588.0,588.0,588,24.0,24.0,24.0,24.0,24.0,588,0.0,0.0,0.0,0.0,0.0,588,3.0,10.0,4.4982993197278915,4.0,7.0,588,0.0,0.0,0.0,0.0,0.0,0,0.0,0.0,0.0,0.0,0.0,0,1.0,1.0,1.0,1.0,1.0,552,0.9999999999999997,1.0000000000000004,1.0,1.0,1.0000000000000002,552,1.0,1.6363636363636365,1.0160669484215574,1.0,1.1111111111111112,552,0.9999999999999997,1.0000000000000004,1.0,1.0,1.0000000000000002,552,552.0,0.0,0.0,0.0,552.0,552.0,0.0,0.0,0.0,0.0,0.0,0.0,1.0,0.0,0.0,588.0,1127.0,588.0,345744.0,636.1695770174265,0.0,0.0,0.0,0.0,0.0,0.0,0.0,0.0,0.0,0.0,0.0,0.0,0.0,0.0,0.0,0.0,2478.996478021145
29,8700000000000,588.0,588.0,588.0,588.0,588.0,588,24.0,24.0,24.0,24.0,24.0,588,0.0,0.0,0.0,0.0,0.0,588,3.0,10.0,4.5,4.0,7.0,588,0.0,0.0,0.0,0.0,0.0,0,0.0,0.0,0.0,0.0,0.0,0,1.0,1.0,1.0,1.0,1.0,552,0.9999999999999997,1.0000000000000004,1.0,1.0,1.0000000000000002,552,1.0,1.5454545454545454,1.0109515877429207,1.0,1.0909090909090908,552,0.9999999999999997,1.0000000000000004,1.0,1.0,1.0000000000000002,552,552.0,0.0,0.0,0.0,552.0,552.0,0.0,0.0,0.0,0.0,0.0,0.0,1.0,0.0,0.0,588.0,1127.0,588.0,345744.0,564.1727242618799,0.0,0.0,0.0,0.0,0.0,0.0,0.0,0.0,0.0,0.0,0.0,0.0,0.0,0.0,0.0,0.0,2420.840846374631
30,9000000000000,588.0,588.0,588.0,588.0,588.0,588,24.0,24.0,24.0,24.0,24.0,588,0.0,0.0,0.0,0.0,0.0,588,3.0,10.0,4.503401360544218,4.0,7.0,588,0.0,0.0,0.0,0.0,0.0,0,0.0,0.0,0.0,0.0,0.0,0,1.0,1.0,1.0,1.0,1.0,552,0.9999999999999996,1.0000000000000002,1.0,1.0,1.0000000000000002,552,1.0,1.5454545454545454,1.0126233512982235,1.0,1.1049999999999993,552,0.9999999999999996,1.0000000000000002,1.0,1.0,1.0000000000000002,552,552.0,0.0,0.0,0.0,552.0,552.0,0.0,0.0,0.0,0.0,0.0,0.0,1.0,0.0,0.0,588.0,1127.0,588.0,345744.0,678.1079489737749,0.0,0.0,0.0,0.0,0.0,0.0,0.0,0.0,0.0,0.0,0.0,0.0,0.0,0.0,0.0,0.0,2529.3842665851116
31,9300000000000,588.0,588.0,588.0,588.0,588.0,588,24.0,24.0,24.0,24.0,24.0,588,0.0,0.0,0.0,0.0,0.0,588,3.0,9.0,4.505102040816326,4.0,7.0,588,0.0,0.0,0.0,0.0,0.0,0,0.0,0.0,0.0,0.0,0.0,0,1.0,1.0,1.0,1.0,1.0,552,0.9999999999999997,1.0000000000000002,1.0,1.0,1.0000000000000002,552,1.0,1.5454545454545454,1.0139562149885573,1.0,1.1111111111111112,552,0.9999999999999997,1.0000000000000002,1.0,1.0,1.0000000000000002,552,552.0,0.0,0.0,0.0,552.0,552.0,0.0,0.0,0.0,0.0,0.0,0.0,1.0,0.0,0.0,588.0,1127.0,588.0,345744.0,691.2301164120436,0.0,0.0,0.0,0.0,0.0,0.0,0.0,0.0,0.0,0.0,0.0,0.0,0.0,0.0,0.0,0.0,2566.627260297537
32,9600000000000,588.0,588.0,588.0,588.0,588.0,588,24.0,24.0,24.0,24.0,24.0,588,0.0,0.0,0.0,0.0,0.0,588,3.0,9.0,4.496598639455782,4.0,7.0,588,0.0,0.0,0.0,0.0,0.0,0,0.0,0.0,0.0,0.0,0.0,0,1.0,1.0,1.0,1.0,1.0,552,0.9999999999999997,1.0000000000000002,1.0,1.0,1.0000000000000002,552,1.0,1.4545454545454546,1.0152603577705483,1.0,1.1111111111111112,552,0.9999999999999997,1.0000000000000002,1.0,1.0,1.0000000000000002,552,552.0,0.0,0.0,0.0,552.0,552.0,0.0,0.0,0.0,0.0,0.0,0.0,1.0,0.0,0.0,588.0,1127.0,588.0,345744.0,626.004908233881,0.0,0.0,0.0,0.0,0.0,0.0,0.0,0.0,0.0,0.0,0.0,0.0,0.0,0.0,0.0,0.0,2476.3807132840157
33,9900000000000,588.0,588.0,588.0,588.0,588.0,588,24.0,24.0,24.0,24.0,24.0,588,0.0,0.0,0.0,0.0,0.0,588,3.0,9.0,4.5,4.0,7.0,588,0.0,0.0,0.0,0.0,0.0,0,0.0,0.0,0.0,0.0,0.0,0,1.0,1.0,1.0,1.0,1.0,552,0.9999999999999996,1.0000000000000002,1.0,1.0,1.0000000000000002,552,1.0,1.5454545454545454,1.0176240975708957,1.0,1.114052287581699,552,0.9999999999999996,1.0000000000000002,1.0,1.0,1.0000000000000002,552,552.0,0.0,0.0,0.0,552.0,552.0,0.0,0.0,0.0,0.0,0.0,0.0,1.0,0.0,0.0,588.0,1127.0,588.0,345744.0,659.0690687298775,0.0,0.0,0.0,0.0,0.0,0.0,0.0,0.0,0.0,0.0,0.0,0.0,0.0,0.0,0.0,0.0,2518.432466313243
34,10200000000000,588.0,588.0,588.0,588.0,588.0,588,24.0,24.0,24.0,24.0,24.0,588,0.0,0.0,0.0,0.0,0.0,588,3.0,9.0,4.505102040816326,4.0,7.0,588,0.0,0.0,0.0,0.0,0.0,0,0.0,0.0,0.0,0.0,0.0,0,1.0,1.0,1.0,1.0,1.0,552,0.9999999999999998,1.0000000000000002,1.0,1.0,1.0000000000000002,552,1.0,1.4545454545454546,1.0163123561070935,1.0,1.1111111111111112,552,0.9999999999999998,1.0000000000000002,1.0,1.0,1.0000000000000002,552,552.0,0.0,0.0,0.0,552.0,552.0,0.0,0.0,0.0,0.0,0.0,0.0,1.0,0.0,0.0,588.0,1127.0,588.0,345744.0,678.4620825201273,0.0,0.0,0.0,0.0,0.0,0.0,0.0,0.0,0.0,0.0,0.0,0.0,0.0,0.0,0.0,0.0,2537.571122869849
35,10500000000000,588.0,588.0,588.0,588.0,588.0,588,24.0,24.0,24.0,24.0,24.0,588,0.0,0.0,0.0,0.0,0.0,588,3.0,9.0,4.511904761904762,4.0,7.0,588,0.0,0.0,0.0,0.0,0.0,0,0.0,0.0,0.0,0.0,0.0,0,1.0,1.0,1.0,1.0,1.0,552,0.9999999999999997,1.0000000000000004,1.0,1.0,1.0000000000000002,552,1.0,1.5,1.0152945536091955,1.0,1.1111111111111112,552,0.9999999999999997,1.0000000000000004,1.0,1.0,1.0000000000000002,552,552.0,0.0,0.0,0.0,552.0,552.0,0.0,0.0,0.0,0.0,0.0,0.0,1.0,0.0,0.0,588.0,1127.0,588.0,345744.0,660.5050973594189,0.0,0.0,0.0,0.0,0.0,0.0,0.0,0.0,0.0,0.0,0.0,0.0,0.0,0.0,0.0,0.0,2531.450880691409
36,10800000000000,588.0,588.0,588.0,588.0,588.0,588,24.0,24.0,24.0,24.0,24.0,588,0.0,0.0,0.0,0.0,0.0,588,3.0,9.0,4.511904761904762,4.0,7.0,588,0.0,0.0,0.0,0.0,0.0,0,0.0,0.0,0.0,0.0,0.0,0,1.0,1.0,1.0,1.0,1.0,552,0.9999999999999997,1.0000000000000002,1.0,1.0,1.0000000000000002,552,1.0,1.5454545454545454,1.0169445794607743,1.0,1.125,552,0.9999999999999997,1.0000000000000002,1.0,1.0,1.0000000000000002,552,552.0,0.0,0.0,0.0,552.0,552.0,0.0,0.0,0.0,0.0,0.0,0.0,1.0,0.0,0.0,588.0,1127.0,588.0,345744.0,616.6582368314266,0.0,0.0,0.0,0.0,0.0,0.0,0.0,0.0,0.0,0.0,0.0,0.0,0.0,0.0,0.0,0.0,2511.542061343789
37,11100000000000,588.0,588.0,588.0,588.0,588.0,588,24.0,24.0,24.0,24.0,24.0,588,0.0,0.0,0.0,0.0,0.0,588,3.0,9.0,4.525510204081633,4.0,7.0,588,0.0,0.0,0.0,0.0,0.0,0,0.0,0.0,0.0,0.0,0.0,0,1.0,1.0,1.0,1.0,1.0,552,0.9999999999999998,1.0000000000000002,1.0,1.0,1.0000000000000002,552,1.0,1.4545454545454546,1.0205147125815137,1.0,1.1666666666666667,552,0.9999999999999998,1.0000000000000002,1.0,1.0,1.0000000000000002,552,552.0,0.0,0.0,0.0,552.0,552.0,0.0,0.0,0.0,0.0,0.0,0.0,1.0,0.0,0.0,588.0,1127.0,588.0,345744.0,700.1291643828154,0.0,0.0,0.0,0.0,0.0,0.0,0.0,0.0,0.0,0.0,0.0,0.0,0.0,0.0,0.0,0.0,2635.694470256567
38,11400000000000,588.0,588.0,588.0,588.0,588.0,588,24.0,24.0,24.0,24.0,24.0,588,0.0,0.0,0.0,0.0,0.0,588,3.0,9.0,4.508503401360544,4.0,7.0,588,0.0,0.0,0.0,0.0,0.0,0,0.0,0.0,0.0,0.0,0.0,0,1.0,1.0,1.0,1.0,1.0,552,0.9999999999999997,1.0000000000000002,1.0,1.0,1.0000000000000002,552,1.0,1.4545454545454546,1.019446568619503,1.0,1.1428571428571428,552,0.9999999999999997,1.0000000000000002,1.0,1.0,1.0000000000000002,552,552.0,0.0,0.0,0.0,552.0,552.0,0.0,0.0,0.0,0.0,0.0,0.0,1.0,0.0,0.0,588.0,1127.0,588.0,345744.0,643.073420971632,0.0,0.0,0.0,0.0,0.0,0.0,0.0,0.0,0.0,0.0,0.0,0.0,0.0,0.0,0.0,0.0,2564.355781301856
39,11700000000000,588.0,588.0,588.0,588.0,588.0,588,24.0,24.0,24.0,24.0,24.0,588,0.0,0.0,0.0,0.0,0.0,588,3.0,9.0,4.517006802721088,4.0,7.0,588,0.0,0.0,0.0,0.0,0.0,0,0.0,0.0,0.0,0.0,0.0,0,1.0,1.0,1.0,1.0,1.0,552,0.9999999999999996,1.0000000000000002,1.0,1.0,1.0000000000000002,552,1.0,1.5454545454545454,1.0176889357927068,1.0,1.1173611111111101,552,0.9999999999999996,1.0000000000000002,1.0,1.0,1.0000000000000002,552,552.0,0.0,0.0,0.0,552.0,552.0,0.0,0.0,0.0,0.0,0.0,0.0,1.0,0.0,0.0,588.0,1127.0,588.0,345744.0,602.9374040663242,0.0,0.0,0.0,0.0,0.0,0.0,0.0,0.0,0.0,0.0,0.0,0.0,0.0,0.0,0.0,0.0,2523.3106408268213
40,12000000000000,588.0,588.0,588.0,588.0,588.0,588,24.0,24.0,24.0,24.0,24.0,588,0.0,0.0,0.0,0.0,0.0,588,3.0,9.0,4.5187074829931975,4.0,7.0,588,0.0,0.0,0.0,0.0,0.0,0,0.0,0.0,0.0,0.0,0.0,0,1.0,1.0,1.0,1.0,1.0,552,0.9999999999999997,1.0000000000000004,1.0,1.0,1.0000000000000002,552,1.0,1.4545454545454546,1.0172801263690006,1.0,1.1111111111111112,552,0.9999999999999997,1.0000000000000004,1.0,1.0,1.0000000000000002,552,552.0,0.0,0.0,0.0,552.0,552.0,0.0,0.0,0.0,0.0,0.0,0.0,1.0,0.0,0.0,588.0,1127.0,588.0,345744.0,676.9465766847134,0.0,0.0,0.0,0.0,0.0,0.0,0.0,0.0,0.0,0.0,0.0,0.0,0.0,0.0,0.0,0.0,2543.655090034008
41,12300000000000,588.0,588.0,588.0,588.0,588.0,588,24.0,24.0,24.0,24.0,24.0,588,0.0,0.0,0.0,0.0,0.0,588,3.0,9.0,4.5187074829931975,4.0,7.0,588,0.0,0.0,0.0,0.0,0.0,0,0.0,0.0,0.0,0.0,0.0,0,1.0,1.0,1.0,1.0,1.0,552,0.9999999999999996,1.0000000000000004,1.0,1.0,1.0000000000000002,552,1.0,1.4545454545454546,1.020421590203788,1.0,1.153571428571427,552,0.9999999999999996,1.0000000000000004,1.0,1.0,1.0000000000000002,552,552.0,0.0,0.0,0.0,552.0,552.0,0.0,0.0,0.0,0.0,0.0,0.0,1.0,0.0,0.0,588.0,1127.0,588.0,345744.0,700.3331780433655,0.0,0.0,0.0,0.0,0.0,0.0,0.0,0.0,0.0,0.0,0.0,0.0,0.0,0.0,0.0,0.0,2557.1630764752626
42,12600000000000,588.0,588.0,588.0,588.0,588.0,588,24.0,24.0,24.0,24.0,24.0,588,0.0,0.0,0.0,0.0,0.0,588,3.0,9.0,4.505102040816326,4.0,7.0,588,0.0,0.0,0.0,0.0,0.0,0,0.0,0.0,0.0,0.0,0.0,0,1.0,1.0,1.0,1.0,1.0,552,0.9999999999999997,1.0000000000000004,1.0,1.0,1.0000000000000002,552,1.0,1.4545454545454546,1.0221429119198604,1.0,1.1666666666666667,552,0.9999999999999997,1.0000000000000004,1.0,1.0,1.0000000000000002,552,552.0,0.0,0.0,0.0,552.0,552.0,0.0,0.0,0.0,0.0,0.0,0.0,1.0,0.0,0.0,588.0,1127.0,588.0,345744.0,726.8177401274443,0.0,0.0,0.0,0.0,0.0,0.0,0.0,0.0,0.0,0.0,0.0,0.0,0.0,0.0,0.0,0.0,2420.9137316793203
43,12900000000000,588.0,588.0,588.0,588.0,588.0,588,24.0,24.0,24.0,24.0,24.0,588,0.0,0.0,0.0,0.0,0.0,588,3.0,9.0,4.51530612244898,4.0,7.0,588,0.0,0.0,0.0,0.0,0.0,0,0.0,0.0,0.0,0.0,0.0,0,1.0,1.0,1.0,1.0,1.0,552,0.9999999999999997,1.0000000000000002,1.0,1.0,1.0000000000000002,552,1.0,1.4545454545454546,1.021185633271709,1.0,1.1666666666666667,552,0.9999999999999997,1.0000000000000002,1.0,1.0,1.0000000000000002,552,552.0,0.0,0.0,0.0,552.0,552.0,0.0,0.0,0.0,0.0,0.0,0.0,1.0,0.0,0.0,588.0,1127.0,588.0,345744.0,755.7903733104467,0.0,0.0,0.0,0.0,0.0,0.0,0.0,0.0,0.0,0.0,0.0,0.0,0.0,0.0,0.0,0.0,2659.376522526145
44,13200000000000,588.0,588.0,588.0,588.0,588.0,588,24.0,24.0,24.0,24.0,24.0,588,0.0,0.0,0.0,0.0,0.0,588,3.0,9.0,4.51530612244898,4.0,7.0,588,0.0,0.0,0.0,0.0,0.0,0,0.0,0.0,0.0,0.0,0.0,0,1.0,1.0,1.0,1.0,1.0,552,0.9999999999999997,1.0000000000000004,1.0,1.0,1.0000000000000002,552,1.0,1.6,1.0232518842432214,1.0,1.1666666666666667,552,0.9999999999999997,1.0000000000000004,1.0,1.0,1.0000000000000002,552,552.0,0.0,0.0,0.0,552.0,552.0,0.0,0.0,0.0,0.0,0.0,0.0,1.0,0.0,0.0,588.0,1127.0,588.0,345744.0,619.2142255604267,0.0,0.0,0.0,0.0,0.0,0.0,0.0,0.0,0.0,0.0,0.0,0.0,0.0,0.0,0.0,0.0,2489.1701322048903
45,13500000000000,588.0,588.0,588.0,588.0,588.0,588,24.0,24.0,24.0,24.0,24.0,588,0.0,0.0,0.0,0.0,0.0,588,3.0,9.0,4.511904761904762,4.0,7.0,588,0.0,0.0,0.0,0.0,0.0,0,0.0,0.0,0.0,0.0,0.0,0,1.0,1.0,1.0,1.0,1.0,552,0.9999999999999997,1.0000000000000002,1.0,1.0,1.0000000000000002,552,1.0,1.6,1.022643758890701,1.0,1.1666666666666667,552,0.9999999999999997,1.0000000000000002,1.0,1.0,1.0000000000000002,552,552.0,0.0,0.0,0.0,552.0,552.0,0.0,0.0,0.0,0.0,0.0,0.0,1.0,0.0,0.0,588.0,1127.0,588.0,345744.0,660.5882905423641,0.0,0.0,0.0,0.0,0.0,0.0,0.0,0.0,0.0,0.0,0.0,0.0,0.0,0.0,0.0,0.0,2549.351366236806
46,13800000000000,588.0,588.0,588.0,588.0,588.0,588,24.0,24.0,24.0,24.0,24.0,588,0.0,0.0,0.0,0.0,0.0,588,3.0,9.0,4.508503401360544,4.0,7.0,588,0.0,0.0,0.0,0.0,0.0,0,0.0,0.0,0.0,0.0,0.0,0,1.0,1.0,1.0,1.0,1.0,552,0.9999999999999997,1.0000000000000004,1.0,1.0,1.0000000000000002,552,1.0,1.8,1.0219145554987632,1.0,1.1666666666666667,552,0.9999999999999997,1.0000000000000004,1.0,1.0,1.0000000000000002,552,552.0,0.0,0.0,0.0,552.0,552.0,0.0,0.0,0.0,0.0,0.0,0.0,1.0,0.0,0.0,588.0,1127.0,588.0,345744.0,589.2664026468992,0.0,0.0,0.0,0.0,0.0,0.0,0.0,0.0,0.0,0.0,0.0,0.0,0.0,0.0,0.0,0.0,2439.375588670373
47,14100000000000,588.0,588.0,588.0,588.0,588.0,588,24.0,24.0,24.0,24.0,24.0,588,0.0,0.0,0.0,0.0,0.0,588,3.0,9.0,4.511904761904762,4.0,7.0,588,0.0,0.0,0.0,0.0,0.0,0,0.0,0.0,0.0,0.0,0.0,0,1.0,1.0,1.0,1.0,1.0,552,0.9999999999999997,1.0000000000000004,1.0,1.0,1.0000000000000002,552,1.0,1.7,1.0218125887147294,1.0,1.1666666666666667,552,0.9999999999999997,1.0000000000000004,1.0,1.0,1.0000000000000002,552,552.0,0.0,0.0,0.0,552.0,552.0,0.0,0.0,0.0,0.0,0.0,0.0,1.0,0.0,0.0,588.0,1127.0,588.0,345744.0,719.61709856987,0.0,0.0,0.0,0.0,0.0,0.0,0.0,0.0,0.0,0.0,0.0,0.0,0.0,0.0,0.0,0.0,2496.3459465652704
48,14400000000000,588.0,588.0,588.0,588.0,588.0,588,24.0,24.0,24.0,24.0,24.0,588,0.0,0.0,0.0,0.0,0.0,588,3.0,9.0,4.511904761904762,4.0,7.0,588,0.0,0.0,0.0,0.0,0.0,0,0.0,0.0,0.0,0.0,0.0,0,1.0,1.0,1.0,1.0,1.0,552,0.9999999999999997,1.0000000000000004,1.0,1.0,1.0000000000000002,552,1.0,1.6,1.021744766240114,1.0,1.1666666666666667,552,0.9999999999999997,1.0000000000000004,1.0,1.0,1.0000000000000002,552,552.0,0.0,0.0,0.0,552.0,552.0,0.0,0.0,0.0,0.0,0.0,0.0,1.0,0.0,0.0,588.0,1127.0,588.0,345744.0,1188.3644293993711,0.0,0.0,0.0,0.0,0.0,0.0,0.0,0.0,0.0,0.0,0.0,0.0,0.0,0.0,0.0,0.0,3353.948447853327
49,14700000000000,588.0,588.0,588.0,588.0,588.0,588,24.0,24.0,24.0,24.0,24.0,588,0.0,0.0,0.0,0.0,0.0,588,3.0,9.0,4.51360544217687,4.0,7.0,588,0.0,0.0,0.0,0.0,0.0,0,0.0,0.0,0.0,0.0,0.0,0,1.0,1.0,1.0,1.0,1.0,552,0.9999999999999996,1.0000000000000002,1.0,1.0,1.0000000000000002,552,1.0,1.6,1.0204831061994553,1.0,1.1596153846153838,552,0.9999999999999996,1.0000000000000002,1.0,1.0,1.0000000000000002,552,552.0,0.0,0.0,0.0,552.0,552.0,0.0,0.0,0.0,0.0,0.0,0.0,1.0,0.0,0.0,588.0,1127.0,588.0,345744.0,664.8192182183266,0.0,0.0,0.0,0.0,0.0,0.0,0.0,0.0,0.0,0.0,0.0,0.0,0.0,0.0,0.0,0.0,2377.4075005203485
50,15000000000000,588.0,588.0,588.0,588.0,588.0,588,24.0,24.0,24.0,24.0,24.0,588,0.0,0.0,0.0,0.0,0.0,588,3.0,9.0,4.522108843537415,4.0,7.0,588,0.0,0.0,0.0,0.0,0.0,0,0.0,0.0,0.0,0.0,0.0,0,1.0,1.0,1.0,1.0,1.0,552,0.9999999999999997,1.0000000000000002,1.0,1.0,1.0000000000000002,552,1.0,1.6,1.017672832054445,1.0,1.125,552,0.9999999999999997,1.0000000000000002,1.0,1.0,1.0000000000000002,552,552.0,0.0,0.0,0.0,552.0,552.0,0.0,0.0,0.0,0.0,0.0,0.0,1.0,0.0,0.0,588.0,1127.0,588.0,345744.0,654.2635336518288,0.0,0.0,0.0,0.0,0.0,0.0,0.0,0.0,0.0,0.0,0.0,0.0,0.0,0.0,0.0,0.0,2454.759066924453
51,15300000000000,588.0,588.0,588.0,588.0,588.0,588,24.0,24.0,24.0,24.0,24.0,588,0.0,0.0,0.0,0.0,0.0,588,3.0,9.0,4.520408163265306,4.0,7.0,588,0.0,0.0,0.0,0.0,0.0,0,0.0,0.0,0.0,0.0,0.0,0,1.0,1.0,1.0,1.0,1.0,552,0.9999999999999996,1.0000000000000004,1.0,1.0,1.0000000000000002,552,1.0,1.6,1.019020943564875,1.0,1.1618421052631573,552,0.9999999999999996,1.0000000000000004,1.0,1.0,1.0000000000000002,552,552.0,0.0,0.0,0.0,552.0,552.0,0.0,0.0,0.0,0.0,0.0,0.0,1.0,0.0,0.0,588.0,1127.0,588.0,345744.0,685.2804161608219,0.0,0.0,0.0,0.0,0.0,0.0,0.0,0.0,0.0,0.0,0.0,0.0,0.0,0.0,0.0,0.0,2571.7690903693438
52,15600000000000,588.0,588.0,588.0,588.0,588.0,588,24.0,24.0,24.0,24.0,24.0,588,0.0,0.0,0.0,0.0,0.0,588,3.0,9.0,4.517006802721088,4.0,7.0,588,0.0,0.0,0.0,0.0,0.0,0,0.0,0.0,0.0,0.0,0.0,0,1.0,1.0,1.0,1.0,1.0,552,0.9999999999999996,1.0000000000000004,1.0,1.0,1.0000000000000002,552,1.0,1.6,1.0201932546953456,1.0,1.1666666666666667,552,0.9999999999999996,1.0000000000000004,1.0,1.0,1.0000000000000002,552,552.0,0.0,0.0,0.0,552.0,552.0,0.0,0.0,0.0,0.0,0.0,0.0,1.0,0.0,0.0,588.0,1127.0,588.0,345744.0,714.0685319900513,0.0,0.0,0.0,0.0,0.0,0.0,0.0,0.0,0.0,0.0,0.0,0.0,0.0,0.0,0.0,0.0,2431.0301188379526
53,15900000000000,588.0,588.0,588.0,588.0,588.0,588,24.0,24.0,24.0,24.0,24.0,588,0.0,0.0,0.0,0.0,0.0,588,3.0,9.0,4.5017006802721085,4.0,7.0,588,0.0,0.0,0.0,0.0,0.0,0,0.0,0.0,0.0,0.0,0.0,0,1.0,1.0,1.0,1.0,1.0,552,0.9999999999999997,1.0000000000000004,1.0,1.0,1.0000000000000002,552,1.0,1.6,1.0212115809670705,1.0,1.1538461538461537,552,0.9999999999999997,1.0000000000000004,1.0,1.0,1.0000000000000002,552,552.0,0.0,0.0,0.0,552.0,552.0,0.0,0.0,0.0,0.0,0.0,0.0,1.0,0.0,0.0,588.0,1127.0,588.0,345744.0,639.2349861562252,0.0,0.0,0.0,0.0,0.0,0.0,0.0,0.0,0.0,0.0,0.0,0.0,0.0,0.0,0.0,0.0,2328.1234614551067
54,16200000000000,588.0,588.0,588.0,588.0,588.0,588,24.0,24.0,24.0,24.0,24.0,588,0.0,0.0,0.0,0.0,0.0,588,3.0,9.0,4.510204081632653,4.0,7.0,588,0.0,0.0,0.0,0.0,0.0,0,0.0,0.0,0.0,0.0,0.0,0,1.0,1.0,1.0,1.0,1.0,552,0.9999999999999996,1.0000000000000002,1.0,1.0,1.0000000000000002,552,1.0,1.6,1.0187892286360647,1.0,1.15,552,0.9999999999999996,1.0000000000000002,1.0,1.0,1.0000000000000002,552,552.0,0.0,0.0,0.0,552.0,552.0,0.0,0.0,0.0,0.0,0.0,0.0,1.0,0.0,0.0,588.0,1127.0,588.0,345744.0,672.4375635385513,0.0,0.0,0.0,0.0,0.0,0.0,0.0,0.0,0.0,0.0,0.0,0.0,0.0,0.0,0.0,0.0,2531.6078681498766
55,16500000000000,588.0,588.0,588.0,588.0,588.0,588,24.0,24.0,24.0,24.0,24.0,588,0.0,0.0,0.0,0.0,0.0,588,3.0,10.0,4.517006802721088,4.0,7.0,588,0.0,0.0,0.0,0.0,0.0,0,0.0,0.0,0.0,0.0,0.0,0,1.0,1.0,1.0,1.0,1.0,552,0.9999999999999997,1.0000000000000002,1.0,1.0,1.0000000000000002,552,1.0,1.6,1.0203818405826164,1.0,1.1574999999999989,552,0.9999999999999997,1.0000000000000002,1.0,1.0,1.0000000000000002,552,552.0,0.0,0.0,0.0,552.0,552.0,0.0,0.0,0.0,0.0,0.0,0.0,1.0,0.0,0.0,588.0,1127.0,588.0,345744.0,658.2118794322014,0.0,0.0,0.0,0.0,0.0,0.0,0.0,0.0,0.0,0.0,0.0,0.0,0.0,0.0,0.0,0.0,2616.685291752219
56,16800000000000,588.0,588.0,588.0,588.0,588.0,588,24.0,24.0,24.0,24.0,24.0,588,0.0,0.0,0.0,0.0,0.0,588,3.0,10.0,4.503401360544218,4.0,7.0,588,0.0,0.0,0.0,0.0,0.0,0,0.0,0.0,0.0,0.0,0.0,0,1.0,1.0,1.0,1.0,1.0,552,0.9999999999999996,1.0000000000000004,1.0,1.0,1.0000000000000002,552,1.0,1.6,1.0201533212376965,1.0,1.1666666666666667,552,0.9999999999999996,1.0000000000000004,1.0,1.0,1.0000000000000002,552,552.0,0.0,0.0,0.0,552.0,552.0,0.0,0.0,0.0,0.0,0.0,0.0,1.0,0.0,0.0,588.0,1127.0,588.0,345744.0,631.1714593321085,0.0,0.0,0.0,0.0,0.0,0.0,0.0,0.0,0.0,0.0,0.0,0.0,0.0,0.0,0.0,0.0,2324.520895257592
57,17100000000000,588.0,588.0,588.0,588.0,588.0,588,24.0,24.0,24.0,24.0,24.0,588,0.0,0.0,0.0,0.0,0.0,588,3.0,10.0,4.505102040816326,4.0,7.0,588,0.0,0.0,0.0,0.0,0.0,0,0.0,0.0,0.0,0.0,0.0,0,1.0,1.0,1.0,1.0,1.0,552,0.9999999999999997,1.0000000000000004,1.0,1.0,1.0000000000000002,552,1.0,1.5,1.0217709529662418,1.0,1.1666666666666667,552,0.9999999999999997,1.0000000000000004,1.0,1.0,1.0000000000000002,552,552.0,0.0,0.0,0.0,552.0,552.0,0.0,0.0,0.0,0.0,0.0,0.0,1.0,0.0,0.0,588.0,1127.0,588.0,345744.0,681.5829109400511,0.0,0.0,0.0,0.0,0.0,0.0,0.0,0.0,0.0,0.0,0.0,0.0,0.0,0.0,0.0,0.0,2358.8336315006018
58,17400000000000,588.0,588.0,588.0,588.0,588.0,588,24.0,24.0,24.0,24.0,24.0,588,0.0,0.0,0.0,0.0,0.0,588,3.0,10.0,4.51360544217687,4.0,7.0,588,0.0,0.0,0.0,0.0,0.0,0,0.0,0.0,0.0,0.0,0.0,0,1.0,1.0,1.0,1.0,1.0,552,0.9999999999999998,1.0000000000000002,1.0,1.0,1.0000000000000002,552,1.0,1.4,1.0158356230779335,1.0,1.125,552,0.9999999999999998,1.0000000000000002,1.0,1.0,1.0000000000000002,552,552.0,0.0,0.0,0.0,552.0,552.0,0.0,0.0,0.0,0.0,0.0,0.0,1.0,0.0,0.0,588.0,1127.0,588.0,345744.0,750.5610641092062,0.0,0.0,0.0,0.0,0.0,0.0,0.0,0.0,0.0,0.0,0.0,0.0,0.0,0.0,0.0,0.0,2713.244939222932
59,17700000000000,588.0,588.0,588.0,588.0,588.0,588,24.0,24.0,24.0,24.0,24.0,588,0.0,0.0,0.0,0.0,0.0,588,3.0,10.0,4.493197278911564,4.0,7.0,588,0.0,0.0,0.0,0.0,0.0,0,0.0,0.0,0.0,0.0,0.0,0,1.0,1.0,1.0,1.0,1.0,552,0.9999999999999996,1.0000000000000002,1.0,1.0,1.0000000000000002,552,1.0,1.5,1.0235407159357073,1.0,1.1666666666666667,552,0.9999999999999996,1.0000000000000002,1.0,1.0,1.0000000000000002,552,552.0,0.0,0.0,0.0,552.0,552.0,0.0,0.0,0.0,0.0,0.0,0.0,1.0,0.0,0.0,588.0,1127.0,588.0,345744.0,693.0309180170298,0.0,0.0,0.0,0.0,0.0,0.0,0.0,0.0,0.0,0.0,0.0,0.0,0.0,0.0,0.0,0.0,2589.694306254387
60,18000000000000,588.0,588.0,588.0,588.0,588.0,588,24.0,24.0,24.0,24.0,24.0,588,0.0,0.0,0.0,0.0,0.0,588,3.0,10.0,4.520408163265306,4.0,7.0,588,0.0,0.0,0.0,0.0,0.0,0,0.0,0.0,0.0,0.0,0.0,0,1.0,1.0,1.0,1.0,1.0,552,0.9999999999999997,1.0000000000000004,1.0,1.0,1.0000000000000002,552,1.0,1.5,1.0248882274526603,1.0,1.2,552,0.9999999999999997,1.0000000000000004,1.0,1.0,1.0000000000000002,552,552.0,0.0,0.0,0.0,552.0,552.0,0.0,0.0,0.0,0.0,0.0,0.0,1.0,0.0,0.0,588.0,1127.0,588.0,345744.0,623.2142839580774,0.0,0.0,0.0,0.0,0.0,0.0,0.0,0.0,0.0,0.0,0.0,0.0,0.0,0.0,0.0,0.0,2136.639405041933
61,18300000000000,588.0,588.0,588.0,588.0,588.0,588,24.0,24.0,24.0,24.0,24.0,588,0.0,0.0,0.0,0.0,0.0,588,3.0,10.0,4.517006802721088,4.0,7.0,588,0.0,0.0,0.0,0.0,0.0,0,0.0,0.0,0.0,0.0,0.0,0,1.0,1.0,1.0,1.0,1.0,552,0.9999999999999996,1.0000000000000004,1.0,1.0,1.0000000000000002,552,1.0,1.5,1.0184775662477155,1.0,1.153571428571427,552,0.9999999999999996,1.0000000000000004,1.0,1.0,1.0000000000000002,552,552.0,0.0,0.0,0.0,552.0,552.0,0.0,0.0,0.0,0.0,0.0,0.0,1.0,0.0,0.0,588.0,1127.0,588.0,345744.0,650.4856962710619,0.0,0.0,0.0,0.0,0.0,0.0,0.0,0.0,0.0,0.0,0.0,0.0,0.0,0.0,0.0,0.0,2490.2484230697155
62,18600000000000,588.0,588.0,588.0,588.0,588.0,588,24.0,24.0,24.0,24.0,24.0,588,0.0,0.0,0.0,0.0,0.0,588,3.0,10.0,4.522108843537415,4.0,7.0,588,0.0,0.0,0.0,0.0,0.0,0,0.0,0.0,0.0,0.0,0.0,0,1.0,1.0,1.0,1.0,1.0,552,0.9999999999999998,1.0000000000000002,1.0,1.0,1.0000000000000002,552,1.0,1.4666666666666666,1.0206384753173519,1.0,1.1734848484848475,552,0.9999999999999998,1.0000000000000002,1.0,1.0,1.0000000000000002,552,552.0,0.0,0.0,0.0,552.0,552.0,0.0,0.0,0.0,0.0,0.0,0.0,1.0,0.0,0.0,588.0,1127.0,588.0,345744.0,728.4510545432568,0.0,0.0,0.0,0.0,0.0,0.0,0.0,0.0,0.0,0.0,0.0,0.0,0.0,0.0,0.0,0.0,2679.740484803915
63,18900000000000,588.0,588.0,588.0,588.0,588.0,588,24.0,24.0,24.0,24.0,24.0,588,0.0,0.0,0.0,0.0,0.0,588,3.0,10.0,4.508503401360544,4.0,7.0,588,0.0,0.0,0.0,0.0,0.0,0,0.0,0.0,0.0,0.0,0.0,0,1.0,1.0,1.0,1.0,1.0,552,0.9999999999999997,1.0000000000000004,1.0,1.0,1.0000000000000002,552,1.0,1.3333333333333333,1.0219531210523158,1.0,1.1734848484848475,552,0.9999999999999997,1.0000000000000004,1.0,1.0,1.0000000000000002,552,552.0,0.0,0.0,0.0,552.0,552.0,0.0,0.0,0.0,0.0,0.0,0.0,1.0,0.0,0.0,588.0,1127.0,588.0,345744.0,655.12290969491,0.0,0.0,0.0,0.0,0.0,0.0,0.0,0.0,0.0,0.0,0.0,0.0,0.0,0.0,0.0,0.0,2447.5635048002005
64,19200000000000,588.0,588.0,588.0,588.0,588.0,588,24.0,24.0,24.0,24.0,24.0,588,0.0,0.0,0.0,0.0,0.0,588,3.0,10.0,4.505102040816326,4.0,7.0,588,0.0,0.0,0.0,0.0,0.0,0,0.0,0.0,0.0,0.0,0.0,0,1.0,1.0,1.0,1.0,1.0,552,0.9999999999999997,1.0000000000000004,1.0,1.0,1.0000000000000002,552,1.0,1.3333333333333333,1.0183462534727006,1.0,1.1428571428571428,552,0.9999999999999997,1.0000000000000004,1.0,1.0,1.0000000000000002,552,552.0,0.0,0.0,0.0,552.0,552.0,0.0,0.0,0.0,0.0,0.0,0.0,1.0,0.0,0.0,588.0,1127.0,588.0,345744.0,679.1606917977333,0.0,0.0,0.0,0.0,0.0,0.0,0.0,0.0,0.0,0.0,0.0,0.0,0.0,0.0,0.0,0.0,2596.3747035712004
65,19500000000000,588.0,588.0,588.0,588.0,588.0,588,24.0,24.0,24.0,24.0,24.0,588,0.0,0.0,0.0,0.0,0.0,588,3.0,9.0,4.503401360544218,4.0,7.0,588,0.0,0.0,0.0,0.0,0.0,0,0.0,0.0,0.0,0.0,0.0,0,1.0,1.0,1.0,1.0,1.0,552,0.9999999999999997,1.0000000000000002,1.0,1.0,1.0000000000000002,552,1.0,1.3636363636363635,1.018418396273769,1.0,1.1596153846153838,552,0.9999999999999997,1.0000000000000002,1.0,1.0,1.0000000000000002,552,552.0,0.0,0.0,0.0,552.0,552.0,0.0,0.0,0.0,0.0,0.0,0.0,1.0,0.0,0.0,588.0,1127.0,588.0,345744.0,546.4787892997265,0.0,0.0,0.0,0.0,0.0,0.0,0.0,0.0,0.0,0.0,0.0,0.0,0.0,0.0,0.0,0.0,2171.1618937551975
66,19800000000000,588.0,588.0,588.0,588.0,588.0,588,24.0,24.0,24.0,24.0,24.0,588,0.0,0.0,0.0,0.0,0.0,588,3.0,9.0,4.505102040816326,4.0,7.0,588,0.0,0.0,0.0,0.0,0.0,0,0.0,0.0,0.0,0.0,0.0,0,1.0,1.0,1.0,1.0,1.0,552,0.9999999999999997,1.0000000000000002,1.0,1.0,1.0000000000000002,552,1.0,1.7,1.0249688984236451,1.0,1.1710784313725484,552,0.9999999999999997,1.0000000000000002,1.0,1.0,1.0000000000000002,552,552.0,0.0,0.0,0.0,552.0,552.0,0.0,0.0,0.0,0.0,0.0,0.0,1.0,0.0,0.0,588.0,1127.0,588.0,345744.0,621.177215129137,0.0,0.0,0.0,0.0,0.0,0.0,0.0,0.0,0.0,0.0,0.0,0.0,0.0,0.0,0.0,0.0,2464.89654481411
67,20100000000000,588.0,588.0,588.0,588.0,588.0,588,24.0,24.0,24.0,24.0,24.0,588,0.0,0.0,0.0,0.0,0.0,588,3.0,10.0,4.51360544217687,4.0,7.0,588,0.0,0.0,0.0,0.0,0.0,0,0.0,0.0,0.0,0.0,0.0,0,1.0,1.0,1.0,1.0,1.0,552,0.9999999999999997,1.0000000000000004,1.0,1.0,1.0000000000000002,552,1.0,1.7,1.0257751062306297,1.0,1.2,552,0.9999999999999997,1.0000000000000004,1.0,1.0,1.0000000000000002,552,552.0,0.0,0.0,0.0,552.0,552.0,0.0,0.0,0.0,0.0,0.0,0.0,1.0,0.0,0.0,588.0,1127.0,588.0,345744.0,787.5391952693462,0.0,0.0,0.0,0.0,0.0,0.0,0.0,0.0,0.0,0.0,0.0,0.0,0.0,0.0,0.0,0.0,2669.0271832048893
68,20400000000000,588.0,588.0,588.0,588.0,588.0,588,24.0,24.0,24.0,24.0,24.0,588,0.0,0.0,0.0,0.0,0.0,588,3.0,10.0,4.508503401360544,4.0,7.0,588,0.0,0.0,0.0,0.0,0.0,0,0.0,0.0,0.0,0.0,0.0,0,1.0,1.0,1.0,1.0,1.0,552,0.9999999999999998,1.0000000000000002,1.0,1.0,1.0000000000000002,552,1.0,1.7,1.021642582934059,1.0,1.1734848484848475,552,0.9999999999999998,1.0000000000000002,1.0,1.0,1.0000000000000002,552,552.0,0.0,0.0,0.0,552.0,552.0,0.0,0.0,0.0,0.0,0.0,0.0,1.0,0.0,0.0,588.0,1127.0,588.0,345744.0,667.3678047955036,0.0,0.0,0.0,0.0,0.0,0.0,0.0,0.0,0.0,0.0,0.0,0.0,0.0,0.0,0.0,0.0,2580.037197098136
69,20700000000000,588.0,588.0,588.0,588.0,588.0,588,24.0,24.0,24.0,24.0,24.0,588,0.0,0.0,0.0,0.0,0.0,588,3.0,10.0,4.517006802721088,4.0,7.0,588,0.0,0.0,0.0,0.0,0.0,0,0.0,0.0,0.0,0.0,0.0,0,1.0,1.0,1.0,1.0,1.0,552,0.9999999999999996,1.0000000000000004,1.0,1.0,1.0000000000000002,552,1.0,1.7,1.0249096390225239,1.0,1.1818181818181819,552,0.9999999999999996,1.0000000000000004,1.0,1.0,1.0000000000000002,552,552.0,0.0,0.0,0.0,552.0,552.0,0.0,0.0,0.0,0.0,0.0,0.0,1.0,0.0,0.0,588.0,1127.0,588.0,345744.0,698.3470171689987,0.0,0.0,0.0,0.0,0.0,0.0,0.0,0.0,0.0,0.0,0.0,0.0,0.0,0.0,0.0,0.0,2587.0951879769564
70,21000000000000,588.0,588.0,588.0,588.0,588.0,588,24.0,24.0,24.0,24.0,24.0,588,0.0,0.0,0.0,0.0,0.0,588,3.0,10.0,4.506802721088436,4.0,7.0,588,0.0,0.0,0.0,0.0,0.0,0,0.0,0.0,0.0,0.0,0.0,0,1.0,1.0,1.0,1.0,1.0,552,0.9999999999999996,1.0000000000000002,1.0,1.0,1.0000000000000002,552,1.0,1.7,1.0205729771236984,1.0,1.1496240601503749,552,0.9999999999999996,1.0000000000000002,1.0,1.0,1.0000000000000002,552,552.0,0.0,0.0,0.0,552.0,552.0,0.0,0.0,0.0,0.0,0.0,0.0,1.0,0.0,0.0,588.0,1127.0,588.0,345744.0,602.0573377609253,0.0,0.0,0.0,0.0,0.0,0.0,0.0,0.0,0.0,0.0,0.0,0.0,0.0,0.0,0.0,0.0,2462.2959177941084
71,21300000000000,588.0,588.0,588.0,588.0,588.0,588,24.0,24.0,24.0,24.0,24.0,588,0.0,0.0,0.0,0.0,0.0,588,3.0,10.0,4.51360544217687,4.0,7.0,588,0.0,0.0,0.0,0.0,0.0,0,0.0,0.0,0.0,0.0,0.0,0,1.0,1.0,1.0,1.0,1.0,552,0.9999999999999997,1.0000000000000002,1.0,1.0,1.0000000000000002,552,1.0,1.7,1.021777556471004,1.0,1.1618421052631573,552,0.9999999999999997,1.0000000000000002,1.0,1.0,1.0000000000000002,552,552.0,0.0,0.0,0.0,552.0,552.0,0.0,0.0,0.0,0.0,0.0,0.0,1.0,0.0,0.0,588.0,1127.0,588.0,345744.0,663.1149705499411,0.0,0.0,0.0,0.0,0.0,0.0,0.0,0.0,0.0,0.0,0.0,0.0,0.0,0.0,0.0,0.0,2466.61526709795
