time_index,time_since_epoch_ns,fstate_size_min,fstate_size_max,fstate_size_mean,fstate_size_median,fstate_size_p95,fstate_size_count,strict_header_bytes_min,strict_header_bytes_max,strict_header_bytes_mean,strict_header_bytes_median,strict_header_bytes_p95,strict_header_bytes_count,stretch_hop_min,stretch_hop_max,stretch_hop_mean,stretch_hop_median,stretch_hop_p95,stretch_hop_count,stretch_dist_min,stretch_dist_max,stretch_dist_mean,stretch_dist_median,stretch_dist_p95,stretch_dist_count,explicit_failover_count,explicit_failover_delivered_count,explicit_failover_delivered_rate,explicit_failover_protected_repair_count,explicit_failover_protected_repair_rate,explicit_failover_broken_adj_count,explicit_failover_broken_adj_rate,explicit_failover_egress_not_visible_count,explicit_failover_egress_not_visible_rate,compute_time_ms
0,0,4.0,8.0,4.312283737024221,4.0,6.0,1156,0.0,0.0,0.0,0.0,0.0,0,1.0,1.0,1.0,1.0,1.0,552,0.9999999999999996,1.0000000000000002,1.0,1.0,1.0000000000000002,552,0.0,0.0,0.0,0.0,0.0,0.0,0.0,0.0,0.0,2976.4614291489124
1,60000000000,4.0,8.0,4.310553633217993,4.0,6.0,1156,0.0,0.0,0.0,0.0,0.0,0,1.0,1.0,1.0,1.0,1.0,552,0.9999999999999997,1.0000000000000004,1.0,1.0,1.0000000000000002,552,0.0,0.0,0.0,0.0,0.0,0.0,0.0,0.0,0.0,2802.7824237942696
2,120000000000,4.0,8.0,4.310553633217993,4.0,6.0,1156,0.0,0.0,0.0,0.0,0.0,0,1.0,1.0,1.0,1.0,1.0,552,0.9999999999999997,1.0000000000000002,1.0,1.0,1.0000000000000002,552,0.0,0.0,0.0,0.0,0.0,0.0,0.0,0.0,0.0,2818.0208522826433
3,180000000000,4.0,8.0,4.3088235294117645,4.0,6.0,1156,0.0,0.0,0.0,0.0,0.0,0,1.0,1.0,1.0,1.0,1.0,552,0.9999999999999997,1.0000000000000002,1.0,1.0,1.0000000000000002,552,0.0,0.0,0.0,0.0,0.0,0.0,0.0,0.0,0.0,2888.3526269346476
4,240000000000,4.0,8.0,4.304498269896194,4.0,6.0,1156,0.0,0.0,0.0,0.0,0.0,0,1.0,1.0,1.0,1.0,1.0,552,0.9999999999999997,1.0000000000000004,1.0,1.0,1.0000000000000002,552,0.0,0.0,0.0,0.0,0.0,0.0,0.0,0.0,0.0,2761.6264848038554
5,300000000000,4.0,8.0,4.314878892733564,4.0,6.0,1156,0.0,0.0,0.0,0.0,0.0,0,1.0,1.0,1.0,1.0,1.0,552,0.9999999999999997,1.0000216590123416,1.0000000875517536,1.0,1.0,552,0.0,0.0,0.0,0.0,0.0,0.0,0.0,0.0,0.0,2846.1906695738435
6,360000000000,4.0,8.0,4.307958477508651,4.0,6.0,1156,0.0,0.0,0.0,0.0,0.0,0,1.0,1.0,1.0,1.0,1.0,552,0.9999999999999997,1.0000000000000002,1.0,1.0,1.0000000000000002,552,0.0,0.0,0.0,0.0,0.0,0.0,0.0,0.0,0.0,2845.6994481384754
7,420000000000,4.0,8.0,4.307958477508651,4.0,6.0,1156,0.0,0.0,0.0,0.0,0.0,0,1.0,1.0,1.0,1.0,1.0,552,0.9999999999999997,1.0000000000000002,1.0,1.0,1.0000000000000002,552,0.0,0.0,0.0,0.0,0.0,0.0,0.0,0.0,0.0,2775.3416458144784
8,480000000000,4.0,8.0,4.314878892733564,4.0,6.0,1156,0.0,0.0,0.0,0.0,0.0,0,1.0,1.0,1.0,1.0,1.0,552,0.9999999999999998,1.0000000000000002,1.0,1.0,1.0000000000000002,552,0.0,0.0,0.0,0.0,0.0,0.0,0.0,0.0,0.0,2855.1978329196572
9,540000000000,4.0,8.0,4.302768166089965,4.0,6.0,1156,0.0,0.0,0.0,0.0,0.0,0,1.0,1.0,1.0,1.0,1.0,552,0.9999999999999997,1.0000000000000002,1.0,1.0,1.0000000000000002,552,0.0,0.0,0.0,0.0,0.0,0.0,0.0,0.0,0.0,2820.6084091216326
10,600000000000,4.0,8.0,4.311418685121107,4.0,6.0,1156,0.0,0.0,0.0,0.0,0.0,0,1.0,1.0,1.0,1.0,1.0,552,0.9999999999999998,1.0000000000000004,1.0,1.0,1.0000000000000002,552,0.0,0.0,0.0,0.0,0.0,0.0,0.0,0.0,0.0,2796.870093792677
11,660000000000,4.0,8.0,4.312283737024221,4.0,6.0,1156,0.0,0.0,0.0,0.0,0.0,0,1.0,1.0,1.0,1.0,1.0,552,0.9999999999999997,1.0000000000000004,1.0,1.0,1.0000000000000002,552,0.0,0.0,0.0,0.0,0.0,0.0,0.0,0.0,0.0,2846.609892323613
12,720000000000,4.0,8.0,4.301903114186851,4.0,6.0,1156,0.0,0.0,0.0,0.0,0.0,0,1.0,1.0,1.0,1.0,1.0,552,0.9999999999999998,1.0000000000000002,1.0,1.0,1.0000000000000002,552,0.0,0.0,0.0,0.0,0.0,0.0,0.0,0.0,0.0,2815.690156072378
13,780000000000,4.0,8.0,4.305363321799308,4.0,6.0,1156,0.0,0.0,0.0,0.0,0.0,0,1.0,1.0,1.0,1.0,1.0,552,0.9999999999999997,1.0000000000000004,1.0,1.0,1.0000000000000002,552,0.0,0.0,0.0,0.0,0.0,0.0,0.0,0.0,0.0,2784.4026247039437
14,840000000000,4.0,8.0,4.312283737024221,4.0,6.0,1156,0.0,0.0,0.0,0.0,0.0,0,1.0,1.0,1.0,1.0,1.0,552,0.9999999999999996,1.0000000000000004,1.0,1.0,1.0000000000000002,552,0.0,0.0,0.0,0.0,0.0,0.0,0.0,0.0,0.0,2831.172469072044
15,900000000000,4.0,8.0,4.305363321799308,4.0,6.0,1156,0.0,0.0,0.0,0.0,0.0,0,1.0,1.0,1.0,1.0,1.0,552,0.9999999999999997,1.0000000000000002,1.0,1.0,1.0,552,0.0,0.0,0.0,0.0,0.0,0.0,0.0,0.0,0.0,2812.1297927573323
16,960000000000,4.0,8.0,4.3157439446366785,4.0,6.0,1156,0.0,0.0,0.0,0.0,0.0,0,1.0,1.0,1.0,1.0,1.0,552,0.9999999999999998,1.0000000000000002,1.0,1.0,1.0000000000000002,552,0.0,0.0,0.0,0.0,0.0,0.0,0.0,0.0,0.0,2838.5869096964598
17,1020000000000,4.0,8.0,4.311418685121107,4.0,6.0,1156,0.0,0.0,0.0,0.0,0.0,0,1.0,1.0,1.0,1.0,1.0,552,0.9999999999999997,1.0000000000000004,1.0,1.0,1.0000000000000002,552,0.0,0.0,0.0,0.0,0.0,0.0,0.0,0.0,0.0,2821.1117973551154
18,1080000000000,4.0,8.0,4.303633217993079,4.0,6.0,1156,0.0,0.0,0.0,0.0,0.0,0,1.0,1.0,1.0,1.0,1.0,552,0.9999999999999997,1.0000000000000004,1.0,1.0,1.0000000000000002,552,0.0,0.0,0.0,0.0,0.0,0.0,0.0,0.0,0.0,2795.1281499117613
19,1140000000000,4.0,8.0,4.314878892733564,4.0,6.0,1156,0.0,0.0,0.0,0.0,0.0,0,1.0,1.0,1.0,1.0,1.0,552,0.9999999999999997,1.0000000000000002,1.0,1.0,1.0000000000000002,552,0.0,0.0,0.0,0.0,0.0,0.0,0.0,0.0,0.0,2823.58340267092
20,1200000000000,4.0,8.0,4.31401384083045,4.0,6.0,1156,0.0,0.0,0.0,0.0,0.0,0,1.0,1.0,1.0,1.0,1.0,552,0.9999999999999998,1.0000000000000002,1.0,1.0,1.0000000000000002,552,0.0,0.0,0.0,0.0,0.0,0.0,0.0,0.0,0.0,2823.777198791504
21,1260000000000,4.0,8.0,4.303633217993079,4.0,6.0,1156,0.0,0.0,0.0,0.0,0.0,0,1.0,1.0,1.0,1.0,1.0,552,0.9999999999999996,1.0000000000000004,1.0,1.0,1.0000000000000002,552,0.0,0.0,0.0,0.0,0.0,0.0,0.0,0.0,0.0,2823.098063468933
22,1320000000000,4.0,8.0,4.321799307958478,4.0,6.0,1156,0.0,0.0,0.0,0.0,0.0,0,1.0,1.0,1.0,1.0,1.0,552,0.9999999999999997,1.0000000000000002,1.0,1.0,1.0000000000000002,552,0.0,0.0,0.0,0.0,0.0,0.0,0.0,0.0,0.0,2856.9809095934033
23,1380000000000,4.0,8.0,4.31401384083045,4.0,6.0,1156,0.0,0.0,0.0,0.0,0.0,0,1.0,1.0,1.0,1.0,1.0,552,0.9999999999999998,1.0000000000000004,1.0,1.0,1.0000000000000002,552,0.0,0.0,0.0,0.0,0.0,0.0,0.0,0.0,0.0,2800.7743693888187
24,1440000000000,4.0,8.0,4.303633217993079,4.0,6.0,1156,0.0,0.0,0.0,0.0,0.0,0,1.0,1.0,1.0,1.0,1.0,552,0.9999999999999997,1.0000000000000004,1.0,1.0,1.0000000000000002,552,0.0,0.0,0.0,0.0,0.0,0.0,0.0,0.0,0.0,2807.02842772007
25,1500000000000,4.0,8.0,4.310553633217993,4.0,6.0,1156,0.0,0.0,0.0,0.0,0.0,0,1.0,1.0,1.0,1.0,1.0,552,0.9999999999999998,1.0000000000000002,1.0,1.0,1.0000000000000002,552,0.0,0.0,0.0,0.0,0.0,0.0,0.0,0.0,0.0,2793.656103312969
26,1560000000000,4.0,8.0,4.3157439446366785,4.0,6.0,1156,0.0,0.0,0.0,0.0,0.0,0,1.0,1.0,1.0,1.0,1.0,552,0.9999999999999997,1.0000000000000002,1.0,1.0,1.0,552,0.0,0.0,0.0,0.0,0.0,0.0,0.0,0.0,0.0,2887.1269915252924
27,1620000000000,4.0,8.0,4.311418685121107,4.0,6.0,1156,0.0,0.0,0.0,0.0,0.0,0,1.0,1.0,1.0,1.0,1.0,552,0.9999999999999997,1.0000000000000004,1.0,1.0,1.0000000000000002,552,0.0,0.0,0.0,0.0,0.0,0.0,0.0,0.0,0.0,2826.7232477664948
28,1680000000000,4.0,8.0,4.3088235294117645,4.0,6.0,1156,0.0,0.0,0.0,0.0,0.0,0,1.0,1.0,1.0,1.0,1.0,552,0.9999999999999997,1.0000000000000002,1.0,1.0,1.0000000000000002,552,0.0,0.0,0.0,0.0,0.0,0.0,0.0,0.0,0.0,2793.3836514130235
29,1740000000000,4.0,8.0,4.314878892733564,4.0,6.0,1156,0.0,0.0,0.0,0.0,0.0,0,1.0,1.0,1.0,1.0,1.0,552,0.9999999999999998,1.0000000000000002,1.0,1.0,1.0000000000000002,552,0.0,0.0,0.0,0.0,0.0,0.0,0.0,0.0,0.0,2796.3844519108534
30,1800000000000,4.0,8.0,4.313148788927336,4.0,6.0,1156,0.0,0.0,0.0,0.0,0.0,0,1.0,1.0,1.0,1.0,1.0,552,0.9999999999999998,1.0000000000000002,1.0,1.0,1.0000000000000002,552,0.0,0.0,0.0,0.0,0.0,0.0,0.0,0.0,0.0,2840.0290897116065
31,1860000000000,4.0,8.0,4.314878892733564,4.0,6.0,1156,0.0,0.0,0.0,0.0,0.0,0,1.0,1.0,1.0,1.0,1.0,552,0.9999999999999997,1.0000000000000002,1.0,1.0,1.0000000000000002,552,0.0,0.0,0.0,0.0,0.0,0.0,0.0,0.0,0.0,2820.81451267004
32,1920000000000,4.0,8.0,4.314878892733564,4.0,6.0,1156,0.0,0.0,0.0,0.0,0.0,0,1.0,1.0,1.0,1.0,1.0,552,0.9999999999999996,1.0000000000000002,1.0,1.0,1.0000000000000002,552,0.0,0.0,0.0,0.0,0.0,0.0,0.0,0.0,0.0,2793.246554210782
33,1980000000000,4.0,8.0,4.307958477508651,4.0,6.0,1156,0.0,0.0,0.0,0.0,0.0,0,1.0,1.0,1.0,1.0,1.0,552,0.9999999999999996,1.0000000000000002,1.0,1.0,1.0000000000000002,552,0.0,0.0,0.0,0.0,0.0,0.0,0.0,0.0,0.0,2783.2975890487432
34,2040000000000,4.0,8.0,4.3088235294117645,4.0,6.0,1156,0.0,0.0,0.0,0.0,0.0,0,1.0,1.0,1.0,1.0,1.0,552,0.9999999999999997,1.0000000000000002,1.0,1.0,1.0000000000000002,552,0.0,0.0,0.0,0.0,0.0,0.0,0.0,0.0,0.0,2776.577734388411
35,2100000000000,4.0,8.0,4.312283737024221,4.0,6.0,1156,0.0,0.0,0.0,0.0,0.0,0,1.0,1.0,1.0,1.0,1.0,552,0.9999999999999997,1.0000000000000002,1.0,1.0,1.0000000000000002,552,0.0,0.0,0.0,0.0,0.0,0.0,0.0,0.0,0.0,2782.985576428473
36,2160000000000,4.0,8.0,4.309688581314879,4.0,6.0,1156,0.0,0.0,0.0,0.0,0.0,0,1.0,1.0,1.0,1.0,1.0,552,0.9999999999999996,1.0000000000000004,1.0,1.0,1.0000000000000002,552,0.0,0.0,0.0,0.0,0.0,0.0,0.0,0.0,0.0,2828.668935224414
37,2220000000000,4.0,8.0,4.312283737024221,4.0,6.0,1156,0.0,0.0,0.0,0.0,0.0,0,1.0,1.0,1.0,1.0,1.0,552,0.9999999999999997,1.0000000000000004,1.0,1.0,1.0000000000000002,552,0.0,0.0,0.0,0.0,0.0,0.0,0.0,0.0,0.0,2808.570315130055
38,2280000000000,4.0,8.0,4.3088235294117645,4.0,6.0,1156,0.0,0.0,0.0,0.0,0.0,0,1.0,1.0,1.0,1.0,1.0,552,0.9999999999999998,1.0000000000000004,1.0,1.0,1.0000000000000002,552,0.0,0.0,0.0,0.0,0.0,0.0,0.0,0.0,0.0,2764.729106798768
39,2340000000000,4.0,8.0,4.306228373702422,4.0,6.0,1156,0.0,0.0,0.0,0.0,0.0,0,1.0,1.0,1.0,1.0,1.0,552,0.9999999999999997,1.0000000000000002,1.0,1.0,1.0000000000000002,552,0.0,0.0,0.0,0.0,0.0,0.0,0.0,0.0,0.0,2795.5844504758716
40,2400000000000,4.0,8.0,4.311418685121107,4.0,6.0,1156,0.0,0.0,0.0,0.0,0.0,0,1.0,1.0,1.0,1.0,1.0,552,0.9999999999999997,1.0000000000000002,1.0,1.0,1.0000000000000002,552,0.0,0.0,0.0,0.0,0.0,0.0,0.0,0.0,0.0,2813.5410891845822
41,2460000000000,4.0,8.0,4.312283737024221,4.0,6.0,1156,0.0,0.0,0.0,0.0,0.0,0,1.0,1.0,1.0,1.0,1.0,552,0.9999999999999997,1.0000000000000002,1.0,1.0,1.0,552,0.0,0.0,0.0,0.0,0.0,0.0,0.0,0.0,0.0,2817.2403248026967
42,2520000000000,4.0,8.0,4.304498269896194,4.0,6.0,1156,0.0,0.0,0.0,0.0,0.0,0,1.0,1.0,1.0,1.0,1.0,552,0.9999999999999996,1.0000000000000002,1.0,1.0,1.0000000000000002,552,0.0,0.0,0.0,0.0,0.0,0.0,0.0,0.0,0.0,2759.9167292937636
43,2580000000000,4.0,8.0,4.310553633217993,4.0,6.0,1156,0.0,0.0,0.0,0.0,0.0,0,1.0,1.0,1.0,1.0,1.0,552,0.9999999999999998,1.0000000000000002,1.0,1.0,1.0000000000000002,552,0.0,0.0,0.0,0.0,0.0,0.0,0.0,0.0,0.0,2829.9604263156652
44,2640000000000,4.0,8.0,4.311418685121107,4.0,6.0,1156,0.0,0.0,0.0,0.0,0.0,0,1.0,1.0,1.0,1.0,1.0,552,0.9999999999999997,1.0000000000000002,1.0,1.0,1.0000000000000002,552,0.0,0.0,0.0,0.0,0.0,0.0,0.0,0.0,0.0,2816.6081765666604
45,2700000000000,4.0,8.0,4.301038062283737,4.0,6.0,1156,0.0,0.0,0.0,0.0,0.0,0,1.0,1.0,1.0,1.0,1.0,552,0.9999999999999998,1.0000000000000004,1.0,1.0,1.0000000000000002,552,0.0,0.0,0.0,0.0,0.0,0.0,0.0,0.0,0.0,2742.6920970901847
46,2760000000000,4.0,8.0,4.306228373702422,4.0,6.0,1156,0.0,0.0,0.0,0.0,0.0,0,1.0,1.0,1.0,1.0,1.0,552,0.9999999999999996,1.0000000000000004,1.0,1.0,1.0000000000000002,552,0.0,0.0,0.0,0.0,0.0,0.0,0.0,0.0,0.0,2783.218172378838
47,2820000000000,4.0,8.0,4.309688581314879,4.0,6.0,1156,0.0,0.0,0.0,0.0,0.0,0,1.0,1.0,1.0,1.0,1.0,552,0.9999999999999997,1.0000000000000004,1.0,1.0,1.0000000000000002,552,0.0,0.0,0.0,0.0,0.0,0.0,0.0,0.0,0.0,2797.631205059588
48,2880000000000,4.0,8.0,4.300173010380623,4.0,6.0,1156,0.0,0.0,0.0,0.0,0.0,0,1.0,1.0,1.0,1.0,1.0,552,0.9999999999999998,1.0000000000000004,1.0,1.0,1.0000000000000002,552,0.0,0.0,0.0,0.0,0.0,0.0,0.0,0.0,0.0,2754.9551194533706
49,2940000000000,4.0,8.0,4.306228373702422,4.0,6.0,1156,0.0,0.0,0.0,0.0,0.0,0,1.0,1.0,1.0,1.0,1.0,552,0.9999999999999996,1.0000000000000002,1.0,1.0,1.0,552,0.0,0.0,0.0,0.0,0.0,0.0,0.0,0.0,0.0,2762.898277491331
50,3000000000000,4.0,8.0,4.307093425605537,4.0,6.0,1156,0.0,0.0,0.0,0.0,0.0,0,1.0,1.0,1.0,1.0,1.0,552,0.9999999999999997,1.0000000000000002,1.0,1.0,1.0000000000000002,552,0.0,0.0,0.0,0.0,0.0,0.0,0.0,0.0,0.0,2794.054239988327
51,3060000000000,4.0,8.0,4.301903114186851,4.0,6.0,1156,0.0,0.0,0.0,0.0,0.0,0,1.0,1.0,1.0,1.0,1.0,552,0.9999999999999996,1.0000000000000002,1.0,1.0,1.0000000000000002,552,0.0,0.0,0.0,0.0,0.0,0.0,0.0,0.0,0.0,2726.8060138449073
52,3120000000000,4.0,8.0,4.3088235294117645,4.0,6.0,1156,0.0,0.0,0.0,0.0,0.0,0,1.0,1.0,1.0,1.0,1.0,552,0.9999999999999997,1.0000000000000004,1.0,1.0,1.0000000000000002,552,0.0,0.0,0.0,0.0,0.0,0.0,0.0,0.0,0.0,2790.0780821219087
53,3180000000000,4.0,8.0,4.305363321799308,4.0,5.25,1156,0.0,0.0,0.0,0.0,0.0,0,1.0,1.0,1.0,1.0,1.0,552,0.9999999999999996,1.0000000000000004,1.0,1.0,1.0000000000000002,552,0.0,0.0,0.0,0.0,0.0,0.0,0.0,0.0,0.0,2788.9003586024046
54,3240000000000,4.0,8.0,4.306228373702422,4.0,6.0,1156,0.0,0.0,0.0,0.0,0.0,0,1.0,1.0,1.0,1.0,1.0,552,0.9999999999999997,1.0000000000000004,1.0,1.0,1.0000000000000002,552,0.0,0.0,0.0,0.0,0.0,0.0,0.0,0.0,0.0,2783.3441039547324
55,3300000000000,4.0,8.0,4.3088235294117645,4.0,6.0,1156,0.0,0.0,0.0,0.0,0.0,0,1.0,1.0,1.0,1.0,1.0,552,0.9999999999999997,1.0000000000000004,1.0,1.0,1.0000000000000002,552,0.0,0.0,0.0,0.0,0.0,0.0,0.0,0.0,0.0,2810.058713890612
56,3360000000000,4.0,8.0,4.303633217993079,4.0,5.0,1156,0.0,0.0,0.0,0.0,0.0,0,1.0,1.0,1.0,1.0,1.0,552,0.9999999999999997,1.0000000000000002,1.0,1.0,1.0,552,0.0,0.0,0.0,0.0,0.0,0.0,0.0,0.0,0.0,2835.107311606407
57,3420000000000,4.0,8.0,4.306228373702422,4.0,6.0,1156,0.0,0.0,0.0,0.0,0.0,0,1.0,1.0,1.0,1.0,1.0,552,0.9999999999999997,1.0000000000000002,1.0,1.0,1.0000000000000002,552,0.0,0.0,0.0,0.0,0.0,0.0,0.0,0.0,0.0,2786.5443732589483
58,3480000000000,4.0,8.0,4.311418685121107,4.0,6.0,1156,0.0,0.0,0.0,0.0,0.0,0,1.0,1.0,1.0,1.0,1.0,552,0.9999999999999997,1.0000000000000004,1.0,1.0,1.0000000000000002,552,0.0,0.0,0.0,0.0,0.0,0.0,0.0,0.0,0.0,2803.6013320088387
59,3540000000000,4.0,8.0,4.305363321799308,4.0,6.0,1156,0.0,0.0,0.0,0.0,0.0,0,1.0,1.0,1.0,1.0,1.0,552,0.9999999999999997,1.0000000000000002,1.0,1.0,1.0000000000000002,552,0.0,0.0,0.0,0.0,0.0,0.0,0.0,0.0,0.0,2810.4363260790706
60,3600000000000,4.0,8.0,4.31401384083045,4.0,6.0,1156,0.0,0.0,0.0,0.0,0.0,0,1.0,1.0,1.0,1.0,1.0,552,0.9999999999999996,1.0000000000000004,1.0,1.0,1.0000000000000002,552,0.0,0.0,0.0,0.0,0.0,0.0,0.0,0.0,0.0,2812.044009566307
61,3660000000000,4.0,8.0,4.31401384083045,4.0,6.0,1156,0.0,0.0,0.0,0.0,0.0,0,1.0,1.0,1.0,1.0,1.0,552,0.9999999999999997,1.0000000000000002,1.0,1.0,1.0000000000000002,552,0.0,0.0,0.0,0.0,0.0,0.0,0.0,0.0,0.0,2862.726541236043
62,3720000000000,4.0,8.0,4.303633217993079,4.0,6.0,1156,0.0,0.0,0.0,0.0,0.0,0,1.0,1.0,1.0,1.0,1.0,552,0.9999999999999997,1.0000000000000004,1.0,1.0,1.0000000000000002,552,0.0,0.0,0.0,0.0,0.0,0.0,0.0,0.0,0.0,2798.1926249340177
63,3780000000000,4.0,8.0,4.312283737024221,4.0,6.0,1156,0.0,0.0,0.0,0.0,0.0,0,1.0,1.0,1.0,1.0,1.0,552,0.9999999999999997,1.0000000000000004,1.0,1.0,1.0000000000000002,552,0.0,0.0,0.0,0.0,0.0,0.0,0.0,0.0,0.0,2789.4715880975127
64,3840000000000,4.0,8.0,4.307958477508651,4.0,6.0,1156,0.0,0.0,0.0,0.0,0.0,0,1.0,1.0,1.0,1.0,1.0,552,0.9999999999999997,1.0000000000000004,1.0,1.0,1.0000000000000002,552,0.0,0.0,0.0,0.0,0.0,0.0,0.0,0.0,0.0,2832.389298826456
65,3900000000000,4.0,8.0,4.303633217993079,4.0,6.0,1156,0.0,0.0,0.0,0.0,0.0,0,1.0,1.0,1.0,1.0,1.0,552,0.9999999999999998,1.0000000000000004,1.0,1.0,1.0000000000000002,552,0.0,0.0,0.0,0.0,0.0,0.0,0.0,0.0,0.0,2766.5113545954227
66,3960000000000,4.0,8.0,4.313148788927336,4.0,6.0,1156,0.0,0.0,0.0,0.0,0.0,0,1.0,1.0,1.0,1.0,1.0,552,0.9999999999999997,1.0000000000000004,1.0,1.0,1.0000000000000002,552,0.0,0.0,0.0,0.0,0.0,0.0,0.0,0.0,0.0,2824.696769937873
67,4020000000000,4.0,8.0,4.306228373702422,4.0,6.0,1156,0.0,0.0,0.0,0.0,0.0,0,1.0,1.0,1.0,1.0,1.0,552,0.9999999999999997,1.0000000000000002,1.0,1.0,1.0,552,0.0,0.0,0.0,0.0,0.0,0.0,0.0,0.0,0.0,2785.60165502131
68,4080000000000,4.0,8.0,4.305363321799308,4.0,6.0,1156,0.0,0.0,0.0,0.0,0.0,0,1.0,1.0,1.0,1.0,1.0,552,0.9999999999999997,1.0000000000000002,1.0,1.0,1.0000000000000002,552,0.0,0.0,0.0,0.0,0.0,0.0,0.0,0.0,0.0,2774.639186449349
69,4140000000000,4.0,8.0,4.314878892733564,4.0,6.0,1156,0.0,0.0,0.0,0.0,0.0,0,1.0,1.0,1.0,1.0,1.0,552,0.9999999999999997,1.0000000000000002,1.0,1.0,1.0000000000000002,552,0.0,0.0,0.0,0.0,0.0,0.0,0.0,0.0,0.0,2811.686096712947
70,4200000000000,4.0,8.0,4.306228373702422,4.0,6.0,1156,0.0,0.0,0.0,0.0,0.0,0,1.0,1.0,1.0,1.0,1.0,552,0.9999999999999997,1.0000000000000002,1.0,1.0,1.0000000000000002,552,0.0,0.0,0.0,0.0,0.0,0.0,0.0,0.0,0.0,2792.8414149209857
71,4260000000000,4.0,8.0,4.3088235294117645,4.0,6.0,1156,0.0,0.0,0.0,0.0,0.0,0,1.0,1.0,1.0,1.0,1.0,552,0.9999999999999997,1.0000000000000004,1.0,1.0,1.0000000000000002,552,0.0,0.0,0.0,0.0,0.0,0.0,0.0,0.0,0.0,2806.7375533282757
72,4320000000000,4.0,8.0,4.313148788927336,4.0,6.0,1156,0.0,0.0,0.0,0.0,0.0,0,1.0,1.0,1.0,1.0,1.0,552,0.9999999999999996,1.0000000000000004,1.0,1.0,1.0000000000000002,552,0.0,0.0,0.0,0.0,0.0,0.0,0.0,0.0,0.0,2803.4245455637574
73,4380000000000,4.0,8.0,4.306228373702422,4.0,6.0,1156,0.0,0.0,0.0,0.0,0.0,0,1.0,1.0,1.0,1.0,1.0,552,0.9999999999999997,1.0000000000000002,1.0,1.0,1.0000000000000002,552,0.0,0.0,0.0,0.0,0.0,0.0,0.0,0.0,0.0,2788.21874409914
74,4440000000000,4.0,8.0,4.312283737024221,4.0,6.0,1156,0.0,0.0,0.0,0.0,0.0,0,1.0,1.0,1.0,1.0,1.0,552,0.9999999999999997,1.0000000000000002,1.0,1.0,1.0000000000000002,552,0.0,0.0,0.0,0.0,0.0,0.0,0.0,0.0,0.0,2848.1470020487905
75,4500000000000,4.0,8.0,4.311418685121107,4.0,6.0,1156,0.0,0.0,0.0,0.0,0.0,0,1.0,1.0,1.0,1.0,1.0,552,0.9999999999999997,1.0000000000000004,1.0,1.0,1.0000000000000002,552,0.0,0.0,0.0,0.0,0.0,0.0,0.0,0.0,0.0,2788.6225674301386
76,4560000000000,4.0,8.0,4.307093425605537,4.0,6.0,1156,0.0,0.0,0.0,0.0,0.0,0,1.0,1.0,1.0,1.0,1.0,552,0.9999999999999997,1.0000000000000004,1.0,1.0,1.0000000000000002,552,0.0,0.0,0.0,0.0,0.0,0.0,0.0,0.0,0.0,2805.6436348706484
77,4620000000000,4.0,8.0,4.318339100346021,4.0,6.0,1156,0.0,0.0,0.0,0.0,0.0,0,1.0,1.0,1.0,1.0,1.0,552,0.9999999999999997,1.0000000000000004,1.0,1.0,1.0000000000000002,552,0.0,0.0,0.0,0.0,0.0,0.0,0.0,0.0,0.0,2868.613543920219
78,4680000000000,4.0,8.0,4.309688581314879,4.0,6.0,1156,0.0,0.0,0.0,0.0,0.0,0,1.0,1.0,1.0,1.0,1.0,552,0.9999999999999997,1.0000000000000004,1.0,1.0,1.0000000000000002,552,0.0,0.0,0.0,0.0,0.0,0.0,0.0,0.0,0.0,2798.8013308495283
79,4740000000000,4.0,8.0,4.307958477508651,4.0,6.0,1156,0.0,0.0,0.0,0.0,0.0,0,1.0,1.0,1.0,1.0,1.0,552,0.9999999999999997,1.0000000000000002,1.0,1.0,1.0000000000000002,552,0.0,0.0,0.0,0.0,0.0,0.0,0.0,0.0,0.0,2799.9724838882685
80,4800000000000,4.0,8.0,4.314878892733564,4.0,6.0,1156,0.0,0.0,0.0,0.0,0.0,0,1.0,1.0,1.0,1.0,1.0,552,0.9999999999999996,1.0000000000000004,1.0,1.0,1.0000000000000002,552,0.0,0.0,0.0,0.0,0.0,0.0,0.0,0.0,0.0,2873.052309267223
81,4860000000000,4.0,8.0,4.309688581314879,4.0,6.0,1156,0.0,0.0,0.0,0.0,0.0,0,1.0,1.0,1.0,1.0,1.0,552,0.9999999999999998,1.0000000000000004,1.0,1.0,1.0000000000000002,552,0.0,0.0,0.0,0.0,0.0,0.0,0.0,0.0,0.0,2803.3538181334734
82,4920000000000,4.0,8.0,4.306228373702422,4.0,6.0,1156,0.0,0.0,0.0,0.0,0.0,0,1.0,1.0,1.0,1.0,1.0,552,0.9999999999999997,1.0000000000000004,1.0,1.0,1.0000000000000002,552,0.0,0.0,0.0,0.0,0.0,0.0,0.0,0.0,0.0,2772.377585992217
83,4980000000000,4.0,8.0,4.311418685121107,4.0,6.0,1156,0.0,0.0,0.0,0.0,0.0,0,1.0,1.0,1.0,1.0,1.0,552,0.9999999999999997,1.0000000000000002,1.0,1.0,1.0000000000000002,552,0.0,0.0,0.0,0.0,0.0,0.0,0.0,0.0,0.0,2830.2912563085556
84,5040000000000,4.0,8.0,4.310553633217993,4.0,6.0,1156,0.0,0.0,0.0,0.0,0.0,0,1.0,1.0,1.0,1.0,1.0,552,0.9999999999999996,1.0000000000000002,1.0,1.0,1.0000000000000002,552,0.0,0.0,0.0,0.0,0.0,0.0,0.0,0.0,0.0,2802.2217992693186
85,5100000000000,4.0,8.0,4.311418685121107,4.0,6.0,1156,0.0,0.0,0.0,0.0,0.0,0,1.0,1.0,1.0,1.0,1.0,552,0.9999999999999997,1.0000000000000002,1.0,1.0,1.0000000000000002,552,0.0,0.0,0.0,0.0,0.0,0.0,0.0,0.0,0.0,2834.518328309059
86,5160000000000,4.0,8.0,4.306228373702422,4.0,6.0,1156,0.0,0.0,0.0,0.0,0.0,0,1.0,1.0,1.0,1.0,1.0,552,0.9999999999999997,1.0000000000000002,1.0,1.0,1.0000000000000002,552,0.0,0.0,0.0,0.0,0.0,0.0,0.0,0.0,0.0,2807.641923427582
87,5220000000000,4.0,8.0,4.306228373702422,4.0,6.0,1156,0.0,0.0,0.0,0.0,0.0,0,1.0,1.0,1.0,1.0,1.0,552,0.9999999999999997,1.0000000000000002,1.0,1.0,1.0000000000000002,552,0.0,0.0,0.0,0.0,0.0,0.0,0.0,0.0,0.0,2747.4410757422447
88,5280000000000,4.0,8.0,4.3166089965397925,4.0,6.0,1156,0.0,0.0,0.0,0.0,0.0,0,1.0,1.0,1.0,1.0,1.0,552,0.9999999999999997,1.0000000000000004,1.0,1.0,1.0000000000000002,552,0.0,0.0,0.0,0.0,0.0,0.0,0.0,0.0,0.0,2848.1013448908925
89,5340000000000,4.0,8.0,4.309688581314879,4.0,6.0,1156,0.0,0.0,0.0,0.0,0.0,0,1.0,1.0,1.0,1.0,1.0,552,0.9999999999999996,1.0000000000000002,1.0,1.0,1.0000000000000002,552,0.0,0.0,0.0,0.0,0.0,0.0,0.0,0.0,0.0,2813.7461747974157
90,5400000000000,4.0,8.0,4.3088235294117645,4.0,6.0,1156,0.0,0.0,0.0,0.0,0.0,0,1.0,1.0,1.0,1.0,1.0,552,0.9999999999999996,1.0000000000000004,1.0,1.0,1.0000000000000002,552,0.0,0.0,0.0,0.0,0.0,0.0,0.0,0.0,0.0,2766.7302740737796
91,5460000000000,4.0,8.0,4.3088235294117645,4.0,6.0,1156,0.0,0.0,0.0,0.0,0.0,0,1.0,1.0,1.0,1.0,1.0,552,0.9999999999999998,1.0000000000000004,1.0,1.0,1.0000000000000002,552,0.0,0.0,0.0,0.0,0.0,0.0,0.0,0.0,0.0,2805.487744510174
92,5520000000000,4.0,8.0,4.304498269896194,4.0,6.0,1156,0.0,0.0,0.0,0.0,0.0,0,1.0,1.0,1.0,1.0,1.0,552,0.9999999999999997,1.0000000000000002,1.0,1.0,1.0000000000000002,552,0.0,0.0,0.0,0.0,0.0,0.0,0.0,0.0,0.0,2797.0438934862614
93,5580000000000,4.0,8.0,4.309688581314879,4.0,6.0,1156,0.0,0.0,0.0,0.0,0.0,0,1.0,1.0,1.0,1.0,1.0,552,0.9999999999999997,1.0000000000000004,1.0,1.0,1.0,552,0.0,0.0,0.0,0.0,0.0,0.0,0.0,0.0,0.0,2772.6664571091533
94,5640000000000,4.0,8.0,4.310553633217993,4.0,6.0,1156,0.0,0.0,0.0,0.0,0.0,0,1.0,1.0,1.0,1.0,1.0,552,0.9999999999999998,1.0000000000000002,1.0,1.0,1.0000000000000002,552,0.0,0.0,0.0,0.0,0.0,0.0,0.0,0.0,0.0,2812.452804297209
95,5700000000000,4.0,8.0,4.300173010380623,4.0,6.0,1156,0.0,0.0,0.0,0.0,0.0,0,1.0,1.0,1.0,1.0,1.0,552,0.9999999999999998,1.0000000000000004,1.0,1.0,1.0000000000000002,552,0.0,0.0,0.0,0.0,0.0,0.0,0.0,0.0,0.0,2756.8333614617586
96,5760000000000,4.0,8.0,4.309688581314879,4.0,6.0,1156,0.0,0.0,0.0,0.0,0.0,0,1.0,1.0,1.0,1.0,1.0,552,0.9999999999999997,1.0000000000000002,1.0,1.0,1.0000000000000002,552,0.0,0.0,0.0,0.0,0.0,0.0,0.0,0.0,0.0,2778.3329132944345
97,5820000000000,4.0,8.0,4.313148788927336,4.0,6.0,1156,0.0,0.0,0.0,0.0,0.0,0,1.0,1.0,1.0,1.0,1.0,552,0.9999999999999997,1.0000000000000004,1.0,1.0,1.0000000000000002,552,0.0,0.0,0.0,0.0,0.0,0.0,0.0,0.0,0.0,2821.8158716335893
98,5880000000000,4.0,8.0,4.304498269896194,4.0,6.0,1156,0.0,0.0,0.0,0.0,0.0,0,1.0,1.0,1.0,1.0,1.0,552,0.9999999999999997,1.0000000000000004,1.0,1.0,1.0000000000000002,552,0.0,0.0,0.0,0.0,0.0,0.0,0.0,0.0,0.0,2802.3828556761146
99,5940000000000,4.0,8.0,4.3157439446366785,4.0,6.0,1156,0.0,0.0,0.0,0.0,0.0,0,1.0,1.0,1.0,1.0,1.0,552,0.9999999999999996,1.0000000000000002,1.0,1.0,1.0,552,0.0,0.0,0.0,0.0,0.0,0.0,0.0,0.0,0.0,2813.783025369048
100,6000000000000,4.0,8.0,4.310553633217993,4.0,6.0,1156,0.0,0.0,0.0,0.0,0.0,0,1.0,1.0,1.0,1.0,1.0,552,0.9999999999999996,1.0000000000000002,1.0,1.0,1.0000000000000002,552,0.0,0.0,0.0,0.0,0.0,0.0,0.0,0.0,0.0,2787.886151112616
101,6060000000000,4.0,8.0,4.306228373702422,4.0,6.0,1156,0.0,0.0,0.0,0.0,0.0,0,1.0,1.0,1.0,1.0,1.0,552,0.9999999999999998,1.0000000000000002,1.0,1.0,1.0,552,0.0,0.0,0.0,0.0,0.0,0.0,0.0,0.0,0.0,2786.8640394881368
102,6120000000000,4.0,8.0,4.3157439446366785,4.0,6.0,1156,0.0,0.0,0.0,0.0,0.0,0,1.0,1.0,1.0,1.0,1.0,552,0.9999999999999998,1.0000000000000004,1.0,1.0,1.0000000000000002,552,0.0,0.0,0.0,0.0,0.0,0.0,0.0,0.0,0.0,2806.753438897431
103,6180000000000,4.0,8.0,4.311418685121107,4.0,6.0,1156,0.0,0.0,0.0,0.0,0.0,0,1.0,1.0,1.0,1.0,1.0,552,0.9999999999999997,1.0000000000000004,1.0,1.0,1.0000000000000002,552,0.0,0.0,0.0,0.0,0.0,0.0,0.0,0.0,0.0,2809.4765720888972
104,6240000000000,4.0,8.0,4.305363321799308,4.0,6.0,1156,0.0,0.0,0.0,0.0,0.0,0,1.0,1.0,1.0,1.0,1.0,552,0.9999999999999998,1.0000000000000004,1.0,1.0,1.0000000000000002,552,0.0,0.0,0.0,0.0,0.0,0.0,0.0,0.0,0.0,2783.998519182205
105,6300000000000,4.0,8.0,4.317474048442906,4.0,6.0,1156,0.0,0.0,0.0,0.0,0.0,0,1.0,1.0,1.0,1.0,1.0,552,0.9999999999999996,1.0000000000000002,1.0,1.0,1.0000000000000002,552,0.0,0.0,0.0,0.0,0.0,0.0,0.0,0.0,0.0,2830.656892620027
106,6360000000000,4.0,8.0,4.31401384083045,4.0,6.0,1156,0.0,0.0,0.0,0.0,0.0,0,1.0,1.0,1.0,1.0,1.0,552,0.9999999999999998,1.0000000000000004,1.0,1.0,1.0000000000000002,552,0.0,0.0,0.0,0.0,0.0,0.0,0.0,0.0,0.0,2795.0005996972322
107,6420000000000,4.0,8.0,4.306228373702422,4.0,6.0,1156,0.0,0.0,0.0,0.0,0.0,0,1.0,1.0,1.0,1.0,1.0,552,0.9999999999999997,1.0000000000000004,1.0,1.0,1.0000000000000002,552,0.0,0.0,0.0,0.0,0.0,0.0,0.0,0.0,0.0,2788.193481042981
108,6480000000000,4.0,8.0,4.310553633217993,4.0,6.0,1156,0.0,0.0,0.0,0.0,0.0,0,1.0,1.0,1.0,1.0,1.0,552,0.9999999999999997,1.0000000000000004,1.0,1.0,1.0000000000000002,552,0.0,0.0,0.0,0.0,0.0,0.0,0.0,0.0,0.0,2830.1930092275143
109,6540000000000,4.0,8.0,4.3157439446366785,4.0,6.0,1156,0.0,0.0,0.0,0.0,0.0,0,1.0,1.0,1.0,1.0,1.0,552,0.9999999999999997,1.0000000000000004,1.0,1.0,1.0000000000000002,552,0.0,0.0,0.0,0.0,0.0,0.0,0.0,0.0,0.0,2828.0659737065434
110,6600000000000,4.0,8.0,4.311418685121107,4.0,6.0,1156,0.0,0.0,0.0,0.0,0.0,0,1.0,1.0,1.0,1.0,1.0,552,0.9999999999999997,1.0000000000000002,1.0,1.0,1.0000000000000002,552,0.0,0.0,0.0,0.0,0.0,0.0,0.0,0.0,0.0,2838.1981290876865
111,6660000000000,4.0,8.0,4.311418685121107,4.0,6.0,1156,0.0,0.0,0.0,0.0,0.0,0,1.0,1.0,1.0,1.0,1.0,552,0.9999999999999996,1.0000000000000002,1.0,1.0,1.0000000000000002,552,0.0,0.0,0.0,0.0,0.0,0.0,0.0,0.0,0.0,2801.666259765625
112,6720000000000,4.0,8.0,4.313148788927336,4.0,6.0,1156,0.0,0.0,0.0,0.0,0.0,0,1.0,1.0,1.0,1.0,1.0,552,0.9999999999999997,1.0000000000000002,1.0,1.0,1.0000000000000002,552,0.0,0.0,0.0,0.0,0.0,0.0,0.0,0.0,0.0,2807.8008899465203
113,6780000000000,4.0,8.0,4.312283737024221,4.0,6.0,1156,0.0,0.0,0.0,0.0,0.0,0,1.0,1.0,1.0,1.0,1.0,552,0.9999999999999997,1.0000000000000002,1.0,1.0,1.0000000000000002,552,0.0,0.0,0.0,0.0,0.0,0.0,0.0,0.0,0.0,2824.8262153938413
114,6840000000000,4.0,8.0,4.311418685121107,4.0,6.0,1156,0.0,0.0,0.0,0.0,0.0,0,1.0,1.0,1.0,1.0,1.0,552,0.9999999999999998,1.0000000000000002,1.0,1.0,1.0000000000000002,552,0.0,0.0,0.0,0.0,0.0,0.0,0.0,0.0,0.0,2796.21840454638
115,6900000000000,4.0,8.0,4.3157439446366785,4.0,6.0,1156,0.0,0.0,0.0,0.0,0.0,0,1.0,1.0,1.0,1.0,1.0,552,0.9999999999999998,1.0000000000000004,1.0,1.0,1.0000000000000002,552,0.0,0.0,0.0,0.0,0.0,0.0,0.0,0.0,0.0,2822.1126049757004
116,6960000000000,4.0,8.0,4.314878892733564,4.0,6.0,1156,0.0,0.0,0.0,0.0,0.0,0,1.0,1.0,1.0,1.0,1.0,552,0.9999999999999997,1.0000000000000002,1.0,1.0,1.0000000000000002,552,0.0,0.0,0.0,0.0,0.0,0.0,0.0,0.0,0.0,2825.3127727657557
117,7020000000000,4.0,8.0,4.3088235294117645,4.0,6.0,1156,0.0,0.0,0.0,0.0,0.0,0,1.0,1.0,1.0,1.0,1.0,552,0.9999999999999998,1.0000000000000004,1.0,1.0,1.0000000000000002,552,0.0,0.0,0.0,0.0,0.0,0.0,0.0,0.0,0.0,2771.671025082469
118,7080000000000,4.0,8.0,4.318339100346021,4.0,6.0,1156,0.0,0.0,0.0,0.0,0.0,0,1.0,1.0,1.0,1.0,1.0,552,0.9999999999999996,1.0000000000000004,1.0,1.0,1.0000000000000002,552,0.0,0.0,0.0,0.0,0.0,0.0,0.0,0.0,0.0,2857.825068756938
119,7140000000000,4.0,8.0,4.312283737024221,4.0,6.0,1156,0.0,0.0,0.0,0.0,0.0,0,1.0,1.0,1.0,1.0,1.0,552,0.9999999999999996,1.0000000000000002,1.0,1.0,1.0000000000000002,552,0.0,0.0,0.0,0.0,0.0,0.0,0.0,0.0,0.0,2792.2130012884736
120,7200000000000,4.0,8.0,4.310553633217993,4.0,6.0,1156,0.0,0.0,0.0,0.0,0.0,0,1.0,1.0,1.0,1.0,1.0,552,0.9999999999999997,1.0000000000000002,1.0,1.0,1.0000000000000002,552,0.0,0.0,0.0,0.0,0.0,0.0,0.0,0.0,0.0,2790.6387504190207
121,7260000000000,4.0,8.0,4.31401384083045,4.0,6.0,1156,0.0,0.0,0.0,0.0,0.0,0,1.0,1.0,1.0,1.0,1.0,552,0.9999999999999997,1.0000000000000004,1.0,1.0,1.0000000000000002,552,0.0,0.0,0.0,0.0,0.0,0.0,0.0,0.0,0.0,2833.09362642467
122,7320000000000,4.0,8.0,4.310553633217993,4.0,6.0,1156,0.0,0.0,0.0,0.0,0.0,0,1.0,1.0,1.0,1.0,1.0,552,0.9999999999999996,1.0000000000000002,1.0,1.0,1.0000000000000002,552,0.0,0.0,0.0,0.0,0.0,0.0,0.0,0.0,0.0,2808.87489952147
123,7380000000000,4.0,8.0,4.311418685121107,4.0,6.0,1156,0.0,0.0,0.0,0.0,0.0,0,1.0,1.0,1.0,1.0,1.0,552,0.9999999999999996,1.0000000000000004,1.0,1.0,1.0000000000000002,552,0.0,0.0,0.0,0.0,0.0,0.0,0.0,0.0,0.0,2810.1168451830745
124,7440000000000,4.0,8.0,4.31401384083045,4.0,6.0,1156,0.0,0.0,0.0,0.0,0.0,0,1.0,1.0,1.0,1.0,1.0,552,0.9999999999999998,1.0000000000000002,1.0,1.0,1.0,552,0.0,0.0,0.0,0.0,0.0,0.0,0.0,0.0,0.0,2828.956302255392
125,7500000000000,4.0,8.0,4.309688581314879,4.0,6.0,1156,0.0,0.0,0.0,0.0,0.0,0,1.0,1.0,1.0,1.0,1.0,552,0.9999999999999997,1.0000000000000002,1.0,1.0,1.0,552,0.0,0.0,0.0,0.0,0.0,0.0,0.0,0.0,0.0,2797.455050982535
126,7560000000000,4.0,8.0,4.3088235294117645,4.0,6.0,1156,0.0,0.0,0.0,0.0,0.0,0,1.0,1.0,1.0,1.0,1.0,552,0.9999999999999997,1.0000000000000002,1.0,1.0,1.0000000000000002,552,0.0,0.0,0.0,0.0,0.0,0.0,0.0,0.0,0.0,2777.9932813718915
127,7620000000000,4.0,8.0,4.313148788927336,4.0,6.0,1156,0.0,0.0,0.0,0.0,0.0,0,1.0,1.0,1.0,1.0,1.0,552,0.9999999999999996,1.0000000000000004,1.0,1.0,1.0000000000000002,552,0.0,0.0,0.0,0.0,0.0,0.0,0.0,0.0,0.0,2841.360758058727
128,7680000000000,4.0,8.0,4.301038062283737,4.0,6.0,1156,0.0,0.0,0.0,0.0,0.0,0,1.0,1.0,1.0,1.0,1.0,552,0.9999999999999997,1.0000000000000002,1.0,1.0,1.0000000000000002,552,0.0,0.0,0.0,0.0,0.0,0.0,0.0,0.0,0.0,2740.680867806077
129,7740000000000,4.0,8.0,4.307093425605537,4.0,6.0,1156,0.0,0.0,0.0,0.0,0.0,0,1.0,1.0,1.0,1.0,1.0,552,0.9999999999999998,1.0000000000000002,1.0,1.0,1.0,552,0.0,0.0,0.0,0.0,0.0,0.0,0.0,0.0,0.0,2779.0082124993205
130,7800000000000,4.0,8.0,4.310553633217993,4.0,6.0,1156,0.0,0.0,0.0,0.0,0.0,0,1.0,1.0,1.0,1.0,1.0,552,0.9999999999999997,1.0000000000000002,1.0,1.0,1.0000000000000002,552,0.0,0.0,0.0,0.0,0.0,0.0,0.0,0.0,0.0,2819.4535011425614
131,7860000000000,4.0,8.0,4.298442906574395,4.0,6.0,1156,0.0,0.0,0.0,0.0,0.0,0,1.0,1.0,1.0,1.0,1.0,552,0.9999999999999996,1.0000000000000002,1.0,1.0,1.0000000000000002,552,0.0,0.0,0.0,0.0,0.0,0.0,0.0,0.0,0.0,2727.7145413681865
132,7920000000000,4.0,8.0,4.3088235294117645,4.0,6.0,1156,0.0,0.0,0.0,0.0,0.0,0,1.0,1.0,1.0,1.0,1.0,552,0.9999999999999996,1.0000000000000002,1.0,1.0,1.0000000000000002,552,0.0,0.0,0.0,0.0,0.0,0.0,0.0,0.0,0.0,2764.7325256839395
133,7980000000000,4.0,8.0,4.304498269896194,4.0,6.0,1156,0.0,0.0,0.0,0.0,0.0,0,1.0,1.0,1.0,1.0,1.0,552,0.9999999999999998,1.0000000000000002,1.0,1.0,1.0,552,0.0,0.0,0.0,0.0,0.0,0.0,0.0,0.0,0.0,2817.0544551685452
134,8040000000000,4.0,8.0,4.301038062283737,4.0,6.0,1156,0.0,0.0,0.0,0.0,0.0,0,1.0,1.0,1.0,1.0,1.0,552,0.9999999999999996,1.0000000000000004,1.0,1.0,1.0000000000000002,552,0.0,0.0,0.0,0.0,0.0,0.0,0.0,0.0,0.0,2734.531440772116
135,8100000000000,4.0,8.0,4.310553633217993,4.0,6.0,1156,0.0,0.0,0.0,0.0,0.0,0,1.0,1.0,1.0,1.0,1.0,552,0.9999999999999996,1.0000000000000002,1.0,1.0,1.0000000000000002,552,0.0,0.0,0.0,0.0,0.0,0.0,0.0,0.0,0.0,2791.815680451691
136,8160000000000,4.0,8.0,4.303633217993079,4.0,6.0,1156,0.0,0.0,0.0,0.0,0.0,0,1.0,1.0,1.0,1.0,1.0,552,0.9999999999999997,1.0000000000000002,1.0,1.0,1.0000000000000002,552,0.0,0.0,0.0,0.0,0.0,0.0,0.0,0.0,0.0,2811.695002950728
137,8220000000000,4.0,8.0,4.301903114186851,4.0,6.0,1156,0.0,0.0,0.0,0.0,0.0,0,1.0,1.0,1.0,1.0,1.0,552,0.9999999999999997,1.0000000000000002,1.0,1.0,1.0000000000000002,552,0.0,0.0,0.0,0.0,0.0,0.0,0.0,0.0,0.0,2733.5307681933045
138,8280000000000,4.0,8.0,4.309688581314879,4.0,6.0,1156,0.0,0.0,0.0,0.0,0.0,0,1.0,1.0,1.0,1.0,1.0,552,0.9999999999999996,1.0000168349423406,1.0000000445292685,1.0,1.0,552,0.0,0.0,0.0,0.0,0.0,0.0,0.0,0.0,0.0,2767.776527442038
139,8340000000000,4.0,8.0,4.298442906574395,4.0,5.25,1156,0.0,0.0,0.0,0.0,0.0,0,1.0,1.0,1.0,1.0,1.0,552,0.9999999999999997,1.0000000000000002,1.0,1.0,1.0000000000000002,552,0.0,0.0,0.0,0.0,0.0,0.0,0.0,0.0,0.0,2770.2491460368037
140,8400000000000,4.0,8.0,4.304498269896194,4.0,6.0,1156,0.0,0.0,0.0,0.0,0.0,0,1.0,1.0,1.0,1.0,1.0,552,0.9999999999999998,1.0000000000000002,1.0,1.0,1.0000000000000002,552,0.0,0.0,0.0,0.0,0.0,0.0,0.0,0.0,0.0,2751.2646168470383
141,8460000000000,4.0,8.0,4.311418685121107,4.0,6.0,1156,0.0,0.0,0.0,0.0,0.0,0,1.0,1.0,1.0,1.0,1.0,552,0.9999999999999998,1.0000000000000002,1.0,1.0,1.0000000000000002,552,0.0,0.0,0.0,0.0,0.0,0.0,0.0,0.0,0.0,2811.2597838044167
142,8520000000000,4.0,8.0,4.301038062283737,4.0,6.0,1156,0.0,0.0,0.0,0.0,0.0,0,1.0,1.0,1.0,1.0,1.0,552,0.9999999999999997,1.0000000000000004,1.0,1.0,1.0000000000000002,552,0.0,0.0,0.0,0.0,0.0,0.0,0.0,0.0,0.0,2787.594985216856
143,8580000000000,4.0,8.0,4.307958477508651,4.0,6.0,1156,0.0,0.0,0.0,0.0,0.0,0,1.0,1.0,1.0,1.0,1.0,552,0.9999999999999996,1.0000000000000002,1.0,1.0,1.0000000000000002,552,0.0,0.0,0.0,0.0,0.0,0.0,0.0,0.0,0.0,2775.508434511721
144,8640000000000,4.0,8.0,4.311418685121107,4.0,6.0,1156,0.0,0.0,0.0,0.0,0.0,0,1.0,1.0,1.0,1.0,1.0,552,0.9999999999999997,1.0000000000000002,1.0,1.0,1.0000000000000002,552,0.0,0.0,0.0,0.0,0.0,0.0,0.0,0.0,0.0,2805.7609079405665
145,8700000000000,4.0,8.0,4.299307958477509,4.0,6.0,1156,0.0,0.0,0.0,0.0,0.0,0,1.0,1.0,1.0,1.0,1.0,552,0.9999999999999998,1.0000000000000004,1.0,1.0,1.0000000000000002,552,0.0,0.0,0.0,0.0,0.0,0.0,0.0,0.0,0.0,2760.4172779247165
146,8760000000000,4.0,8.0,4.313148788927336,4.0,6.0,1156,0.0,0.0,0.0,0.0,0.0,0,1.0,1.0,1.0,1.0,1.0,552,0.9999999999999997,1.0000000000000004,1.0,1.0,1.0000000000000002,552,0.0,0.0,0.0,0.0,0.0,0.0,0.0,0.0,0.0,2847.114088013768
147,8820000000000,4.0,8.0,4.309688581314879,4.0,6.0,1156,0.0,0.0,0.0,0.0,0.0,0,1.0,1.0,1.0,1.0,1.0,552,0.9999999999999998,1.0000000000000004,1.0,1.0,1.0000000000000002,552,0.0,0.0,0.0,0.0,0.0,0.0,0.0,0.0,0.0,2799.9801971018314
148,8880000000000,4.0,8.0,4.296712802768166,4.0,6.0,1156,0.0,0.0,0.0,0.0,0.0,0,1.0,1.0,1.0,1.0,1.0,552,0.9999999999999996,1.0000000000000004,1.0,1.0,1.0000000000000002,552,0.0,0.0,0.0,0.0,0.0,0.0,0.0,0.0,0.0,2738.2410541176796
149,8940000000000,4.0,8.0,4.31401384083045,4.0,6.0,1156,0.0,0.0,0.0,0.0,0.0,0,1.0,1.0,1.0,1.0,1.0,552,0.9999999999999998,1.0000000000000004,1.0,1.0,1.0000000000000002,552,0.0,0.0,0.0,0.0,0.0,0.0,0.0,0.0,0.0,2830.1856396719813
150,9000000000000,4.0,8.0,4.310553633217993,4.0,6.0,1156,0.0,0.0,0.0,0.0,0.0,0,1.0,1.0,1.0,1.0,1.0,552,0.9999999999999996,1.0000000000000004,1.0,1.0,1.0000000000000002,552,0.0,0.0,0.0,0.0,0.0,0.0,0.0,0.0,0.0,2805.148825980723
151,9060000000000,4.0,8.0,4.302768166089965,4.0,6.0,1156,0.0,0.0,0.0,0.0,0.0,0,1.0,1.0,1.0,1.0,1.0,552,0.9999999999999997,1.0000000000000004,1.0,1.0,1.0000000000000002,552,0.0,0.0,0.0,0.0,0.0,0.0,0.0,0.0,0.0,2772.6214192807674
152,9120000000000,4.0,8.0,4.314878892733564,4.0,6.0,1156,0.0,0.0,0.0,0.0,0.0,0,1.0,1.0,1.0,1.0,1.0,552,0.9999999999999996,1.0000000000000002,1.0,1.0,1.0000000000000002,552,0.0,0.0,0.0,0.0,0.0,0.0,0.0,0.0,0.0,2845.2644953504205
153,9180000000000,4.0,8.0,4.307958477508651,4.0,6.0,1156,0.0,0.0,0.0,0.0,0.0,0,1.0,1.0,1.0,1.0,1.0,552,0.9999999999999996,1.0000000000000004,1.0,1.0,1.0000000000000002,552,0.0,0.0,0.0,0.0,0.0,0.0,0.0,0.0,0.0,2804.1390758007765
154,9240000000000,4.0,8.0,4.3088235294117645,4.0,6.0,1156,0.0,0.0,0.0,0.0,0.0,0,1.0,1.0,1.0,1.0,1.0,552,0.9999999999999998,1.0000000000000004,1.0,1.0,1.0000000000000002,552,0.0,0.0,0.0,0.0,0.0,0.0,0.0,0.0,0.0,2828.7324234843254
155,9300000000000,4.0,8.0,4.312283737024221,4.0,6.0,1156,0.0,0.0,0.0,0.0,0.0,0,1.0,1.0,1.0,1.0,1.0,552,0.9999999999999998,1.0000000000000004,1.0,1.0,1.0000000000000002,552,0.0,0.0,0.0,0.0,0.0,0.0,0.0,0.0,0.0,2800.8934361860156
156,9360000000000,4.0,8.0,4.307093425605537,4.0,6.0,1156,0.0,0.0,0.0,0.0,0.0,0,1.0,1.0,1.0,1.0,1.0,552,0.9999999999999996,1.0000000000000002,1.0,1.0,1.0000000000000002,552,0.0,0.0,0.0,0.0,0.0,0.0,0.0,0.0,0.0,2765.04975091666
157,9420000000000,4.0,8.0,4.311418685121107,4.0,6.0,1156,0.0,0.0,0.0,0.0,0.0,0,1.0,1.0,1.0,1.0,1.0,552,0.9999999999999997,1.0000000000000002,1.0,1.0,1.0,552,0.0,0.0,0.0,0.0,0.0,0.0,0.0,0.0,0.0,2861.4339409396052
158,9480000000000,4.0,8.0,4.314878892733564,4.0,6.0,1156,0.0,0.0,0.0,0.0,0.0,0,1.0,1.0,1.0,1.0,1.0,552,0.9999999999999997,1.0000182672944273,1.0000000330929246,1.0,1.0,552,0.0,0.0,0.0,0.0,0.0,0.0,0.0,0.0,0.0,2830.1638439297676
159,9540000000000,4.0,8.0,4.305363321799308,4.0,6.0,1156,0.0,0.0,0.0,0.0,0.0,0,1.0,1.0,1.0,1.0,1.0,552,0.9999999999999997,1.0000000000000002,1.0,1.0,1.0000000000000002,552,0.0,0.0,0.0,0.0,0.0,0.0,0.0,0.0,0.0,2815.4807025566697
160,9600000000000,4.0,8.0,4.31401384083045,4.0,6.0,1156,0.0,0.0,0.0,0.0,0.0,0,1.0,1.0,1.0,1.0,1.0,552,0.9999999999999998,1.0000000000000002,1.0,1.0,1.0000000000000002,552,0.0,0.0,0.0,0.0,0.0,0.0,0.0,0.0,0.0,2878.500735387206
161,9660000000000,4.0,8.0,4.31401384083045,4.0,6.0,1156,0.0,0.0,0.0,0.0,0.0,0,1.0,1.0,1.0,1.0,1.0,552,0.9999999999999997,1.0000000000000002,1.0,1.0,1.0000000000000002,552,0.0,0.0,0.0,0.0,0.0,0.0,0.0,0.0,0.0,2824.425797909498
162,9720000000000,4.0,8.0,4.310553633217993,4.0,6.0,1156,0.0,0.0,0.0,0.0,0.0,0,1.0,1.0,1.0,1.0,1.0,552,0.9999999999999997,1.0000000000000004,1.0,1.0,1.0000000000000002,552,0.0,0.0,0.0,0.0,0.0,0.0,0.0,0.0,0.0,2803.2615426927805
163,9780000000000,4.0,8.0,4.310553633217993,4.0,6.0,1156,0.0,0.0,0.0,0.0,0.0,0,1.0,1.0,1.0,1.0,1.0,552,0.9999999999999997,1.0000000000000004,1.0,1.0,1.0000000000000002,552,0.0,0.0,0.0,0.0,0.0,0.0,0.0,0.0,0.0,2840.9711020067334
164,9840000000000,4.0,8.0,4.313148788927336,4.0,6.0,1156,0.0,0.0,0.0,0.0,0.0,0,1.0,1.0,1.0,1.0,1.0,552,0.9999999999999996,1.0000000000000002,1.0,1.0,1.0000000000000002,552,0.0,0.0,0.0,0.0,0.0,0.0,0.0,0.0,0.0,2797.258202917874
165,9900000000000,4.0,8.0,4.310553633217993,4.0,6.0,1156,0.0,0.0,0.0,0.0,0.0,0,1.0,1.0,1.0,1.0,1.0,552,0.9999999999999996,1.0000000000000002,1.0,1.0,1.0000000000000002,552,0.0,0.0,0.0,0.0,0.0,0.0,0.0,0.0,0.0,2789.86656665802
166,9960000000000,4.0,8.0,4.311418685121107,4.0,6.0,1156,0.0,0.0,0.0,0.0,0.0,0,1.0,1.0,1.0,1.0,1.0,552,0.9999999999999996,1.0000000000000002,1.0,1.0,1.0000000000000002,552,0.0,0.0,0.0,0.0,0.0,0.0,0.0,0.0,0.0,2837.1043773368
167,10020000000000,4.0,8.0,4.311418685121107,4.0,6.0,1156,0.0,0.0,0.0,0.0,0.0,0,1.0,1.0,1.0,1.0,1.0,552,0.9999999999999997,1.0000000000000002,1.0,1.0,1.0000000000000002,552,0.0,0.0,0.0,0.0,0.0,0.0,0.0,0.0,0.0,2778.2405940815806
168,10080000000000,4.0,8.0,4.311418685121107,4.0,6.0,1156,0.0,0.0,0.0,0.0,0.0,0,1.0,1.0,1.0,1.0,1.0,552,0.9999999999999997,1.0000000000000002,1.0,1.0,1.0000000000000002,552,0.0,0.0,0.0,0.0,0.0,0.0,0.0,0.0,0.0,2768.3528745546937
169,10140000000000,4.0,8.0,4.306228373702422,4.0,6.0,1156,0.0,0.0,0.0,0.0,0.0,0,1.0,1.0,1.0,1.0,1.0,552,0.9999999999999997,1.0000000000000002,1.0,1.0,1.0000000000000002,552,0.0,0.0,0.0,0.0,0.0,0.0,0.0,0.0,0.0,2808.9789897203445
170,10200000000000,4.0,8.0,4.307093425605537,4.0,6.0,1156,0.0,0.0,0.0,0.0,0.0,0,1.0,1.0,1.0,1.0,1.0,552,0.9999999999999996,1.0000000000000002,1.0,1.0,1.0000000000000002,552,0.0,0.0,0.0,0.0,0.0,0.0,0.0,0.0,0.0,2778.1547820195556
171,10260000000000,4.0,8.0,4.310553633217993,4.0,6.0,1156,0.0,0.0,0.0,0.0,0.0,0,1.0,1.0,1.0,1.0,1.0,552,0.9999999999999996,1.0000000000000002,1.0,1.0,1.0000000000000002,552,0.0,0.0,0.0,0.0,0.0,0.0,0.0,0.0,0.0,2801.3360081240535
172,10320000000000,4.0,8.0,4.307958477508651,4.0,6.0,1156,0.0,0.0,0.0,0.0,0.0,0,1.0,1.0,1.0,1.0,1.0,552,0.9999999999999996,1.0000000000000002,1.0,1.0,1.0000000000000002,552,0.0,0.0,0.0,0.0,0.0,0.0,0.0,0.0,0.0,2798.506203107536
173,10380000000000,4.0,8.0,4.307093425605537,4.0,6.0,1156,0.0,0.0,0.0,0.0,0.0,0,1.0,1.0,1.0,1.0,1.0,552,0.9999999999999998,1.0000000000000002,1.0,1.0,1.0000000000000002,552,0.0,0.0,0.0,0.0,0.0,0.0,0.0,0.0,0.0,2775.0934045761824
174,10440000000000,4.0,8.0,4.307093425605537,4.0,6.0,1156,0.0,0.0,0.0,0.0,0.0,0,1.0,1.0,1.0,1.0,1.0,552,0.9999999999999997,1.0000000000000002,1.0,1.0,1.0,552,0.0,0.0,0.0,0.0,0.0,0.0,0.0,0.0,0.0,2752.055160701275
175,10500000000000,4.0,8.0,4.307958477508651,4.0,6.0,1156,0.0,0.0,0.0,0.0,0.0,0,1.0,1.0,1.0,1.0,1.0,552,0.9999999999999997,1.0000000000000002,1.0,1.0,1.0000000000000002,552,0.0,0.0,0.0,0.0,0.0,0.0,0.0,0.0,0.0,2836.865382269025
176,10560000000000,4.0,8.0,4.3088235294117645,4.0,6.0,1156,0.0,0.0,0.0,0.0,0.0,0,1.0,1.0,1.0,1.0,1.0,552,0.9999999999999998,1.0000000000000002,1.0,1.0,1.0000000000000002,552,0.0,0.0,0.0,0.0,0.0,0.0,0.0,0.0,0.0,2767.790548503399
177,10620000000000,4.0,8.0,4.3088235294117645,4.0,6.0,1156,0.0,0.0,0.0,0.0,0.0,0,1.0,1.0,1.0,1.0,1.0,552,0.9999999999999997,1.0000000000000002,1.0,1.0,1.0000000000000002,552,0.0,0.0,0.0,0.0,0.0,0.0,0.0,0.0,0.0,2777.6171006262302
178,10680000000000,4.0,8.0,4.301038062283737,4.0,5.25,1156,0.0,0.0,0.0,0.0,0.0,0,1.0,1.0,1.0,1.0,1.0,552,0.9999999999999998,1.0000000000000002,1.0,1.0,1.0000000000000002,552,0.0,0.0,0.0,0.0,0.0,0.0,0.0,0.0,0.0,2805.526813492179
179,10740000000000,4.0,8.0,4.309688581314879,4.0,6.0,1156,0.0,0.0,0.0,0.0,0.0,0,1.0,1.0,1.0,1.0,1.0,552,0.9999999999999997,1.0000000000000002,1.0,1.0,1.0000000000000002,552,0.0,0.0,0.0,0.0,0.0,0.0,0.0,0.0,0.0,2794.5588678121567
180,10800000000000,4.0,8.0,4.313148788927336,4.0,6.0,1156,0.0,0.0,0.0,0.0,0.0,0,1.0,1.0,1.0,1.0,1.0,552,0.9999999999999997,1.0000000000000004,1.0,1.0,1.0000000000000002,552,0.0,0.0,0.0,0.0,0.0,0.0,0.0,0.0,0.0,2794.2374190315604
181,10860000000000,4.0,8.0,4.303633217993079,4.0,6.0,1156,0.0,0.0,0.0,0.0,0.0,0,1.0,1.0,1.0,1.0,1.0,552,0.9999999999999998,1.0000000000000004,1.0,1.0,1.0000000000000002,552,0.0,0.0,0.0,0.0,0.0,0.0,0.0,0.0,0.0,2804.708529263735
182,10920000000000,4.0,8.0,4.314878892733564,4.0,6.0,1156,0.0,0.0,0.0,0.0,0.0,0,1.0,1.0,1.0,1.0,1.0,552,0.9999999999999997,1.0000000000000004,1.0,1.0,1.0000000000000002,552,0.0,0.0,0.0,0.0,0.0,0.0,0.0,0.0,0.0,2820.2168568968773
183,10980000000000,4.0,8.0,4.310553633217993,4.0,6.0,1156,0.0,0.0,0.0,0.0,0.0,0,1.0,1.0,1.0,1.0,1.0,552,0.9999999999999997,1.0000000000000002,1.0,1.0,1.0000000000000002,552,0.0,0.0,0.0,0.0,0.0,0.0,0.0,0.0,0.0,2785.5607951059937
184,11040000000000,4.0,8.0,4.305363321799308,4.0,6.0,1156,0.0,0.0,0.0,0.0,0.0,0,1.0,1.0,1.0,1.0,1.0,552,0.9999999999999996,1.0000000000000002,1.0,1.0,1.0000000000000002,552,0.0,0.0,0.0,0.0,0.0,0.0,0.0,0.0,0.0,2782.272976823151
185,11100000000000,4.0,8.0,4.31401384083045,4.0,6.0,1156,0.0,0.0,0.0,0.0,0.0,0,1.0,1.0,1.0,1.0,1.0,552,0.9999999999999996,1.0000000000000002,1.0,1.0,1.0000000000000002,552,0.0,0.0,0.0,0.0,0.0,0.0,0.0,0.0,0.0,2803.5541586577892
186,11160000000000,4.0,8.0,4.312283737024221,4.0,6.0,1156,0.0,0.0,0.0,0.0,0.0,0,1.0,1.0,1.0,1.0,1.0,552,0.9999999999999997,1.0000000000000002,1.0,1.0,1.0,552,0.0,0.0,0.0,0.0,0.0,0.0,0.0,0.0,0.0,2780.8720991015434
187,11220000000000,4.0,8.0,4.3088235294117645,4.0,6.0,1156,0.0,0.0,0.0,0.0,0.0,0,1.0,1.0,1.0,1.0,1.0,552,0.9999999999999997,1.0000000000000002,1.0,1.0,1.0000000000000002,552,0.0,0.0,0.0,0.0,0.0,0.0,0.0,0.0,0.0,2803.0217550694942
188,11280000000000,4.0,8.0,4.312283737024221,4.0,6.0,1156,0.0,0.0,0.0,0.0,0.0,0,1.0,1.0,1.0,1.0,1.0,552,0.9999999999999997,1.0000000000000004,1.0,1.0,1.0000000000000002,552,0.0,0.0,0.0,0.0,0.0,0.0,0.0,0.0,0.0,2794.714791700244
189,11340000000000,4.0,8.0,4.314878892733564,4.0,6.0,1156,0.0,0.0,0.0,0.0,0.0,0,1.0,1.0,1.0,1.0,1.0,552,0.9999999999999998,1.0000000000000004,1.0,1.0,1.0000000000000002,552,0.0,0.0,0.0,0.0,0.0,0.0,0.0,0.0,0.0,2797.123168595135
190,11400000000000,4.0,8.0,4.310553633217993,4.0,6.0,1156,0.0,0.0,0.0,0.0,0.0,0,1.0,1.0,1.0,1.0,1.0,552,0.9999999999999996,1.0000000000000004,1.0,1.0,1.0000000000000002,552,0.0,0.0,0.0,0.0,0.0,0.0,0.0,0.0,0.0,2866.8163241818547
191,11460000000000,4.0,8.0,4.314878892733564,4.0,6.0,1156,0.0,0.0,0.0,0.0,0.0,0,1.0,1.0,1.0,1.0,1.0,552,0.9999999999999996,1.0000000000000004,1.0,1.0,1.0000000000000002,552,0.0,0.0,0.0,0.0,0.0,0.0,0.0,0.0,0.0,2828.0964121222496
192,11520000000000,4.0,8.0,4.3157439446366785,4.0,6.0,1156,0.0,0.0,0.0,0.0,0.0,0,1.0,1.0,1.0,1.0,1.0,552,0.9999999999999996,1.0000000000000002,1.0,1.0,1.0000000000000002,552,0.0,0.0,0.0,0.0,0.0,0.0,0.0,0.0,0.0,2779.6210749074817
193,11580000000000,4.0,8.0,4.311418685121107,4.0,6.0,1156,0.0,0.0,0.0,0.0,0.0,0,1.0,1.0,1.0,1.0,1.0,552,0.9999999999999997,1.0000000000000002,1.0,1.0,1.0000000000000002,552,0.0,0.0,0.0,0.0,0.0,0.0,0.0,0.0,0.0,2819.9793212115765
194,11640000000000,4.0,8.0,4.314878892733564,4.0,6.0,1156,0.0,0.0,0.0,0.0,0.0,0,1.0,1.0,1.0,1.0,1.0,552,0.9999999999999998,1.0000000000000004,1.0,1.0,1.0000000000000002,552,0.0,0.0,0.0,0.0,0.0,0.0,0.0,0.0,0.0,2852.5838293135166
195,11700000000000,4.0,8.0,4.31401384083045,4.0,6.0,1156,0.0,0.0,0.0,0.0,0.0,0,1.0,1.0,1.0,1.0,1.0,552,0.9999999999999996,1.0000000000000004,1.0,1.0,1.0,552,0.0,0.0,0.0,0.0,0.0,0.0,0.0,0.0,0.0,2796.7756101861596
196,11760000000000,4.0,8.0,4.310553633217993,4.0,6.0,1156,0.0,0.0,0.0,0.0,0.0,0,1.0,1.0,1.0,1.0,1.0,552,0.9999999999999997,1.0000000000000002,1.0,1.0,1.0000000000000002,552,0.0,0.0,0.0,0.0,0.0,0.0,0.0,0.0,0.0,2816.3352692499757
197,11820000000000,4.0,8.0,4.312283737024221,4.0,6.0,1156,0.0,0.0,0.0,0.0,0.0,0,1.0,1.0,1.0,1.0,1.0,552,0.9999999999999997,1.0000000000000004,1.0,1.0,1.0000000000000002,552,0.0,0.0,0.0,0.0,0.0,0.0,0.0,0.0,0.0,2814.3054004758596
198,11880000000000,4.0,8.0,4.317474048442906,4.0,6.0,1156,0.0,0.0,0.0,0.0,0.0,0,1.0,1.0,1.0,1.0,1.0,552,0.9999999999999997,1.0000000000000002,1.0,1.0,1.0000000000000002,552,0.0,0.0,0.0,0.0,0.0,0.0,0.0,0.0,0.0,2779.9547649919987
199,11940000000000,4.0,8.0,4.31401384083045,4.0,6.0,1156,0.0,0.0,0.0,0.0,0.0,0,1.0,1.0,1.0,1.0,1.0,552,0.9999999999999996,1.0000000000000004,1.0,1.0,1.0000000000000002,552,0.0,0.0,0.0,0.0,0.0,0.0,0.0,0.0,0.0,2867.1457963064313
200,12000000000000,4.0,8.0,4.307958477508651,4.0,6.0,1156,0.0,0.0,0.0,0.0,0.0,0,1.0,1.0,1.0,1.0,1.0,552,0.9999999999999996,1.0000000000000002,1.0,1.0,1.0000000000000002,552,0.0,0.0,0.0,0.0,0.0,0.0,0.0,0.0,0.0,2784.625118598342
201,12060000000000,4.0,8.0,4.319204152249135,4.0,6.0,1156,0.0,0.0,0.0,0.0,0.0,0,1.0,1.0,1.0,1.0,1.0,552,0.9999999999999996,1.0000000000000004,1.0,1.0,1.0000000000000002,552,0.0,0.0,0.0,0.0,0.0,0.0,0.0,0.0,0.0,2825.375937856734
202,12120000000000,4.0,8.0,4.3166089965397925,4.0,6.0,1156,0.0,0.0,0.0,0.0,0.0,0,1.0,1.0,1.0,1.0,1.0,552,0.9999999999999997,1.0000000000000002,1.0,1.0,1.0000000000000002,552,0.0,0.0,0.0,0.0,0.0,0.0,0.0,0.0,0.0,2872.469389811158
203,12180000000000,4.0,8.0,4.307958477508651,4.0,6.0,1156,0.0,0.0,0.0,0.0,0.0,0,1.0,1.0,1.0,1.0,1.0,552,0.9999999999999997,1.0000000000000004,1.0,1.0,1.0000000000000002,552,0.0,0.0,0.0,0.0,0.0,0.0,0.0,0.0,0.0,2801.479679532349
204,12240000000000,4.0,8.0,4.314878892733564,4.0,6.0,1156,0.0,0.0,0.0,0.0,0.0,0,1.0,1.0,1.0,1.0,1.0,552,0.9999999999999997,1.0000000000000002,1.0,1.0,1.0000000000000002,552,0.0,0.0,0.0,0.0,0.0,0.0,0.0,0.0,0.0,2810.5134209617972
205,12300000000000,4.0,8.0,4.311418685121107,4.0,6.0,1156,0.0,0.0,0.0,0.0,0.0,0,1.0,1.0,1.0,1.0,1.0,552,0.9999999999999997,1.0000000000000002,1.0,1.0,1.0000000000000002,552,0.0,0.0,0.0,0.0,0.0,0.0,0.0,0.0,0.0,2828.2239977270365
206,12360000000000,4.0,8.0,4.3157439446366785,4.0,6.0,1156,0.0,0.0,0.0,0.0,0.0,0,1.0,1.0,1.0,1.0,1.0,552,0.9999999999999997,1.0000000000000004,1.0,1.0,1.0000000000000002,552,0.0,0.0,0.0,0.0,0.0,0.0,0.0,0.0,0.0,2841.3531314581633
207,12420000000000,4.0,8.0,4.311418685121107,4.0,6.0,1156,0.0,0.0,0.0,0.0,0.0,0,1.0,1.0,1.0,1.0,1.0,552,0.9999999999999997,1.0000000000000004,1.0,1.0,1.0000000000000002,552,0.0,0.0,0.0,0.0,0.0,0.0,0.0,0.0,0.0,2796.6883769258857
208,12480000000000,4.0,8.0,4.309688581314879,4.0,6.0,1156,0.0,0.0,0.0,0.0,0.0,0,1.0,1.0,1.0,1.0,1.0,552,0.9999999999999996,1.0000000000000004,1.0,1.0,1.0000000000000002,552,0.0,0.0,0.0,0.0,0.0,0.0,0.0,0.0,0.0,2816.8602604418993
209,12540000000000,4.0,8.0,4.3088235294117645,4.0,6.0,1156,0.0,0.0,0.0,0.0,0.0,0,1.0,1.0,1.0,1.0,1.0,552,0.9999999999999997,1.0000000000000004,1.0,1.0,1.0000000000000002,552,0.0,0.0,0.0,0.0,0.0,0.0,0.0,0.0,0.0,2806.21297378093
210,12600000000000,4.0,8.0,4.309688581314879,4.0,6.0,1156,0.0,0.0,0.0,0.0,0.0,0,1.0,1.0,1.0,1.0,1.0,552,0.9999999999999997,1.0000000000000002,1.0,1.0,1.0000000000000002,552,0.0,0.0,0.0,0.0,0.0,0.0,0.0,0.0,0.0,2803.063922561705
211,12660000000000,4.0,8.0,4.304498269896194,4.0,6.0,1156,0.0,0.0,0.0,0.0,0.0,0,1.0,1.0,1.0,1.0,1.0,552,0.9999999999999997,1.0000000000000004,1.0,1.0,1.0000000000000002,552,0.0,0.0,0.0,0.0,0.0,0.0,0.0,0.0,0.0,2784.819733351469
212,12720000000000,4.0,8.0,4.306228373702422,4.0,6.0,1156,0.0,0.0,0.0,0.0,0.0,0,1.0,1.0,1.0,1.0,1.0,552,0.9999999999999998,1.0000000000000002,1.0,1.0,1.0000000000000002,552,0.0,0.0,0.0,0.0,0.0,0.0,0.0,0.0,0.0,2779.33232486248
213,12780000000000,4.0,8.0,4.307958477508651,4.0,6.0,1156,0.0,0.0,0.0,0.0,0.0,0,1.0,1.0,1.0,1.0,1.0,552,0.9999999999999997,1.0000000000000004,1.0,1.0,1.0000000000000002,552,0.0,0.0,0.0,0.0,0.0,0.0,0.0,0.0,0.0,2800.172354094684
214,12840000000000,4.0,8.0,4.301038062283737,4.0,6.0,1156,0.0,0.0,0.0,0.0,0.0,0,1.0,1.0,1.0,1.0,1.0,552,0.9999999999999998,1.0000000000000004,1.0,1.0,1.0000000000000002,552,0.0,0.0,0.0,0.0,0.0,0.0,0.0,0.0,0.0,2761.013670824468
215,12900000000000,4.0,8.0,4.312283737024221,4.0,6.0,1156,0.0,0.0,0.0,0.0,0.0,0,1.0,1.0,1.0,1.0,1.0,552,0.9999999999999997,1.0000000000000004,1.0,1.0,1.0000000000000002,552,0.0,0.0,0.0,0.0,0.0,0.0,0.0,0.0,0.0,2822.047415189445
216,12960000000000,4.0,8.0,4.307093425605537,4.0,6.0,1156,0.0,0.0,0.0,0.0,0.0,0,1.0,1.0,1.0,1.0,1.0,552,0.9999999999999997,1.0000000000000002,1.0,1.0,1.0000000000000002,552,0.0,0.0,0.0,0.0,0.0,0.0,0.0,0.0,0.0,2803.614062257111
217,13020000000000,4.0,8.0,4.302768166089965,4.0,6.0,1156,0.0,0.0,0.0,0.0,0.0,0,1.0,1.0,1.0,1.0,1.0,552,0.9999999999999997,1.0000000000000002,1.0,1.0,1.0000000000000002,552,0.0,0.0,0.0,0.0,0.0,0.0,0.0,0.0,0.0,2761.5791568532586
218,13080000000000,4.0,8.0,4.312283737024221,4.0,6.0,1156,0.0,0.0,0.0,0.0,0.0,0,1.0,1.0,1.0,1.0,1.0,552,0.9999999999999997,1.0000000000000002,1.0,1.0,1.0000000000000002,552,0.0,0.0,0.0,0.0,0.0,0.0,0.0,0.0,0.0,2818.6921887099743
219,13140000000000,4.0,8.0,4.303633217993079,4.0,6.0,1156,0.0,0.0,0.0,0.0,0.0,0,1.0,1.0,1.0,1.0,1.0,552,0.9999999999999996,1.0000000000000002,1.0,1.0,1.0000000000000002,552,0.0,0.0,0.0,0.0,0.0,0.0,0.0,0.0,0.0,2790.27259349823
220,13200000000000,4.0,8.0,4.304498269896194,4.0,6.0,1156,0.0,0.0,0.0,0.0,0.0,0,1.0,1.0,1.0,1.0,1.0,552,0.9999999999999997,1.0000000000000004,1.0,1.0,1.0000000000000002,552,0.0,0.0,0.0,0.0,0.0,0.0,0.0,0.0,0.0,2771.436964161694
221,13260000000000,4.0,8.0,4.3088235294117645,4.0,6.0,1156,0.0,0.0,0.0,0.0,0.0,0,1.0,1.0,1.0,1.0,1.0,552,0.9999999999999998,1.0000000000000002,1.0,1.0,1.0000000000000002,552,0.0,0.0,0.0,0.0,0.0,0.0,0.0,0.0,0.0,2836.511554196477
222,13320000000000,4.0,8.0,4.299307958477509,4.0,6.0,1156,0.0,0.0,0.0,0.0,0.0,0,1.0,1.0,1.0,1.0,1.0,552,0.9999999999999996,1.0000000000000004,1.0,1.0,1.0000000000000002,552,0.0,0.0,0.0,0.0,0.0,0.0,0.0,0.0,0.0,2802.45912540704
223,13380000000000,4.0,8.0,4.3088235294117645,4.0,6.0,1156,0.0,0.0,0.0,0.0,0.0,0,1.0,1.0,1.0,1.0,1.0,552,0.9999999999999997,1.0000000000000004,1.0,1.0,1.0000000000000002,552,0.0,0.0,0.0,0.0,0.0,0.0,0.0,0.0,0.0,2779.3750688433647
224,13440000000000,4.0,8.0,4.313148788927336,4.0,6.0,1156,0.0,0.0,0.0,0.0,0.0,0,1.0,1.0,1.0,1.0,1.0,552,0.9999999999999996,1.0000000000000004,1.0,1.0,1.0000000000000002,552,0.0,0.0,0.0,0.0,0.0,0.0,0.0,0.0,0.0,2800.5337547510862
225,13500000000000,4.0,8.0,4.299307958477509,4.0,6.0,1156,0.0,0.0,0.0,0.0,0.0,0,1.0,1.0,1.0,1.0,1.0,552,0.9999999999999998,1.0000000000000002,1.0,1.0,1.0000000000000002,552,0.0,0.0,0.0,0.0,0.0,0.0,0.0,0.0,0.0,2782.2748627513647
226,13560000000000,4.0,8.0,4.310553633217993,4.0,6.0,1156,0.0,0.0,0.0,0.0,0.0,0,1.0,1.0,1.0,1.0,1.0,552,0.9999999999999997,1.0000000000000004,1.0,1.0,1.0000000000000002,552,0.0,0.0,0.0,0.0,0.0,0.0,0.0,0.0,0.0,2807.7652528882027
227,13620000000000,4.0,8.0,4.312283737024221,4.0,6.0,1156,0.0,0.0,0.0,0.0,0.0,0,1.0,1.0,1.0,1.0,1.0,552,0.9999999999999997,1.0000000000000002,1.0,1.0,1.0000000000000002,552,0.0,0.0,0.0,0.0,0.0,0.0,0.0,0.0,0.0,2810.693509876728
228,13680000000000,4.0,8.0,4.301903114186851,4.0,6.0,1156,0.0,0.0,0.0,0.0,0.0,0,1.0,1.0,1.0,1.0,1.0,552,0.9999999999999996,1.0000000000000002,1.0,1.0,1.0,552,0.0,0.0,0.0,0.0,0.0,0.0,0.0,0.0,0.0,2793.628110550344
229,13740000000000,4.0,8.0,4.3166089965397925,4.0,6.0,1156,0.0,0.0,0.0,0.0,0.0,0,1.0,1.0,1.0,1.0,1.0,552,0.9999999999999998,1.0000000000000004,1.0,1.0,1.0000000000000002,552,0.0,0.0,0.0,0.0,0.0,0.0,0.0,0.0,0.0,2852.122850716114
230,13800000000000,4.0,8.0,4.31401384083045,4.0,6.0,1156,0.0,0.0,0.0,0.0,0.0,0,1.0,1.0,1.0,1.0,1.0,552,0.9999999999999997,1.0000000000000002,1.0,1.0,1.0000000000000002,552,0.0,0.0,0.0,0.0,0.0,0.0,0.0,0.0,0.0,2800.5038360133767
231,13860000000000,4.0,8.0,4.300173010380623,4.0,6.0,1156,0.0,0.0,0.0,0.0,0.0,0,1.0,1.0,1.0,1.0,1.0,552,0.9999999999999997,1.0000000000000002,1.0,1.0,1.0000000000000002,552,0.0,0.0,0.0,0.0,0.0,0.0,0.0,0.0,0.0,2757.3800124228
232,13920000000000,4.0,8.0,4.314878892733564,4.0,6.0,1156,0.0,0.0,0.0,0.0,0.0,0,1.0,1.0,1.0,1.0,1.0,552,0.9999999999999996,1.0000000000000002,1.0,1.0,1.0000000000000002,552,0.0,0.0,0.0,0.0,0.0,0.0,0.0,0.0,0.0,2831.436741165817
233,13980000000000,4.0,8.0,4.314878892733564,4.0,6.0,1156,0.0,0.0,0.0,0.0,0.0,0,1.0,1.0,1.0,1.0,1.0,552,0.9999999999999998,1.0000000000000004,1.0,1.0,1.0000000000000002,552,0.0,0.0,0.0,0.0,0.0,0.0,0.0,0.0,0.0,2823.9019457250834
234,14040000000000,4.0,8.0,4.300173010380623,4.0,6.0,1156,0.0,0.0,0.0,0.0,0.0,0,1.0,1.0,1.0,1.0,1.0,552,0.9999999999999997,1.0000000000000004,1.0,1.0,1.0,552,0.0,0.0,0.0,0.0,0.0,0.0,0.0,0.0,0.0,2763.356203213334
235,14100000000000,4.0,8.0,4.314878892733564,4.0,6.0,1156,0.0,0.0,0.0,0.0,0.0,0,1.0,1.0,1.0,1.0,1.0,552,0.9999999999999996,1.0000000000000004,1.0,1.0,1.0000000000000002,552,0.0,0.0,0.0,0.0,0.0,0.0,0.0,0.0,0.0,2837.394562549889
236,14160000000000,4.0,8.0,4.312283737024221,4.0,6.0,1156,0.0,0.0,0.0,0.0,0.0,0,1.0,1.0,1.0,1.0,1.0,552,0.9999999999999996,1.0000000000000002,1.0,1.0,1.0,552,0.0,0.0,0.0,0.0,0.0,0.0,0.0,0.0,0.0,2788.4366121143103
237,14220000000000,4.0,8.0,4.305363321799308,4.0,6.0,1156,0.0,0.0,0.0,0.0,0.0,0,1.0,1.0,1.0,1.0,1.0,552,0.9999999999999997,1.0000000000000002,1.0,1.0,1.0000000000000002,552,0.0,0.0,0.0,0.0,0.0,0.0,0.0,0.0,0.0,2806.886564940214
238,14280000000000,4.0,8.0,4.311418685121107,4.0,6.0,1156,0.0,0.0,0.0,0.0,0.0,0,1.0,1.0,1.0,1.0,1.0,552,0.9999999999999997,1.0000000000000004,1.0,1.0,1.0000000000000002,552,0.0,0.0,0.0,0.0,0.0,0.0,0.0,0.0,0.0,2818.6997724696994
239,14340000000000,4.0,8.0,4.311418685121107,4.0,6.0,1156,0.0,0.0,0.0,0.0,0.0,0,1.0,1.0,1.0,1.0,1.0,552,0.9999999999999997,1.0000000000000004,1.0,1.0,1.0000000000000002,552,0.0,0.0,0.0,0.0,0.0,0.0,0.0,0.0,0.0,2781.950308009982
240,14400000000000,4.0,8.0,4.307958477508651,4.0,6.0,1156,0.0,0.0,0.0,0.0,0.0,0,1.0,1.0,1.0,1.0,1.0,552,0.9999999999999996,1.0000000000000002,1.0,1.0,1.0000000000000002,552,0.0,0.0,0.0,0.0,0.0,0.0,0.0,0.0,0.0,2816.4080549031496
241,14460000000000,4.0,8.0,4.311418685121107,4.0,6.0,1156,0.0,0.0,0.0,0.0,0.0,0,1.0,1.0,1.0,1.0,1.0,552,0.9999999999999997,1.0000000000000002,1.0,1.0,1.0000000000000002,552,0.0,0.0,0.0,0.0,0.0,0.0,0.0,0.0,0.0,2795.088157057762
242,14520000000000,4.0,8.0,4.312283737024221,4.0,6.0,1156,0.0,0.0,0.0,0.0,0.0,0,1.0,1.0,1.0,1.0,1.0,552,0.9999999999999997,1.0000000000000004,1.0,1.0,1.0000000000000002,552,0.0,0.0,0.0,0.0,0.0,0.0,0.0,0.0,0.0,2794.068311341107
243,14580000000000,4.0,8.0,4.3088235294117645,4.0,6.0,1156,0.0,0.0,0.0,0.0,0.0,0,1.0,1.0,1.0,1.0,1.0,552,0.9999999999999997,1.0000000000000002,1.0,1.0,1.0000000000000002,552,0.0,0.0,0.0,0.0,0.0,0.0,0.0,0.0,0.0,2833.9927941560745
244,14640000000000,4.0,8.0,4.311418685121107,4.0,6.0,1156,0.0,0.0,0.0,0.0,0.0,0,1.0,1.0,1.0,1.0,1.0,552,0.9999999999999997,1.0000000000000004,1.0,1.0,1.0000000000000002,552,0.0,0.0,0.0,0.0,0.0,0.0,0.0,0.0,0.0,2792.8457101807
245,14700000000000,4.0,8.0,4.309688581314879,4.0,6.0,1156,0.0,0.0,0.0,0.0,0.0,0,1.0,1.0,1.0,1.0,1.0,552,0.9999999999999998,1.0000000000000002,1.0,1.0,1.0000000000000002,552,0.0,0.0,0.0,0.0,0.0,0.0,0.0,0.0,0.0,2794.494230300188
246,14760000000000,4.0,8.0,4.31401384083045,4.0,6.0,1156,0.0,0.0,0.0,0.0,0.0,0,1.0,1.0,1.0,1.0,1.0,552,0.9999999999999997,1.0000000000000002,1.0,1.0,1.0000000000000002,552,0.0,0.0,0.0,0.0,0.0,0.0,0.0,0.0,0.0,2845.5418087542057
247,14820000000000,4.0,8.0,4.310553633217993,4.0,6.0,1156,0.0,0.0,0.0,0.0,0.0,0,1.0,1.0,1.0,1.0,1.0,552,0.9999999999999997,1.0000000000000004,1.0,1.0,1.0000000000000002,552,0.0,0.0,0.0,0.0,0.0,0.0,0.0,0.0,0.0,2779.5402705669403
248,14880000000000,4.0,8.0,4.313148788927336,4.0,6.0,1156,0.0,0.0,0.0,0.0,0.0,0,1.0,1.0,1.0,1.0,1.0,552,0.9999999999999996,1.0000000000000002,1.0,1.0,1.0000000000000002,552,0.0,0.0,0.0,0.0,0.0,0.0,0.0,0.0,0.0,2791.635953821242
249,14940000000000,4.0,8.0,4.31401384083045,4.0,6.0,1156,0.0,0.0,0.0,0.0,0.0,0,1.0,1.0,1.0,1.0,1.0,552,0.9999999999999996,1.0000000000000002,1.0,1.0,1.0000000000000002,552,0.0,0.0,0.0,0.0,0.0,0.0,0.0,0.0,0.0,2854.3998654931784
250,15000000000000,4.0,8.0,4.310553633217993,4.0,6.0,1156,0.0,0.0,0.0,0.0,0.0,0,1.0,1.0,1.0,1.0,1.0,552,0.9999999999999997,1.0000000000000004,1.0,1.0,1.0000000000000002,552,0.0,0.0,0.0,0.0,0.0,0.0,0.0,0.0,0.0,2798.7737637013197
251,15060000000000,4.0,8.0,4.3166089965397925,4.0,6.0,1156,0.0,0.0,0.0,0.0,0.0,0,1.0,1.0,1.0,1.0,1.0,552,0.9999999999999997,1.0000000000000002,1.0,1.0,1.0000000000000002,552,0.0,0.0,0.0,0.0,0.0,0.0,0.0,0.0,0.0,2824.4496416300535
252,15120000000000,4.0,8.0,4.3088235294117645,4.0,6.0,1156,0.0,0.0,0.0,0.0,0.0,0,1.0,1.0,1.0,1.0,1.0,552,0.9999999999999997,1.0000000000000004,1.0,1.0,1.0000000000000002,552,0.0,0.0,0.0,0.0,0.0,0.0,0.0,0.0,0.0,2833.773656748235
253,15180000000000,4.0,8.0,4.309688581314879,4.0,6.0,1156,0.0,0.0,0.0,0.0,0.0,0,1.0,1.0,1.0,1.0,1.0,552,0.9999999999999998,1.0000000000000002,1.0,1.0,1.0000000000000002,552,0.0,0.0,0.0,0.0,0.0,0.0,0.0,0.0,0.0,2826.152188703418
254,15240000000000,4.0,8.0,4.312283737024221,4.0,6.0,1156,0.0,0.0,0.0,0.0,0.0,0,1.0,1.0,1.0,1.0,1.0,552,0.9999999999999998,1.0000000000000004,1.0,1.0,1.0000000000000002,552,0.0,0.0,0.0,0.0,0.0,0.0,0.0,0.0,0.0,2817.9318998008966
255,15300000000000,4.0,8.0,4.309688581314879,4.0,6.0,1156,0.0,0.0,0.0,0.0,0.0,0,1.0,1.0,1.0,1.0,1.0,552,0.9999999999999997,1.0000000000000004,1.0,1.0,1.0,552,0.0,0.0,0.0,0.0,0.0,0.0,0.0,0.0,0.0,2821.1856316775084
256,15360000000000,4.0,8.0,4.309688581314879,4.0,6.0,1156,0.0,0.0,0.0,0.0,0.0,0,1.0,1.0,1.0,1.0,1.0,552,0.9999999999999997,1.0000000000000002,1.0,1.0,1.0000000000000002,552,0.0,0.0,0.0,0.0,0.0,0.0,0.0,0.0,0.0,2781.7813269793987
257,15420000000000,4.0,8.0,4.306228373702422,4.0,6.0,1156,0.0,0.0,0.0,0.0,0.0,0,1.0,1.0,1.0,1.0,1.0,552,0.9999999999999998,1.0000000000000004,1.0,1.0,1.0000000000000002,552,0.0,0.0,0.0,0.0,0.0,0.0,0.0,0.0,0.0,2755.4018907248974
258,15480000000000,4.0,8.0,4.312283737024221,4.0,6.0,1156,0.0,0.0,0.0,0.0,0.0,0,1.0,1.0,1.0,1.0,1.0,552,0.9999999999999996,1.0000000000000004,1.0,1.0,1.0000000000000002,552,0.0,0.0,0.0,0.0,0.0,0.0,0.0,0.0,0.0,2831.282140687108
259,15540000000000,4.0,8.0,4.307958477508651,4.0,6.0,1156,0.0,0.0,0.0,0.0,0.0,0,1.0,1.0,1.0,1.0,1.0,552,0.9999999999999997,1.0000000000000002,1.0,1.0,1.0000000000000002,552,0.0,0.0,0.0,0.0,0.0,0.0,0.0,0.0,0.0,2788.5960889980197
260,15600000000000,4.0,8.0,4.307093425605537,4.0,6.0,1156,0.0,0.0,0.0,0.0,0.0,0,1.0,1.0,1.0,1.0,1.0,552,0.9999999999999997,1.0000000000000004,1.0,1.0,1.0000000000000002,552,0.0,0.0,0.0,0.0,0.0,0.0,0.0,0.0,0.0,2763.135694898665
261,15660000000000,4.0,8.0,4.307958477508651,4.0,6.0,1156,0.0,0.0,0.0,0.0,0.0,0,1.0,1.0,1.0,1.0,1.0,552,0.9999999999999996,1.0000000000000002,1.0,1.0,1.0,552,0.0,0.0,0.0,0.0,0.0,0.0,0.0,0.0,0.0,2839.5980643108487
262,15720000000000,4.0,8.0,4.307093425605537,4.0,6.0,1156,0.0,0.0,0.0,0.0,0.0,0,1.0,1.0,1.0,1.0,1.0,552,0.9999999999999998,1.0000000000000004,1.0,1.0,1.0000000000000002,552,0.0,0.0,0.0,0.0,0.0,0.0,0.0,0.0,0.0,2758.364925161004
263,15780000000000,4.0,8.0,4.31401384083045,4.0,6.0,1156,0.0,0.0,0.0,0.0,0.0,0,1.0,1.0,1.0,1.0,1.0,552,0.9999999999999997,1.0000000000000004,1.0,1.0,1.0,552,0.0,0.0,0.0,0.0,0.0,0.0,0.0,0.0,0.0,2840.837704949081
264,15840000000000,4.0,8.0,4.3088235294117645,4.0,6.0,1156,0.0,0.0,0.0,0.0,0.0,0,1.0,1.0,1.0,1.0,1.0,552,0.9999999999999997,1.0000000000000002,1.0,1.0,1.0000000000000002,552,0.0,0.0,0.0,0.0,0.0,0.0,0.0,0.0,0.0,2815.6942911446095
265,15900000000000,4.0,8.0,4.312283737024221,4.0,6.0,1156,0.0,0.0,0.0,0.0,0.0,0,1.0,1.0,1.0,1.0,1.0,552,0.9999999999999997,1.0000000000000002,1.0,1.0,1.0000000000000002,552,0.0,0.0,0.0,0.0,0.0,0.0,0.0,0.0,0.0,2781.9013381376863
266,15960000000000,4.0,8.0,4.3157439446366785,4.0,6.0,1156,0.0,0.0,0.0,0.0,0.0,0,1.0,1.0,1.0,1.0,1.0,552,0.9999999999999997,1.0000000000000004,1.0,1.0,1.0000000000000002,552,0.0,0.0,0.0,0.0,0.0,0.0,0.0,0.0,0.0,2834.2985762283206
267,16020000000000,4.0,8.0,4.310553633217993,4.0,6.0,1156,0.0,0.0,0.0,0.0,0.0,0,1.0,1.0,1.0,1.0,1.0,552,0.9999999999999998,1.0000000000000004,1.0,1.0,1.0000000000000002,552,0.0,0.0,0.0,0.0,0.0,0.0,0.0,0.0,0.0,2838.838213123381
268,16080000000000,4.0,8.0,4.31401384083045,4.0,6.0,1156,0.0,0.0,0.0,0.0,0.0,0,1.0,1.0,1.0,1.0,1.0,552,0.9999999999999997,1.0000000000000004,1.0,1.0,1.0000000000000002,552,0.0,0.0,0.0,0.0,0.0,0.0,0.0,0.0,0.0,2801.567974500358
269,16140000000000,4.0,8.0,4.312283737024221,4.0,6.0,1156,0.0,0.0,0.0,0.0,0.0,0,1.0,1.0,1.0,1.0,1.0,552,0.9999999999999997,1.0000000000000002,1.0,1.0,1.0000000000000002,552,0.0,0.0,0.0,0.0,0.0,0.0,0.0,0.0,0.0,2801.0564474388957
270,16200000000000,4.0,8.0,4.309688581314879,4.0,6.0,1156,0.0,0.0,0.0,0.0,0.0,0,1.0,1.0,1.0,1.0,1.0,552,0.9999999999999998,1.0000000000000002,1.0,1.0,1.0000000000000002,552,0.0,0.0,0.0,0.0,0.0,0.0,0.0,0.0,0.0,2844.2817153409123
271,16260000000000,4.0,8.0,4.31401384083045,4.0,6.0,1156,0.0,0.0,0.0,0.0,0.0,0,1.0,1.0,1.0,1.0,1.0,552,0.9999999999999997,1.0000000000000002,1.0,1.0,1.0000000000000002,552,0.0,0.0,0.0,0.0,0.0,0.0,0.0,0.0,0.0,2827.9921002686024
272,16320000000000,4.0,8.0,4.311418685121107,4.0,6.0,1156,0.0,0.0,0.0,0.0,0.0,0,1.0,1.0,1.0,1.0,1.0,552,0.9999999999999997,1.0000000000000002,1.0,1.0,1.0,552,0.0,0.0,0.0,0.0,0.0,0.0,0.0,0.0,0.0,2773.1289910152555
273,16380000000000,4.0,8.0,4.312283737024221,4.0,6.0,1156,0.0,0.0,0.0,0.0,0.0,0,1.0,1.0,1.0,1.0,1.0,552,0.9999999999999996,1.0000000000000002,1.0,1.0,1.0,552,0.0,0.0,0.0,0.0,0.0,0.0,0.0,0.0,0.0,2814.900292083621
274,16440000000000,4.0,8.0,4.311418685121107,4.0,6.0,1156,0.0,0.0,0.0,0.0,0.0,0,1.0,1.0,1.0,1.0,1.0,552,0.9999999999999998,1.0000000000000002,1.0,1.0,1.0,552,0.0,0.0,0.0,0.0,0.0,0.0,0.0,0.0,0.0,2823.812799528241
275,16500000000000,4.0,8.0,4.310553633217993,4.0,6.0,1156,0.0,0.0,0.0,0.0,0.0,0,1.0,1.0,1.0,1.0,1.0,552,0.9999999999999997,1.0000000000000002,1.0,1.0,1.0000000000000002,552,0.0,0.0,0.0,0.0,0.0,0.0,0.0,0.0,0.0,2787.3825980350375
276,16560000000000,4.0,8.0,4.312283737024221,4.0,6.0,1156,0.0,0.0,0.0,0.0,0.0,0,1.0,1.0,1.0,1.0,1.0,552,0.9999999999999997,1.0000000000000002,1.0,1.0,1.0000000000000002,552,0.0,0.0,0.0,0.0,0.0,0.0,0.0,0.0,0.0,2838.2901987060905
277,16620000000000,4.0,8.0,4.309688581314879,4.0,6.0,1156,0.0,0.0,0.0,0.0,0.0,0,1.0,1.0,1.0,1.0,1.0,552,0.9999999999999997,1.0000000000000002,1.0,1.0,1.0000000000000002,552,0.0,0.0,0.0,0.0,0.0,0.0,0.0,0.0,0.0,2790.5724784359336
278,16680000000000,4.0,8.0,4.312283737024221,4.0,6.0,1156,0.0,0.0,0.0,0.0,0.0,0,1.0,1.0,1.0,1.0,1.0,552,0.9999999999999996,1.0000000000000002,1.0,1.0,1.0000000000000002,552,0.0,0.0,0.0,0.0,0.0,0.0,0.0,0.0,0.0,2771.6560950502753
279,16740000000000,4.0,8.0,4.311418685121107,4.0,6.0,1156,0.0,0.0,0.0,0.0,0.0,0,1.0,1.0,1.0,1.0,1.0,552,0.9999999999999998,1.0000000000000004,1.0,1.0,1.0000000000000002,552,0.0,0.0,0.0,0.0,0.0,0.0,0.0,0.0,0.0,2847.82522264868
280,16800000000000,4.0,8.0,4.312283737024221,4.0,6.0,1156,0.0,0.0,0.0,0.0,0.0,0,1.0,1.0,1.0,1.0,1.0,552,0.9999999999999996,1.0000000000000004,1.0,1.0,1.0000000000000002,552,0.0,0.0,0.0,0.0,0.0,0.0,0.0,0.0,0.0,2815.3115771710873
281,16860000000000,4.0,8.0,4.313148788927336,4.0,6.0,1156,0.0,0.0,0.0,0.0,0.0,0,1.0,1.0,1.0,1.0,1.0,552,0.9999999999999997,1.0000000000000004,1.0,1.0,1.0000000000000002,552,0.0,0.0,0.0,0.0,0.0,0.0,0.0,0.0,0.0,2797.7317655459046
282,16920000000000,4.0,8.0,4.313148788927336,4.0,6.0,1156,0.0,0.0,0.0,0.0,0.0,0,1.0,1.0,1.0,1.0,1.0,552,0.9999999999999997,1.0000000000000004,1.0,1.0,1.0000000000000002,552,0.0,0.0,0.0,0.0,0.0,0.0,0.0,0.0,0.0,2849.0084493532777
283,16980000000000,4.0,8.0,4.307093425605537,4.0,6.0,1156,0.0,0.0,0.0,0.0,0.0,0,1.0,1.0,1.0,1.0,1.0,552,0.9999999999999997,1.0000000000000002,1.0,1.0,1.0000000000000002,552,0.0,0.0,0.0,0.0,0.0,0.0,0.0,0.0,0.0,2786.470530554652
284,17040000000000,4.0,8.0,4.3157439446366785,4.0,6.0,1156,0.0,0.0,0.0,0.0,0.0,0,1.0,1.0,1.0,1.0,1.0,552,0.9999999999999998,1.0000000000000002,1.0,1.0,1.0000000000000002,552,0.0,0.0,0.0,0.0,0.0,0.0,0.0,0.0,0.0,2799.7285900637507
285,17100000000000,4.0,8.0,4.311418685121107,4.0,6.0,1156,0.0,0.0,0.0,0.0,0.0,0,1.0,1.0,1.0,1.0,1.0,552,0.9999999999999997,1.0000000000000002,1.0,1.0,1.0000000000000002,552,0.0,0.0,0.0,0.0,0.0,0.0,0.0,0.0,0.0,2830.799392424524
286,17160000000000,4.0,8.0,4.309688581314879,4.0,6.0,1156,0.0,0.0,0.0,0.0,0.0,0,1.0,1.0,1.0,1.0,1.0,552,0.9999999999999998,1.0000000000000004,1.0,1.0,1.0000000000000002,552,0.0,0.0,0.0,0.0,0.0,0.0,0.0,0.0,0.0,2797.8106336668134
287,17220000000000,4.0,8.0,4.3166089965397925,4.0,6.0,1156,0.0,0.0,0.0,0.0,0.0,0,1.0,1.0,1.0,1.0,1.0,552,0.9999999999999997,1.0000000000000002,1.0,1.0,1.0,552,0.0,0.0,0.0,0.0,0.0,0.0,0.0,0.0,0.0,2811.245346441865
288,17280000000000,4.0,8.0,4.309688581314879,4.0,6.0,1156,0.0,0.0,0.0,0.0,0.0,0,1.0,1.0,1.0,1.0,1.0,552,0.9999999999999997,1.0000000000000002,1.0,1.0,1.0000000000000002,552,0.0,0.0,0.0,0.0,0.0,0.0,0.0,0.0,0.0,2799.4453022256494
289,17340000000000,4.0,8.0,4.310553633217993,4.0,6.0,1156,0.0,0.0,0.0,0.0,0.0,0,1.0,1.0,1.0,1.0,1.0,552,0.9999999999999997,1.0000000000000002,1.0,1.0,1.0000000000000002,552,0.0,0.0,0.0,0.0,0.0,0.0,0.0,0.0,0.0,2800.4919420927763
290,17400000000000,4.0,8.0,4.313148788927336,4.0,6.0,1156,0.0,0.0,0.0,0.0,0.0,0,1.0,1.0,1.0,1.0,1.0,552,0.9999999999999997,1.0000000000000004,1.0,1.0,1.0000000000000002,552,0.0,0.0,0.0,0.0,0.0,0.0,0.0,0.0,0.0,2799.9395234510303
291,17460000000000,4.0,8.0,4.306228373702422,4.0,6.0,1156,0.0,0.0,0.0,0.0,0.0,0,1.0,1.0,1.0,1.0,1.0,552,0.9999999999999997,1.0000001276768422,1.0000000002312988,1.0,1.0,552,0.0,0.0,0.0,0.0,0.0,0.0,0.0,0.0,0.0,2783.649431541562
292,17520000000000,4.0,8.0,4.311418685121107,4.0,6.0,1156,0.0,0.0,0.0,0.0,0.0,0,1.0,1.0,1.0,1.0,1.0,552,0.9999999999999997,1.0000000000000004,1.0,1.0,1.0000000000000002,552,0.0,0.0,0.0,0.0,0.0,0.0,0.0,0.0,0.0,2807.246965356171
293,17580000000000,4.0,8.0,4.311418685121107,4.0,6.0,1156,0.0,0.0,0.0,0.0,0.0,0,1.0,1.0,1.0,1.0,1.0,552,0.9999999999999996,1.0000000000000004,1.0,1.0,1.0,552,0.0,0.0,0.0,0.0,0.0,0.0,0.0,0.0,0.0,2827.154502272606
294,17640000000000,4.0,8.0,4.3088235294117645,4.0,6.0,1156,0.0,0.0,0.0,0.0,0.0,0,1.0,1.0,1.0,1.0,1.0,552,0.9999999999999998,1.0000000000000002,1.0,1.0,1.0000000000000002,552,0.0,0.0,0.0,0.0,0.0,0.0,0.0,0.0,0.0,2804.700117558241
295,17700000000000,4.0,8.0,4.3088235294117645,4.0,6.0,1156,0.0,0.0,0.0,0.0,0.0,0,1.0,1.0,1.0,1.0,1.0,552,0.9999999999999997,1.0000000000000004,1.0,1.0,1.0000000000000002,552,0.0,0.0,0.0,0.0,0.0,0.0,0.0,0.0,0.0,2794.196855276823
296,17760000000000,4.0,8.0,4.304498269896194,4.0,6.0,1156,0.0,0.0,0.0,0.0,0.0,0,1.0,1.0,1.0,1.0,1.0,552,0.9999999999999997,1.0000000000000002,1.0,1.0,1.0000000000000002,552,0.0,0.0,0.0,0.0,0.0,0.0,0.0,0.0,0.0,2783.894581720233
297,17820000000000,4.0,8.0,4.304498269896194,4.0,6.0,1156,0.0,0.0,0.0,0.0,0.0,0,1.0,1.0,1.0,1.0,1.0,552,0.9999999999999997,1.0000000000000004,1.0,1.0,1.0000000000000002,552,0.0,0.0,0.0,0.0,0.0,0.0,0.0,0.0,0.0,2778.5942908376455
298,17880000000000,4.0,8.0,4.3088235294117645,4.0,6.0,1156,0.0,0.0,0.0,0.0,0.0,0,1.0,1.0,1.0,1.0,1.0,552,0.9999999999999996,1.0000000000000004,1.0,1.0,1.0000000000000002,552,0.0,0.0,0.0,0.0,0.0,0.0,0.0,0.0,0.0,2821.2027195841074
299,17940000000000,4.0,8.0,4.303633217993079,4.0,6.0,1156,0.0,0.0,0.0,0.0,0.0,0,1.0,1.0,1.0,1.0,1.0,552,0.9999999999999997,1.0000000000000002,1.0,1.0,1.0000000000000002,552,0.0,0.0,0.0,0.0,0.0,0.0,0.0,0.0,0.0,2797.938197851181
300,18000000000000,4.0,8.0,4.302768166089965,4.0,6.0,1156,0.0,0.0,0.0,0.0,0.0,0,1.0,1.0,1.0,1.0,1.0,552,0.9999999999999997,1.0000000000000004,1.0,1.0,1.0000000000000002,552,0.0,0.0,0.0,0.0,0.0,0.0,0.0,0.0,0.0,2768.056558445096
301,18060000000000,4.0,8.0,4.309688581314879,4.0,6.0,1156,0.0,0.0,0.0,0.0,0.0,0,1.0,1.0,1.0,1.0,1.0,552,0.9999999999999997,1.0000000000000002,1.0,1.0,1.0,552,0.0,0.0,0.0,0.0,0.0,0.0,0.0,0.0,0.0,2859.899552538991
302,18120000000000,4.0,8.0,4.302768166089965,4.0,6.0,1156,0.0,0.0,0.0,0.0,0.0,0,1.0,1.0,1.0,1.0,1.0,552,0.9999999999999997,1.0000000000000002,1.0,1.0,1.0000000000000002,552,0.0,0.0,0.0,0.0,0.0,0.0,0.0,0.0,0.0,2786.6142047569156
303,18180000000000,4.0,8.0,4.304498269896194,4.0,6.0,1156,0.0,0.0,0.0,0.0,0.0,0,1.0,1.0,1.0,1.0,1.0,552,0.9999999999999997,1.0000000000000002,1.0,1.0,1.0,552,0.0,0.0,0.0,0.0,0.0,0.0,0.0,0.0,0.0,2797.9660406708717
304,18240000000000,4.0,8.0,4.313148788927336,4.0,6.0,1156,0.0,0.0,0.0,0.0,0.0,0,1.0,1.0,1.0,1.0,1.0,552,0.9999999999999997,1.0000000000000002,1.0,1.0,1.0000000000000002,552,0.0,0.0,0.0,0.0,0.0,0.0,0.0,0.0,0.0,2845.104112289846
305,18300000000000,4.0,8.0,4.298442906574395,4.0,6.0,1156,0.0,0.0,0.0,0.0,0.0,0,1.0,1.0,1.0,1.0,1.0,552,0.9999999999999996,1.0000000000000002,1.0,1.0,1.0000000000000002,552,0.0,0.0,0.0,0.0,0.0,0.0,0.0,0.0,0.0,2761.1259697005153
306,18360000000000,4.0,8.0,4.307093425605537,4.0,6.0,1156,0.0,0.0,0.0,0.0,0.0,0,1.0,1.0,1.0,1.0,1.0,552,0.9999999999999998,1.0000000000000004,1.0,1.0,1.0,552,0.0,0.0,0.0,0.0,0.0,0.0,0.0,0.0,0.0,2814.99723251909
307,18420000000000,4.0,8.0,4.314878892733564,4.0,6.0,1156,0.0,0.0,0.0,0.0,0.0,0,1.0,1.0,1.0,1.0,1.0,552,0.9999999999999997,1.0000000000000002,1.0,1.0,1.0,552,0.0,0.0,0.0,0.0,0.0,0.0,0.0,0.0,0.0,2820.9895035251975
308,18480000000000,4.0,8.0,4.298442906574395,4.0,6.0,1156,0.0,0.0,0.0,0.0,0.0,0,1.0,1.0,1.0,1.0,1.0,552,0.9999999999999997,1.0000000000000002,1.0,1.0,1.0000000000000002,552,0.0,0.0,0.0,0.0,0.0,0.0,0.0,0.0,0.0,2868.3403534814715
309,18540000000000,4.0,8.0,4.312283737024221,4.0,6.0,1156,0.0,0.0,0.0,0.0,0.0,0,1.0,1.0,1.0,1.0,1.0,552,0.9999999999999996,1.0000000000000002,1.0,1.0,1.0,552,0.0,0.0,0.0,0.0,0.0,0.0,0.0,0.0,0.0,2822.513662278652
310,18600000000000,4.0,8.0,4.312283737024221,4.0,6.0,1156,0.0,0.0,0.0,0.0,0.0,0,1.0,1.0,1.0,1.0,1.0,552,0.9999999999999997,1.0000000000000002,1.0,1.0,1.0,552,0.0,0.0,0.0,0.0,0.0,0.0,0.0,0.0,0.0,2817.6028663292527
311,18660000000000,4.0,8.0,4.301038062283737,4.0,6.0,1156,0.0,0.0,0.0,0.0,0.0,0,1.0,1.0,1.0,1.0,1.0,552,0.9999999999999998,1.0000000000000002,1.0,1.0,1.0000000000000002,552,0.0,0.0,0.0,0.0,0.0,0.0,0.0,0.0,0.0,2755.7043628767133
312,18720000000000,4.0,8.0,4.317474048442906,4.0,6.0,1156,0.0,0.0,0.0,0.0,0.0,0,1.0,1.0,1.0,1.0,1.0,552,0.9999999999999998,1.0000000000000004,1.0,1.0,1.0000000000000002,552,0.0,0.0,0.0,0.0,0.0,0.0,0.0,0.0,0.0,2837.904816493392
313,18780000000000,4.0,8.0,4.320069204152249,4.0,6.0,1156,0.0,0.0,0.0,0.0,0.0,0,1.0,1.0,1.0,1.0,1.0,552,0.9999999999999998,1.0000000000000002,1.0,1.0,1.0000000000000002,552,0.0,0.0,0.0,0.0,0.0,0.0,0.0,0.0,0.0,2869.3959526717663
314,18840000000000,4.0,8.0,4.303633217993079,4.0,6.0,1156,0.0,0.0,0.0,0.0,0.0,0,1.0,1.0,1.0,1.0,1.0,552,0.9999999999999996,1.0000000000000004,1.0,1.0,1.0000000000000002,552,0.0,0.0,0.0,0.0,0.0,0.0,0.0,0.0,0.0,2765.0513146072626
315,18900000000000,4.0,8.0,4.314878892733564,4.0,6.0,1156,0.0,0.0,0.0,0.0,0.0,0,1.0,1.0,1.0,1.0,1.0,552,0.9999999999999997,1.0000000000000002,1.0,1.0,1.0000000000000002,552,0.0,0.0,0.0,0.0,0.0,0.0,0.0,0.0,0.0,2827.8508130460978
316,18960000000000,4.0,8.0,4.31401384083045,4.0,6.0,1156,0.0,0.0,0.0,0.0,0.0,0,1.0,1.0,1.0,1.0,1.0,552,0.9999999999999996,1.0000000000000002,1.0,1.0,1.0,552,0.0,0.0,0.0,0.0,0.0,0.0,0.0,0.0,0.0,2807.0100881159306
317,19020000000000,4.0,8.0,4.298442906574395,4.0,6.0,1156,0.0,0.0,0.0,0.0,0.0,0,1.0,1.0,1.0,1.0,1.0,552,0.9999999999999996,1.0000000000000004,1.0,1.0,1.0000000000000002,552,0.0,0.0,0.0,0.0,0.0,0.0,0.0,0.0,0.0,2736.9627533480525
318,19080000000000,4.0,8.0,4.3166089965397925,4.0,6.0,1156,0.0,0.0,0.0,0.0,0.0,0,1.0,1.0,1.0,1.0,1.0,552,0.9999999999999997,1.0000000000000002,1.0,1.0,1.0000000000000002,552,0.0,0.0,0.0,0.0,0.0,0.0,0.0,0.0,0.0,2870.6180211156607
319,19140000000000,4.0,8.0,4.313148788927336,4.0,6.0,1156,0.0,0.0,0.0,0.0,0.0,0,1.0,1.0,1.0,1.0,1.0,552,0.9999999999999996,1.0000000000000002,1.0,1.0,1.0,552,0.0,0.0,0.0,0.0,0.0,0.0,0.0,0.0,0.0,2802.453773096204
320,19200000000000,4.0,8.0,4.302768166089965,4.0,6.0,1156,0.0,0.0,0.0,0.0,0.0,0,1.0,1.0,1.0,1.0,1.0,552,0.9999999999999997,1.0000000000000004,1.0,1.0,1.0000000000000002,552,0.0,0.0,0.0,0.0,0.0,0.0,0.0,0.0,0.0,2755.1010958850384
321,19260000000000,4.0,8.0,4.313148788927336,4.0,6.0,1156,0.0,0.0,0.0,0.0,0.0,0,1.0,1.0,1.0,1.0,1.0,552,0.9999999999999996,1.0000000000000004,1.0,1.0,1.0000000000000002,552,0.0,0.0,0.0,0.0,0.0,0.0,0.0,0.0,0.0,2848.848364315927
322,19320000000000,4.0,8.0,4.3088235294117645,4.0,6.0,1156,0.0,0.0,0.0,0.0,0.0,0,1.0,1.0,1.0,1.0,1.0,552,0.9999999999999997,1.0000000000000004,1.0,1.0,1.0000000000000002,552,0.0,0.0,0.0,0.0,0.0,0.0,0.0,0.0,0.0,2784.8308347165585
323,19380000000000,4.0,8.0,4.306228373702422,4.0,6.0,1156,0.0,0.0,0.0,0.0,0.0,0,1.0,1.0,1.0,1.0,1.0,552,0.9999999999999996,1.0000000000000002,1.0,1.0,1.0000000000000002,552,0.0,0.0,0.0,0.0,0.0,0.0,0.0,0.0,0.0,2791.0831812769175
324,19440000000000,4.0,8.0,4.311418685121107,4.0,6.0,1156,0.0,0.0,0.0,0.0,0.0,0,1.0,1.0,1.0,1.0,1.0,552,0.9999999999999998,1.0000000000000002,1.0,1.0,1.0,552,0.0,0.0,0.0,0.0,0.0,0.0,0.0,0.0,0.0,2822.9287387803197
325,19500000000000,4.0,8.0,4.31401384083045,4.0,6.0,1156,0.0,0.0,0.0,0.0,0.0,0,1.0,1.0,1.0,1.0,1.0,552,0.9999999999999998,1.0000000000000002,1.0,1.0,1.0,552,0.0,0.0,0.0,0.0,0.0,0.0,0.0,0.0,0.0,2826.2018533423543
326,19560000000000,4.0,8.0,4.311418685121107,4.0,6.0,1156,0.0,0.0,0.0,0.0,0.0,0,1.0,1.0,1.0,1.0,1.0,552,0.9999999999999997,1.0000000000000002,1.0,1.0,1.0000000000000002,552,0.0,0.0,0.0,0.0,0.0,0.0,0.0,0.0,0.0,2834.4650333747268
327,19620000000000,4.0,8.0,4.311418685121107,4.0,6.0,1156,0.0,0.0,0.0,0.0,0.0,0,1.0,1.0,1.0,1.0,1.0,552,0.9999999999999996,1.0000000000000004,1.0,1.0,1.0000000000000002,552,0.0,0.0,0.0,0.0,0.0,0.0,0.0,0.0,0.0,2825.624822638929
328,19680000000000,4.0,8.0,4.310553633217993,4.0,6.0,1156,0.0,0.0,0.0,0.0,0.0,0,1.0,1.0,1.0,1.0,1.0,552,0.9999999999999997,1.0000000000000004,1.0,1.0,1.0000000000000002,552,0.0,0.0,0.0,0.0,0.0,0.0,0.0,0.0,0.0,2809.109137393534
329,19740000000000,4.0,8.0,4.310553633217993,4.0,6.0,1156,0.0,0.0,0.0,0.0,0.0,0,1.0,1.0,1.0,1.0,1.0,552,0.9999999999999998,1.0000000000000004,1.0,1.0,1.0000000000000002,552,0.0,0.0,0.0,0.0,0.0,0.0,0.0,0.0,0.0,2813.077594153583
330,19800000000000,4.0,8.0,4.311418685121107,4.0,6.0,1156,0.0,0.0,0.0,0.0,0.0,0,1.0,1.0,1.0,1.0,1.0,552,0.9999999999999996,1.0000000000000002,1.0,1.0,1.0000000000000002,552,0.0,0.0,0.0,0.0,0.0,0.0,0.0,0.0,0.0,2825.753632001579
331,19860000000000,4.0,8.0,4.311418685121107,4.0,6.0,1156,0.0,0.0,0.0,0.0,0.0,0,1.0,1.0,1.0,1.0,1.0,552,0.9999999999999998,1.0000000000000004,1.0,1.0,1.0000000000000002,552,0.0,0.0,0.0,0.0,0.0,0.0,0.0,0.0,0.0,2791.5881844237447
332,19920000000000,4.0,8.0,4.312283737024221,4.0,6.0,1156,0.0,0.0,0.0,0.0,0.0,0,1.0,1.0,1.0,1.0,1.0,552,0.9999999999999996,1.0000000000000004,1.0,1.0,1.0000000000000002,552,0.0,0.0,0.0,0.0,0.0,0.0,0.0,0.0,0.0,2825.037019327283
333,19980000000000,4.0,8.0,4.3166089965397925,4.0,6.0,1156,0.0,0.0,0.0,0.0,0.0,0,1.0,1.0,1.0,1.0,1.0,552,0.9999999999999996,1.0000000000000002,1.0,1.0,1.0000000000000002,552,0.0,0.0,0.0,0.0,0.0,0.0,0.0,0.0,0.0,2858.2167476415634
334,20040000000000,4.0,8.0,4.314878892733564,4.0,6.0,1156,0.0,0.0,0.0,0.0,0.0,0,1.0,1.0,1.0,1.0,1.0,552,0.9999999999999997,1.0000000000000002,1.0,1.0,1.0000000000000002,552,0.0,0.0,0.0,0.0,0.0,0.0,0.0,0.0,0.0,2817.7574928849936
335,20100000000000,4.0,8.0,4.307093425605537,4.0,6.0,1156,0.0,0.0,0.0,0.0,0.0,0,1.0,1.0,1.0,1.0,1.0,552,0.9999999999999997,1.0000000000000004,1.0,1.0,1.0000000000000002,552,0.0,0.0,0.0,0.0,0.0,0.0,0.0,0.0,0.0,2803.573451936245
336,20160000000000,4.0,8.0,4.314878892733564,4.0,6.0,1156,0.0,0.0,0.0,0.0,0.0,0,1.0,1.0,1.0,1.0,1.0,552,0.9999999999999998,1.0000000000000002,1.0,1.0,1.0000000000000002,552,0.0,0.0,0.0,0.0,0.0,0.0,0.0,0.0,0.0,2833.584390580654
337,20220000000000,4.0,8.0,4.313148788927336,4.0,6.0,1156,0.0,0.0,0.0,0.0,0.0,0,1.0,1.0,1.0,1.0,1.0,552,0.9999999999999997,1.0000000000000002,1.0,1.0,1.0000000000000002,552,0.0,0.0,0.0,0.0,0.0,0.0,0.0,0.0,0.0,2824.9774808064103
338,20280000000000,4.0,8.0,4.3088235294117645,4.0,6.0,1156,0.0,0.0,0.0,0.0,0.0,0,1.0,1.0,1.0,1.0,1.0,552,0.9999999999999998,1.0000000000000002,1.0,1.0,1.0000000000000002,552,0.0,0.0,0.0,0.0,0.0,0.0,0.0,0.0,0.0,2820.01721765846
339,20340000000000,4.0,8.0,4.31401384083045,4.0,6.0,1156,0.0,0.0,0.0,0.0,0.0,0,1.0,1.0,1.0,1.0,1.0,552,0.9999999999999997,1.0000000000000004,1.0,1.0,1.0000000000000002,552,0.0,0.0,0.0,0.0,0.0,0.0,0.0,0.0,0.0,2834.24702193588
340,20400000000000,4.0,8.0,4.311418685121107,4.0,6.0,1156,0.0,0.0,0.0,0.0,0.0,0,1.0,1.0,1.0,1.0,1.0,552,0.9999999999999998,1.0000000000000004,1.0,1.0,1.0000000000000002,552,0.0,0.0,0.0,0.0,0.0,0.0,0.0,0.0,0.0,2811.8409430608153
341,20460000000000,4.0,8.0,4.307958477508651,4.0,6.0,1156,0.0,0.0,0.0,0.0,0.0,0,1.0,1.0,1.0,1.0,1.0,552,0.9999999999999997,1.0000000000000004,1.0,1.0,1.0000000000000002,552,0.0,0.0,0.0,0.0,0.0,0.0,0.0,0.0,0.0,2795.7349605858326
342,20520000000000,4.0,8.0,4.307093425605537,4.0,6.0,1156,0.0,0.0,0.0,0.0,0.0,0,1.0,1.0,1.0,1.0,1.0,552,0.9999999999999997,1.0000000000000004,1.0,1.0,1.0000000000000002,552,0.0,0.0,0.0,0.0,0.0,0.0,0.0,0.0,0.0,2786.9839994236827
343,20580000000000,4.0,8.0,4.3088235294117645,4.0,6.0,1156,0.0,0.0,0.0,0.0,0.0,0,1.0,1.0,1.0,1.0,1.0,552,0.9999999999999997,1.0000000000000002,1.0,1.0,1.0000000000000002,552,0.0,0.0,0.0,0.0,0.0,0.0,0.0,0.0,0.0,2801.0380314663053
344,20640000000000,4.0,8.0,4.307958477508651,4.0,6.0,1156,0.0,0.0,0.0,0.0,0.0,0,1.0,1.0,1.0,1.0,1.0,552,0.9999999999999997,1.0000000000000002,1.0,1.0,1.0000000000000002,552,0.0,0.0,0.0,0.0,0.0,0.0,0.0,0.0,0.0,2777.934296056628
345,20700000000000,4.0,8.0,4.309688581314879,4.0,6.0,1156,0.0,0.0,0.0,0.0,0.0,0,1.0,1.0,1.0,1.0,1.0,552,0.9999999999999997,1.0000000000000002,1.0,1.0,1.0000000000000002,552,0.0,0.0,0.0,0.0,0.0,0.0,0.0,0.0,0.0,2792.586044408381
346,20760000000000,4.0,8.0,4.3088235294117645,4.0,6.0,1156,0.0,0.0,0.0,0.0,0.0,0,1.0,1.0,1.0,1.0,1.0,552,0.9999999999999996,1.0000000000000002,1.0,1.0,1.0000000000000002,552,0.0,0.0,0.0,0.0,0.0,0.0,0.0,0.0,0.0,2808.70075058192
347,20820000000000,4.0,8.0,4.306228373702422,4.0,6.0,1156,0.0,0.0,0.0,0.0,0.0,0,1.0,1.0,1.0,1.0,1.0,552,0.9999999999999997,1.0000000000000002,1.0,1.0,1.0000000000000002,552,0.0,0.0,0.0,0.0,0.0,0.0,0.0,0.0,0.0,2816.4054043591022
348,20880000000000,4.0,8.0,4.307958477508651,4.0,6.0,1156,0.0,0.0,0.0,0.0,0.0,0,1.0,1.0,1.0,1.0,1.0,552,0.9999999999999997,1.0000000000000002,1.0,1.0,1.0000000000000002,552,0.0,0.0,0.0,0.0,0.0,0.0,0.0,0.0,0.0,2786.464972421527
349,20940000000000,4.0,8.0,4.307958477508651,4.0,6.0,1156,0.0,0.0,0.0,0.0,0.0,0,1.0,1.0,1.0,1.0,1.0,552,0.9999999999999996,1.0000000000000002,1.0,1.0,1.0000000000000002,552,0.0,0.0,0.0,0.0,0.0,0.0,0.0,0.0,0.0,2815.8119851723313
350,21000000000000,4.0,8.0,4.311418685121107,4.0,6.0,1156,0.0,0.0,0.0,0.0,0.0,0,1.0,1.0,1.0,1.0,1.0,552,0.9999999999999997,1.0000000000000004,1.0,1.0,1.0000000000000002,552,0.0,0.0,0.0,0.0,0.0,0.0,0.0,0.0,0.0,2852.018928155303
351,21060000000000,4.0,8.0,4.314878892733564,4.0,6.0,1156,0.0,0.0,0.0,0.0,0.0,0,1.0,1.0,1.0,1.0,1.0,552,0.9999999999999998,1.0000000000000004,1.0,1.0,1.0,552,0.0,0.0,0.0,0.0,0.0,0.0,0.0,0.0,0.0,2846.4428391307592
352,21120000000000,4.0,8.0,4.307093425605537,4.0,6.0,1156,0.0,0.0,0.0,0.0,0.0,0,1.0,1.0,1.0,1.0,1.0,552,0.9999999999999997,1.0000000000000004,1.0,1.0,1.0000000000000002,552,0.0,0.0,0.0,0.0,0.0,0.0,0.0,0.0,0.0,2792.6975833252072
353,21180000000000,4.0,8.0,4.3088235294117645,4.0,6.0,1156,0.0,0.0,0.0,0.0,0.0,0,1.0,1.0,1.0,1.0,1.0,552,0.9999999999999998,1.0000000000000002,1.0,1.0,1.0000000000000002,552,0.0,0.0,0.0,0.0,0.0,0.0,0.0,0.0,0.0,2763.112478889525
354,21240000000000,4.0,8.0,4.3166089965397925,4.0,6.0,1156,0.0,0.0,0.0,0.0,0.0,0,1.0,1.0,1.0,1.0,1.0,552,0.9999999999999997,1.0000000000000002,1.0,1.0,1.0000000000000002,552,0.0,0.0,0.0,0.0,0.0,0.0,0.0,0.0,0.0,2833.3868896588683
355,21300000000000,4.0,8.0,4.304498269896194,4.0,6.0,1156,0.0,0.0,0.0,0.0,0.0,0,1.0,1.0,1.0,1.0,1.0,552,0.9999999999999998,1.0000000000000004,1.0,1.0,1.0000000000000002,552,0.0,0.0,0.0,0.0,0.0,0.0,0.0,0.0,0.0,2763.941004872322
356,21360000000000,4.0,8.0,4.31401384083045,4.0,6.0,1156,0.0,0.0,0.0,0.0,0.0,0,1.0,1.0,1.0,1.0,1.0,552,0.9999999999999998,1.0000000000000004,1.0,1.0,1.0000000000000002,552,0.0,0.0,0.0,0.0,0.0,0.0,0.0,0.0,0.0,2812.1321853250265
357,21420000000000,4.0,8.0,4.309688581314879,4.0,6.0,1156,0.0,0.0,0.0,0.0,0.0,0,1.0,1.0,1.0,1.0,1.0,552,0.9999999999999997,1.0000000000000004,1.0,1.0,1.0000000000000002,552,0.0,0.0,0.0,0.0,0.0,0.0,0.0,0.0,0.0,2789.3247874453664
358,21480000000000,4.0,8.0,4.307958477508651,4.0,6.0,1156,0.0,0.0,0.0,0.0,0.0,0,1.0,1.0,1.0,1.0,1.0,552,0.9999999999999997,1.0000000000000002,1.0,1.0,1.0,552,0.0,0.0,0.0,0.0,0.0,0.0,0.0,0.0,0.0,2770.203203894198
359,21540000000000,4.0,8.0,4.313148788927336,4.0,6.0,1156,0.0,0.0,0.0,0.0,0.0,0,1.0,1.0,1.0,1.0,1.0,552,0.9999999999999997,1.0000000000000002,1.0,1.0,1.0000000000000002,552,0.0,0.0,0.0,0.0,0.0,0.0,0.0,0.0,0.0,2825.5106108263135
