constellation,condition,variant,seeds,deliverable_per_snapshot_mean,deliverable_per_snapshot_ci95,delivery_rate_mean,delivery_rate_ci95,delivery_gap_vs_link_state_mean,delivery_gap_vs_link_state_ci95,stretch_dist_shared_mean,stretch_dist_shared_ci95,stretch_dist_egress_mean,stretch_dist_egress_ci95,stretch_dist_forwarding_mean,stretch_dist_forwarding_ci95,delay_ms_mean,delay_ms_ci95,delay_extra_ms_mean,delay_extra_ms_ci95,delay_extra_p95_ms_mean,delay_extra_p95_ms_ci95,non_optimal_egress_rate_mean,non_optimal_egress_rate_ci95,fixed_address_forwarding_mean,fixed_address_forwarding_ci95,switched_egress_rate_mean,switched_egress_rate_ci95,gs_renumberings_per_snapshot_mean,gs_renumberings_per_snapshot_ci95,gs_address_additions_per_snapshot_mean,gs_address_additions_per_snapshot_ci95,gs_address_removals_per_snapshot_mean,gs_address_removals_per_snapshot_ci95,gs_current_address_changes_per_snapshot_mean,gs_current_address_changes_per_snapshot_ci95,flow_updates_per_snapshot_mean,flow_updates_per_snapshot_ci95,flow_update_messages_per_snapshot_mean,flow_update_messages_per_snapshot_ci95,gs_attachments_assigned_per_snapshot_mean,gs_attachments_assigned_per_snapshot_ci95,gs_attachment_shortfall_per_snapshot_mean,gs_attachment_shortfall_per_snapshot_ci95,gs_fully_attached_per_snapshot_mean,gs_fully_attached_per_snapshot_ci95,gs_attachment_conflicts_unconstrained_per_snapshot_mean,gs_attachment_conflicts_unconstrained_per_snapshot_ci95,isls_removed_per_snapshot_mean,isls_removed_per_snapshot_ci95,satellites_down_per_snapshot_mean,satellites_down_per_snapshot_ci95,fstate_updates_per_snapshot_mean,fstate_updates_per_snapshot_ci95,compute_time_ms_mean,compute_time_ms_ci95,loop_pairs_per_snapshot_mean,loop_pairs_per_snapshot_ci95,live_minima_per_snapshot_mean,live_minima_per_snapshot_ci95,detour_entries_per_snapshot_mean,detour_entries_per_snapshot_ci95,failure_events_per_snapshot_mean,failure_events_per_snapshot_ci95,exception_entries_per_snapshot_mean,exception_entries_per_snapshot_ci95,exception_entries_one_pass_per_snapshot_mean,exception_entries_one_pass_per_snapshot_ci95,exception_satellites_per_snapshot_mean,exception_satellites_per_snapshot_ci95,exception_destinations_per_snapshot_mean,exception_destinations_per_snapshot_ci95,exception_entries_on_flow_paths_per_snapshot_mean,exception_entries_on_flow_paths_per_snapshot_ci95,exception_entries_max_per_satellite_mean,exception_entries_max_per_satellite_ci95,exception_entries_in_use_per_snapshot_mean,exception_entries_in_use_per_snapshot_ci95,exception_region_entries_per_snapshot_mean,exception_region_entries_per_snapshot_ci95,exception_region_max_per_satellite_mean,exception_region_max_per_satellite_ci95,exception_share_of_link_state_mean,exception_share_of_link_state_ci95,exception_hops_to_failure_mean_mean,exception_hops_to_failure_mean_ci95,exception_hops_to_failure_max_mean,exception_hops_to_failure_max_ci95,exception_unresolved_total_mean,exception_unresolved_total_ci95,exception_unresolved_walks_total_mean,exception_unresolved_walks_total_ci95,failure_share_loop_mean,failure_share_loop_ci95,failure_share_dead_end_mean,failure_share_dead_end_ci95,failure_share_link_down_mean,failure_share_link_down_ci95,failure_share_hop_limit_mean,failure_share_hop_limit_ci95,failure_share_egress_lost_mean,failure_share_egress_lost_ci95
telesat,none,dra_scheme_req,1,552.0,,1.0,,,,1.5015856885258454,,1.420551882971697,,1.0418409157799835,,83.07758191264615,,22.746485170814033,,145.99942028854048,,0.7290257648953301,,1.0,,0.0,,10.813888888888888,,12.122222222222222,,12.122222222222222,,7.180555555555555,,165.50277777777777,,165.50277777777777,,48.0,,0.0,,24.0,,7.325,,0.0,,0.0,,0.04731408074026459,,1282.5634952634573,,0.0,,28.055555555555557,,0.0,,0.0,,117.2388888888889,,,,91.08333333333333,,,,,,,,,,,,,,0.01391724701909887,,,,,,0.0,,,,,,,,,,,,,
telesat,none,link_state_dir_half_req,1,552.0,,1.0,,,,1.259483822320175,,1.259483822320175,,1.0,,68.63921789254044,,8.308121150708276,,38.54897737979222,,0.7103512479871176,,1.0,,0.0,,,,,,,,7.180555555555555,,165.57777777777778,,165.57777777777778,,48.0,,0.0,,24.0,,7.325,,0.0,,0.0,,14.531620757247499,,1355.9104120565785,,0.0,,,,,,0.0,,,,,,,,,,,,,,,,,,,,,,,,,,,,,,,,,,,,,,,
telesat,none,topological_scheme_req,1,552.0,,1.0,,,,1.2594847002526128,,1.259483831095244,,1.0000006571069826,,68.63927398568698,,8.308177243854821,,38.54901624012849,,0.7103613123993558,,1.0,,0.0,,10.813888888888888,,12.122222222222222,,12.122222222222222,,7.180555555555555,,165.57777777777778,,165.57777777777778,,48.0,,0.0,,24.0,,7.325,,0.0,,0.0,,0.04731408074026459,,1548.2904012004535,,0.0,,0.0,,0.0,,0.0,,0.0,,,,0.0,,,,,,,,,,,,,,0.0,,,,,,0.0,,,,,,,,,,,,,
oneweb,none,dra_scheme_req,1,552.0,,1.0,,,,1.2936480000264543,,1.14251848207506,,1.1186385098890639,,63.85788233664444,,12.511942554804255,,53.4646572596718,,0.8756139291465378,,1.0,,0.0,,13.83611111111111,,15.113888888888889,,15.113888888888889,,11.052777777777777,,254.63611111111112,,254.63611111111112,,48.0,,0.0,,24.0,,4.711111111111111,,0.0,,0.0,,0.038324522009360845,,2103.885324423512,,0.0,,25.288888888888888,,0.0,,0.0,,70.83333333333333,,,,62.016666666666666,,,,,,,,,,,,,,0.0050193688586545725,,,,,,0.0,,,,,,,,,,,,,
oneweb,none,link_state_dir_half_req,1,552.0,,1.0,,,,1.138675402656102,,1.138675402656102,,1.0,,55.391238388191645,,4.045298606351457,,16.47362601981115,,0.8704357890499195,,1.0,,0.0,,,,,,,,11.052777777777777,,254.70277777777778,,254.70277777777778,,48.0,,0.0,,24.0,,4.711111111111111,,0.0,,0.0,,20.441958956284463,,3606.178266596463,,0.0,,,,,,0.0,,,,,,,,,,,,,,,,,,,,,,,,,,,,,,,,,,,,,,,
oneweb,none,topological_scheme_req,1,552.0,,1.0,,,,1.138676197107508,,1.1386760383222088,,1.0000001329445984,,55.39129739688713,,4.045357615046985,,16.47380699452035,,0.8704357890499195,,1.0,,0.0,,13.83611111111111,,15.113888888888889,,15.113888888888889,,11.052777777777777,,254.70277777777778,,254.70277777777778,,48.0,,0.0,,24.0,,4.711111111111111,,0.0,,0.0,,0.038324522009360845,,3385.2520441015563,,0.0,,0.0,,0.0,,0.0,,0.0,,,,0.0,,,,,,,,,,,,,,0.0,,,,,,0.0,,,,,,,,,,,,,
kuiper,none,dra_scheme_req,1,552.0,,1.0,,,,1.5478848102735128,,1.391823350678061,,1.0851017271026706,,69.10137616942966,,18.504030695925305,,110.92201402298156,,0.7230726650563607,,1.0,,0.0,,16.072222222222223,,21.18611111111111,,21.18611111111111,,12.4,,285.72777777777776,,285.72777777777776,,48.0,,0.0,,24.0,,1.2083333333333333,,0.0,,0.0,,0.029455137781804513,,3410.8775798645283,,0.0,,34.74722222222222,,0.0,,0.0,,212.1,,,,162.94722222222222,,,,,,,,,,,,,,0.007644896193771626,,,,,,0.0,,,,,,,,,,,,,
kuiper,none,link_state_dir_half_req,1,552.0,,1.0,,,,1.2806009628682666,,1.2806009628682666,,1.0,,56.44193544348397,,5.844589969979625,,45.83914485229454,,0.7005485104669887,,1.0,,0.0,,,,,,,,12.4,,285.7361111111111,,285.7361111111111,,48.0,,0.0,,24.0,,1.2083333333333333,,0.0,,0.0,,32.7335447369182,,16563.03973061343,,0.0,,,,,,0.0,,,,,,,,,,,,,,,,,,,,,,,,,,,,,,,,,,,,,,,
kuiper,none,topological_scheme_req,1,552.0,,1.0,,,,1.2806027255093846,,1.2806009719494433,,1.000001407616794,,56.44204963904833,,5.84470416554397,,45.839205902227576,,0.7005485104669887,,1.0,,0.0,,16.072222222222223,,21.18611111111111,,21.18611111111111,,12.4,,285.7361111111111,,285.7361111111111,,48.0,,0.0,,24.0,,1.2083333333333333,,0.0,,0.0,,0.029455137781804513,,6733.573638606403,,0.0,,0.0,,0.0,,0.0,,0.0,,,,0.0,,,,,,,,,,,,,,0.0,,,,,,0.0,,,,,,,,,,,,,
starlink,none,dra_scheme_req,1,552.0,,1.0,,,,1.753645849768554,,1.6828365587373302,,1.0280117059389877,,95.8544488987192,,27.500034739444068,,189.84045957473816,,0.727722423510467,,1.0,,0.0,,20.083333333333332,,31.147222222222222,,31.147222222222222,,16.119444444444444,,371.21944444444443,,371.21944444444443,,48.0,,0.0,,24.0,,0.6555555555555556,,0.0,,0.0,,0.024211474072198307,,4269.219692589508,,0.0,,26.772222222222222,,0.0,,0.0,,368.47222222222223,,,,320.59166666666664,,,,,,,,,,,,,,0.009692556350542461,,,,,,0.0,,,,,,,,,,,,,
starlink,none,link_state_dir_half_req,1,552.0,,1.0,,,,1.4692651033467372,,1.4692651033467372,,1.0,,79.73713321809713,,11.382719058822108,,92.06073671910659,,0.7115287842190016,,1.0,,0.0,,,,,,,,16.119444444444444,,371.2083333333333,,371.2083333333333,,48.0,,0.0,,24.0,,0.6555555555555556,,0.0,,0.0,,37.71003735122816,,29479.409895795914,,0.0,,,,,,0.0,,,,,,,,,,,,,,,,,,,,,,,,,,,,,,,,,,,,,,,
starlink,none,topological_scheme_req,1,552.0,,1.0,,,,1.4692735361178373,,1.4692651416063198,,1.0000057430629803,,79.73773256357043,,11.383318404295377,,92.06271745395712,,0.7115287842190016,,1.0,,0.0,,20.083333333333332,,31.147222222222222,,31.147222222222222,,16.119444444444444,,371.2083333333333,,371.2083333333333,,48.0,,0.0,,24.0,,0.6555555555555556,,0.0,,0.0,,0.024211474072198307,,7264.660705750187,,0.0,,0.0,,0.0,,0.0,,0.0,,,,0.0,,,,,,,,,,,,,,0.0,,,,,,0.0,,,,,,,,,,,,,
