config,condition,seed,variant,seconds,exit_code,finished_at
starlink,none,1,topological_nominal_addr_k2_nearest,544,0,2026-09-28T12:44:42+02:00
starlink,isl_p0.05,3,topological_nominal_addr_k1,547,0,2026-09-28T12:44:45+02:00
starlink,isl_p0.05,1,topological_nominal_addr_k4_sticky,608,0,2026-09-28T12:45:46+02:00
starlink,isl_p0.05,4,topological_nominal_addr_k1,616,0,2026-09-28T12:45:54+02:00
starlink,isl_p0.05,3,topological_nominal_addr_k2_perflow,630,0,2026-09-28T12:46:08+02:00
starlink,isl_p0.05,1,topological_nominal_addr_k1,678,0,2026-09-28T12:46:56+02:00
starlink,none,1,topological_nominal_addr_k1,706,0,2026-09-28T12:47:24+02:00
starlink,isl_p0.05,2,topological_nominal_addr_k4_sticky,713,0,2026-09-28T12:47:31+02:00
starlink,none,1,topological_nominal_addr_k2_sticky,725,0,2026-09-28T12:47:43+02:00
starlink,none,1,topological_nominal_addr_k2_perflow,784,0,2026-09-28T12:48:42+02:00
starlink,isl_p0.05,1,topological_nominal_addr_k2_nearest,802,0,2026-09-28T12:49:00+02:00
starlink,isl_p0.05,2,topological_nominal_addr_k4_nearest,803,0,2026-09-28T12:49:01+02:00
starlink,isl_p0.05,1,topological_nominal_addr_k2_sticky,824,0,2026-09-28T12:49:22+02:00
starlink,isl_p0.05,1,topological_nominal_addr_k2_perflow,871,0,2026-09-28T12:50:09+02:00
starlink,isl_p0.05,2,topological_nominal_addr_k2_perflow,930,0,2026-09-28T12:51:08+02:00
starlink,none,1,topological_nominal_addr_k4_sticky,933,0,2026-09-28T12:51:11+02:00
starlink,isl_p0.05,2,topological_nominal_addr_k1,953,0,2026-09-28T12:51:31+02:00
starlink,isl_p0.05,3,topological_nominal_addr_k2_nearest,960,0,2026-09-28T12:51:38+02:00
starlink,isl_p0.05,3,topological_nominal_addr_k4_nearest,1007,0,2026-09-28T12:52:25+02:00
starlink,none,1,topological_nominal_addr_k4_nearest,1015,0,2026-09-28T12:52:33+02:00
starlink,isl_p0.05,2,topological_nominal_addr_k2_sticky,1022,0,2026-09-28T12:52:40+02:00
starlink,isl_p0.05,3,topological_nominal_addr_k4_sticky,1080,0,2026-09-28T12:53:38+02:00
starlink,isl_p0.05,3,topological_nominal_addr_k2_sticky,1097,0,2026-09-28T12:53:55+02:00
starlink,isl_p0.05,4,topological_nominal_addr_k2_sticky,620,0,2026-09-28T12:55:02+02:00
starlink,isl_p0.05,2,topological_nominal_addr_k2_nearest,1193,0,2026-09-28T12:55:31+02:00
starlink,isl_p0.05,4,topological_nominal_addr_k2_perflow,656,0,2026-09-28T12:57:04+02:00
starlink,isl_p0.05,1,topological_nominal_addr_k4_nearest,1292,0,2026-09-28T12:57:10+02:00
starlink,isl_p0.05,5,topological_nominal_addr_k1,649,0,2026-09-28T13:00:11+02:00
starlink,isl_p0.05,4,topological_nominal_addr_k2_nearest,956,0,2026-09-28T13:00:41+02:00
starlink,isl_p0.05,5,topological_nominal_addr_k2_sticky,664,0,2026-09-28T13:01:13+02:00
starlink,isl_p0.05,4,topological_nominal_addr_k4_nearest,997,0,2026-09-28T13:02:31+02:00
starlink,isl_p0.05,5,topological_nominal_addr_k2_nearest,687,0,2026-09-28T13:02:35+02:00
starlink,isl_p0.05,5,topological_nominal_addr_k4_sticky,721,0,2026-09-28T13:03:12+02:00
starlink,isl_p0.05,4,topological_nominal_addr_k4_sticky,1316,0,2026-09-28T13:07:42+02:00
kuiper,none,1,topological_nominal_addr_k2_nearest,485,0,2026-09-28T13:08:16+02:00
kuiper,none,1,topological_nominal_addr_k4_sticky,484,0,2026-09-28T13:08:45+02:00
kuiper,none,1,topological_nominal_addr_k1,726,0,2026-09-28T13:09:10+02:00
starlink,isl_p0.05,5,topological_nominal_addr_k2_perflow,1150,0,2026-09-28T13:10:48+02:00
kuiper,none,1,topological_nominal_addr_k2_sticky,847,0,2026-09-28T13:11:17+02:00
starlink,isl_p0.05,5,topological_nominal_addr_k4_nearest,1190,0,2026-09-28T13:11:21+02:00
kuiper,none,1,topological_nominal_addr_k2_perflow,632,0,2026-09-28T13:13:03+02:00
kuiper,none,1,topological_nominal_addr_k4_nearest,802,0,2026-09-28T13:14:35+02:00
kuiper,isl_p0.05,1,topological_nominal_addr_k1,395,0,2026-09-28T13:17:52+02:00
kuiper,isl_p0.05,1,topological_nominal_addr_k2_nearest,370,0,2026-09-28T13:19:13+02:00
kuiper,isl_p0.05,1,topological_nominal_addr_k2_sticky,496,0,2026-09-28T13:19:37+02:00
kuiper,none,1,link_state_addr_k4_sticky,1725,0,2026-09-28T13:22:40+02:00
kuiper,none,1,link_state_addr_k1,1875,0,2026-09-28T13:23:48+02:00
kuiper,isl_p0.05,1,topological_nominal_addr_k4_sticky,555,0,2026-09-28T13:23:50+02:00
kuiper,none,1,link_state_addr_k2_nearest,1826,0,2026-09-28T13:24:04+02:00
kuiper,none,1,link_state_addr_k2_sticky,1951,0,2026-09-28T13:25:11+02:00
kuiper,none,1,link_state,1972,0,2026-09-28T13:25:18+02:00
kuiper,none,1,link_state_addr_k2_perflow,1832,0,2026-09-28T13:26:03+02:00
starlink,isl_p0.05,1,link_state_addr_k2_perflow,3079,0,2026-09-28T13:26:57+02:00
kuiper,none,1,link_state_addr_k4_nearest,1947,0,2026-09-28T13:27:29+02:00
kuiper,isl_p0.05,1,topological_nominal_addr_k4_nearest,719,0,2026-09-28T13:29:51+02:00
kuiper,isl_p0.05,1,topological_nominal_addr_k2_perflow,648,0,2026-09-28T13:30:01+02:00
starlink,isl_p0.05,3,link_state,3300,0,2026-09-28T13:30:38+02:00
kuiper,isl_p0.05,1,link_state,1707,0,2026-09-28T13:31:02+02:00
starlink,isl_p0.05,4,link_state_addr_k1,3354,0,2026-09-28T13:31:32+02:00
starlink,isl_p0.05,3,link_state_addr_k2_nearest,3377,0,2026-09-28T13:31:55+02:00
kuiper,isl_p0.05,2,topological_nominal_addr_k1,356,0,2026-09-28T13:31:59+02:00
kuiper,isl_p0.05,1,link_state_addr_k1,1747,0,2026-09-28T13:32:19+02:00
starlink,isl_p0.05,4,link_state_addr_k2_perflow,3412,0,2026-09-28T13:32:30+02:00
starlink,isl_p0.05,2,link_state,3436,0,2026-09-28T13:32:54+02:00
starlink,isl_p0.05,4,link_state_addr_k4_nearest,3478,0,2026-09-28T13:33:36+02:00
kuiper,isl_p0.05,2,topological_nominal_addr_k2_sticky,441,0,2026-09-28T13:34:18+02:00
starlink,isl_p0.05,3,link_state_addr_k2_perflow,3552,0,2026-09-28T13:34:50+02:00
starlink,isl_p0.05,4,link_state,3553,0,2026-09-28T13:34:51+02:00
starlink,isl_p0.05,2,link_state_addr_k2_perflow,3591,0,2026-09-28T13:35:29+02:00
starlink,isl_p0.05,3,link_state_addr_k2_sticky,3599,0,2026-09-28T13:35:37+02:00
starlink,none,1,link_state_addr_k4_nearest,3658,0,2026-09-28T13:36:36+02:00
kuiper,isl_p0.05,1,link_state_addr_k4_nearest,1653,0,2026-09-28T13:36:43+02:00
starlink,isl_p0.05,2,link_state_addr_k2_sticky,3672,0,2026-09-28T13:36:50+02:00
kuiper,isl_p0.05,1,link_state_addr_k4_sticky,1689,0,2026-09-28T13:36:54+02:00
starlink,isl_p0.05,1,link_state,3697,0,2026-09-28T13:37:15+02:00
kuiper,isl_p0.05,1,link_state_addr_k2_nearest,1743,0,2026-09-28T13:37:19+02:00
kuiper,isl_p0.05,2,topological_nominal_addr_k2_nearest,604,0,2026-09-28T13:37:33+02:00
starlink,isl_p0.05,3,link_state_addr_k1,3742,0,2026-09-28T13:38:00+02:00
starlink,isl_p0.05,2,link_state_addr_k4_sticky,3756,0,2026-09-28T13:38:14+02:00
starlink,isl_p0.05,2,link_state_addr_k2_nearest,3765,0,2026-09-28T13:38:23+02:00
starlink,isl_p0.05,3,link_state_addr_k4_sticky,3771,0,2026-09-28T13:38:29+02:00
kuiper,isl_p0.05,2,topological_nominal_addr_k2_perflow,473,0,2026-09-28T13:38:31+02:00
kuiper,isl_p0.05,2,topological_nominal_addr_k4_sticky,564,0,2026-09-28T13:39:15+02:00
starlink,none,1,link_state_addr_k2_sticky,3826,0,2026-09-28T13:39:24+02:00
starlink,isl_p0.05,1,link_state_addr_k4_sticky,3829,0,2026-09-28T13:39:27+02:00
starlink,isl_p0.05,4,link_state_addr_k2_nearest,3892,0,2026-09-28T13:40:30+02:00
kuiper,isl_p0.05,3,topological_nominal_addr_k2_sticky,385,0,2026-09-28T13:40:43+02:00
kuiper,isl_p0.05,2,topological_nominal_addr_k4_nearest,659,0,2026-09-28T13:41:00+02:00
kuiper,isl_p0.05,3,topological_nominal_addr_k2_nearest,372,0,2026-09-28T13:41:02+02:00
starlink,none,1,link_state_addr_k2_perflow,3929,0,2026-09-28T13:41:07+02:00
starlink,isl_p0.05,4,link_state_addr_k2_sticky,3954,0,2026-09-28T13:41:32+02:00
kuiper,isl_p0.05,3,topological_nominal_addr_k1,489,0,2026-09-28T13:41:45+02:00
starlink,none,1,link_state,3977,0,2026-09-28T13:41:55+02:00
starlink,isl_p0.05,1,link_state_addr_k2_nearest,3985,0,2026-09-28T13:42:03+02:00
starlink,isl_p0.05,3,link_state_addr_k4_nearest,3989,0,2026-09-28T13:42:07+02:00
starlink,none,1,link_state_addr_k4_sticky,4005,0,2026-09-28T13:42:23+02:00
kuiper,isl_p0.05,1,link_state_addr_k2_sticky,2085,0,2026-09-28T13:42:27+02:00
starlink,isl_p0.05,1,link_state_addr_k2_sticky,4033,0,2026-09-28T13:42:51+02:00
starlink,none,1,link_state_addr_k2_nearest,4035,0,2026-09-28T13:42:53+02:00
starlink,isl_p0.05,2,link_state_addr_k4_nearest,4051,0,2026-09-28T13:43:09+02:00
starlink,none,1,link_state_addr_k1,4062,0,2026-09-28T13:43:20+02:00
kuiper,isl_p0.05,3,topological_nominal_addr_k2_perflow,473,0,2026-09-28T13:43:30+02:00
starlink,isl_p0.05,1,link_state_addr_k1,4104,0,2026-09-28T13:44:02+02:00
starlink,isl_p0.05,1,link_state_addr_k4_nearest,4128,0,2026-09-28T13:44:26+02:00
starlink,isl_p0.05,2,link_state_addr_k1,4129,0,2026-09-28T13:44:27+02:00
kuiper,isl_p0.05,3,topological_nominal_addr_k4_sticky,585,0,2026-09-28T13:44:37+02:00
kuiper,isl_p0.05,1,link_state_addr_k2_perflow,2048,0,2026-09-28T13:44:56+02:00
starlink,isl_p0.05,5,link_state_addr_k2_perflow,3367,0,2026-09-28T13:45:08+02:00
kuiper,isl_p0.05,3,topological_nominal_addr_k4_nearest,588,0,2026-09-28T13:45:17+02:00
starlink,isl_p0.05,4,link_state_addr_k4_sticky,4209,0,2026-09-28T13:45:47+02:00
starlink,isl_p0.05,5,link_state_addr_k4_sticky,3428,0,2026-09-28T13:45:50+02:00
starlink,isl_p0.05,5,link_state_addr_k1,3527,0,2026-09-28T13:46:11+02:00
kuiper,isl_p0.05,4,topological_nominal_addr_k4_nearest,464,0,2026-09-28T13:46:15+02:00
kuiper,isl_p0.05,4,topological_nominal_addr_k1,548,0,2026-09-28T13:47:08+02:00
kuiper,isl_p0.05,4,topological_nominal_addr_k2_nearest,555,0,2026-09-28T13:47:38+02:00
starlink,isl_p0.05,5,link_state_addr_k4_nearest,3524,0,2026-09-28T13:47:44+02:00
oneweb,none,1,link_state_addr_k2_sticky,294,0,2026-09-28T13:47:47+02:00
kuiper,isl_p0.05,4,topological_nominal_addr_k2_sticky,581,0,2026-09-28T13:47:55+02:00
oneweb,none,1,topological_nominal_addr_k1,225,0,2026-09-28T13:48:11+02:00
oneweb,none,1,link_state,360,0,2026-09-28T13:48:27+02:00
kuiper,isl_p0.05,5,topological_nominal_addr_k2_sticky,407,0,2026-09-28T13:48:32+02:00
kuiper,isl_p0.05,2,link_state,1737,0,2026-09-28T13:48:34+02:00
starlink,isl_p0.05,5,link_state,3704,0,2026-09-28T13:48:40+02:00
oneweb,none,1,topological_nominal_addr_k4_nearest,220,0,2026-09-28T13:48:48+02:00
kuiper,isl_p0.05,5,topological_nominal_addr_k1,444,0,2026-09-28T13:48:57+02:00
oneweb,none,1,link_state_addr_k1,370,0,2026-09-28T13:49:01+02:00
oneweb,none,1,topological_nominal_addr_k2_nearest,270,0,2026-09-28T13:49:07+02:00
kuiper,isl_p0.05,2,link_state_addr_k2_perflow,1433,0,2026-09-28T13:49:11+02:00
oneweb,none,1,link_state_addr_k4_nearest,358,0,2026-09-28T13:49:28+02:00
oneweb,none,1,topological_nominal_addr_k2_sticky,319,0,2026-09-28T13:49:46+02:00
oneweb,none,1,topological_nominal_addr_k4_sticky,294,0,2026-09-28T13:49:50+02:00
oneweb,isl_p0.05,1,link_state_addr_k1,243,0,2026-09-28T13:49:53+02:00
oneweb,none,1,link_state_addr_k4_sticky,402,0,2026-09-28T13:50:02+02:00
oneweb,none,1,link_state_addr_k2_nearest,434,0,2026-09-28T13:50:23+02:00
kuiper,isl_p0.05,2,link_state_addr_k2_sticky,1604,0,2026-09-28T13:50:32+02:00
kuiper,isl_p0.05,4,topological_nominal_addr_k4_sticky,724,0,2026-09-28T13:50:33+02:00
kuiper,isl_p0.05,5,topological_nominal_addr_k4_nearest,512,0,2026-09-28T13:50:39+02:00
oneweb,none,1,link_state_addr_k2_perflow,405,0,2026-09-28T13:50:47+02:00
oneweb,isl_p0.05,1,link_state_addr_k2_sticky,277,0,2026-09-28T13:50:48+02:00
kuiper,isl_p0.05,2,link_state_addr_k4_nearest,1554,0,2026-09-28T13:51:05+02:00
kuiper,isl_p0.05,2,link_state_addr_k2_nearest,1637,0,2026-09-28T13:51:07+02:00
oneweb,none,1,topological_nominal_addr_k2_perflow,351,0,2026-09-28T13:51:08+02:00
oneweb,isl_p0.05,1,link_state,337,0,2026-09-28T13:51:24+02:00
kuiper,isl_p0.05,5,topological_nominal_addr_k2_nearest,576,0,2026-09-28T13:51:31+02:00
oneweb,isl_p0.05,1,link_state_addr_k2_nearest,316,0,2026-09-28T13:51:31+02:00
kuiper,isl_p0.05,5,topological_nominal_addr_k4_sticky,569,0,2026-09-28T13:51:32+02:00
kuiper,isl_p0.05,4,topological_nominal_addr_k2_perflow,739,0,2026-09-28T13:51:34+02:00
starlink,isl_p0.05,5,link_state_addr_k2_nearest,3856,0,2026-09-28T13:51:59+02:00
oneweb,isl_p0.05,1,topological_nominal_addr_k1,261,0,2026-09-28T13:52:08+02:00
oneweb,isl_p0.05,1,topological_nominal_addr_k2_nearest,248,0,2026-09-28T13:52:19+02:00
oneweb,isl_p0.05,1,topological_nominal_addr_k4_sticky,241,0,2026-09-28T13:52:28+02:00
oneweb,isl_p0.05,1,link_state_addr_k2_perflow,293,0,2026-09-28T13:52:37+02:00
oneweb,isl_p0.05,1,topological_nominal_addr_k2_sticky,292,0,2026-09-28T13:52:47+02:00
oneweb,isl_p0.05,1,topological_nominal_addr_k4_nearest,255,0,2026-09-28T13:52:47+02:00
kuiper,isl_p0.05,3,link_state_addr_k2_sticky,1274,0,2026-09-28T13:53:09+02:00
oneweb,isl_p0.05,2,topological_nominal_addr_k2_sticky,204,0,2026-09-28T13:53:14+02:00
oneweb,isl_p0.05,1,link_state_addr_k4_nearest,338,0,2026-09-28T13:53:16+02:00
starlink,isl_p0.05,5,link_state_addr_k2_sticky,3949,0,2026-09-28T13:53:20+02:00
oneweb,isl_p0.05,2,link_state,284,0,2026-09-28T13:53:24+02:00
kuiper,isl_p0.05,2,link_state_addr_k4_sticky,1762,0,2026-09-28T13:53:26+02:00
oneweb,isl_p0.05,2,link_state_addr_k2_nearest,274,0,2026-09-28T13:53:35+02:00
kuiper,isl_p0.05,5,topological_nominal_addr_k2_perflow,681,0,2026-09-28T13:53:44+02:00
oneweb,isl_p0.05,2,topological_nominal_addr_k1,266,0,2026-09-28T13:54:12+02:00
kuiper,isl_p0.05,2,link_state_addr_k1,1892,0,2026-09-28T13:54:12+02:00
oneweb,isl_p0.05,1,link_state_addr_k4_sticky,429,0,2026-09-28T13:54:17+02:00
kuiper,isl_p0.05,3,link_state_addr_k1,1373,0,2026-09-28T13:54:25+02:00
oneweb,isl_p0.05,2,link_state_addr_k2_sticky,330,0,2026-09-28T13:54:27+02:00
oneweb,isl_p0.05,3,topological_nominal_addr_k1,187,0,2026-09-28T13:54:31+02:00
kuiper,isl_p0.05,3,link_state_addr_k2_perflow,1305,0,2026-09-28T13:54:39+02:00
oneweb,isl_p0.05,1,topological_nominal_addr_k2_perflow,370,0,2026-09-28T13:54:44+02:00
oneweb,isl_p0.05,2,topological_nominal_addr_k2_nearest,301,0,2026-09-28T13:54:54+02:00
oneweb,isl_p0.05,3,link_state_addr_k2_perflow,235,0,2026-09-28T13:55:03+02:00
kuiper,isl_p0.05,3,link_state_addr_k4_sticky,1366,0,2026-09-28T13:55:05+02:00
oneweb,isl_p0.05,2,topological_nominal_addr_k2_perflow,275,0,2026-09-28T13:55:07+02:00
oneweb,isl_p0.05,3,topological_nominal_addr_k2_nearest,215,0,2026-09-28T13:55:07+02:00
oneweb,isl_p0.05,2,topological_nominal_addr_k4_sticky,310,0,2026-09-28T13:55:12+02:00
oneweb,isl_p0.05,3,link_state_addr_k2_sticky,282,0,2026-09-28T13:55:29+02:00
oneweb,isl_p0.05,2,link_state_addr_k4_nearest,381,0,2026-09-28T13:55:32+02:00
oneweb,isl_p0.05,3,link_state,305,0,2026-09-28T13:55:38+02:00
kuiper,isl_p0.05,3,link_state,1480,0,2026-09-28T13:55:42+02:00
kuiper,isl_p0.05,3,link_state_addr_k2_nearest,1423,0,2026-09-28T13:55:42+02:00
oneweb,isl_p0.05,3,topological_nominal_addr_k4_sticky,255,0,2026-09-28T13:55:47+02:00
oneweb,isl_p0.05,2,link_state_addr_k2_perflow,380,0,2026-09-28T13:55:48+02:00
oneweb,isl_p0.05,2,link_state_addr_k4_sticky,406,0,2026-09-28T13:55:53+02:00
oneweb,isl_p0.05,3,link_state_addr_k1,318,0,2026-09-28T13:55:57+02:00
oneweb,isl_p0.05,3,link_state_addr_k2_nearest,323,0,2026-09-28T13:56:11+02:00
kuiper,isl_p0.05,4,link_state_addr_k2_nearest,1159,0,2026-09-28T13:56:13+02:00
oneweb,isl_p0.05,2,topological_nominal_addr_k4_nearest,351,0,2026-09-28T13:56:14+02:00
oneweb,isl_p0.05,2,link_state_addr_k1,448,0,2026-09-28T13:56:16+02:00
kuiper,isl_p0.05,4,link_state_addr_k1,1184,0,2026-09-28T13:56:27+02:00
oneweb,isl_p0.05,3,link_state_addr_k4_nearest,328,0,2026-09-28T13:56:35+02:00
oneweb,isl_p0.05,3,topological_nominal_addr_k4_nearest,301,0,2026-09-28T13:56:35+02:00
oneweb,isl_p0.05,3,topological_nominal_addr_k2_sticky,305,0,2026-09-28T13:56:36+02:00
kuiper,isl_p0.05,4,link_state_addr_k4_nearest,1159,0,2026-09-28T13:56:38+02:00
kuiper,isl_p0.05,4,link_state_addr_k2_perflow,1145,0,2026-09-28T13:56:38+02:00
oneweb,isl_p0.05,3,link_state_addr_k4_sticky,340,0,2026-09-28T13:56:45+02:00
oneweb,isl_p0.05,3,topological_nominal_addr_k2_perflow,292,0,2026-09-28T13:56:51+02:00
oneweb,isl_p0.05,4,topological_nominal_addr_k4_nearest,211,0,2026-09-28T13:56:57+02:00
kuiper,isl_p0.05,3,link_state_addr_k4_nearest,1469,0,2026-09-28T13:56:59+02:00
oneweb,isl_p0.05,4,link_state,309,0,2026-09-28T13:57:17+02:00
oneweb,isl_p0.05,4,link_state_addr_k2_sticky,294,0,2026-09-28T13:57:23+02:00
telesat,none,1,link_state_addr_k2_nearest,119,0,2026-09-28T13:57:31+02:00
oneweb,isl_p0.05,4,topological_nominal_addr_k2_perflow,238,0,2026-09-28T13:57:33+02:00
oneweb,isl_p0.05,4,topological_nominal_addr_k2_sticky,258,0,2026-09-28T13:57:34+02:00
oneweb,isl_p0.05,4,topological_nominal_addr_k4_sticky,250,0,2026-09-28T13:57:34+02:00
oneweb,isl_p0.05,4,link_state_addr_k1,317,0,2026-09-28T13:57:36+02:00
telesat,none,1,topological_nominal_addr_k2_nearest,109,0,2026-09-28T13:57:42+02:00
oneweb,isl_p0.05,4,topological_nominal_addr_k2_nearest,268,0,2026-09-28T13:57:48+02:00
telesat,none,1,link_state_addr_k2_perflow,127,0,2026-09-28T13:57:49+02:00
oneweb,isl_p0.05,4,topological_nominal_addr_k1,275,0,2026-09-28T13:57:49+02:00
telesat,none,1,topological_nominal_addr_k4_nearest,100,0,2026-09-28T13:57:51+02:00
oneweb,isl_p0.05,4,link_state_addr_k4_sticky,310,0,2026-09-28T13:57:57+02:00
telesat,none,1,topological_nominal_addr_k2_sticky,129,0,2026-09-28T13:57:57+02:00
telesat,none,1,link_state,172,0,2026-09-28T13:57:59+02:00
telesat,none,1,topological_nominal_addr_k1,135,0,2026-09-28T13:58:02+02:00
oneweb,isl_p0.05,4,link_state_addr_k2_nearest,328,0,2026-09-28T13:58:05+02:00
telesat,none,1,topological_nominal_addr_k4_sticky,140,0,2026-09-28T13:58:17+02:00
telesat,none,1,link_state_addr_k1,187,0,2026-09-28T13:58:19+02:00
telesat,isl_p0.05,1,link_state_addr_k1,133,0,2026-09-28T13:58:29+02:00
telesat,none,1,topological_nominal_addr_k2_perflow,145,0,2026-09-28T13:58:38+02:00
kuiper,isl_p0.05,4,link_state_addr_k2_sticky,1311,0,2026-09-28T13:58:41+02:00
kuiper,isl_p0.05,4,link_state_addr_k4_sticky,1287,0,2026-09-28T13:58:42+02:00
telesat,none,1,link_state_addr_k4_nearest,183,0,2026-09-28T13:58:45+02:00
oneweb,isl_p0.05,4,link_state_addr_k4_nearest,358,0,2026-09-28T13:58:45+02:00
oneweb,isl_p0.05,5,topological_nominal_addr_k4_nearest,225,0,2026-09-28T13:58:50+02:00
telesat,isl_p0.05,1,topological_nominal_addr_k2_nearest,121,0,2026-09-28T13:58:52+02:00
telesat,isl_p0.05,1,topological_nominal_addr_k2_perflow,102,0,2026-09-28T13:58:59+02:00
oneweb,isl_p0.05,5,topological_nominal_addr_k2_perflow,234,0,2026-09-28T13:59:01+02:00
oneweb,isl_p0.05,5,link_state,323,0,2026-09-28T13:59:07+02:00
telesat,isl_p0.05,1,topological_nominal_addr_k2_sticky,142,0,2026-09-28T13:59:07+02:00
oneweb,isl_p0.05,5,link_state_addr_k2_perflow,280,0,2026-09-28T13:59:11+02:00
oneweb,isl_p0.05,5,topological_nominal_addr_k2_sticky,269,0,2026-09-28T13:59:13+02:00
kuiper,isl_p0.05,5,link_state,1189,0,2026-09-28T13:59:13+02:00
kuiper,isl_p0.05,4,link_state,1357,0,2026-09-28T13:59:13+02:00
telesat,isl_p0.05,1,link_state,180,0,2026-09-28T13:59:14+02:00
kuiper,isl_p0.05,5,link_state_addr_k2_perflow,1091,0,2026-09-28T13:59:18+02:00
telesat,isl_p0.05,2,link_state,115,0,2026-09-28T13:59:18+02:00
telesat,isl_p0.05,1,topological_nominal_addr_k4_sticky,145,0,2026-09-28T13:59:22+02:00
telesat,isl_p0.05,1,topological_nominal_addr_k1,166,0,2026-09-28T13:59:24+02:00
telesat,none,1,link_state_addr_k2_sticky,235,0,2026-09-28T13:59:24+02:00
telesat,isl_p0.05,1,link_state_addr_k2_perflow,166,0,2026-09-28T13:59:24+02:00
oneweb,isl_p0.05,5,link_state_addr_k4_nearest,300,0,2026-09-28T13:59:27+02:00
telesat,isl_p0.05,2,link_state_addr_k2_perflow,108,0,2026-09-28T13:59:30+02:00
oneweb,isl_p0.05,4,link_state_addr_k2_perflow,384,0,2026-09-28T13:59:33+02:00
telesat,isl_p0.05,2,topological_nominal_addr_k4_nearest,97,0,2026-09-28T13:59:34+02:00
oneweb,isl_p0.05,5,topological_nominal_addr_k1,299,0,2026-09-28T13:59:38+02:00
telesat,none,1,link_state_addr_k4_sticky,241,0,2026-09-28T13:59:39+02:00
oneweb,isl_p0.05,5,topological_nominal_addr_k4_sticky,277,0,2026-09-28T13:59:40+02:00
telesat,isl_p0.05,2,topological_nominal_addr_k1,112,0,2026-09-28T13:59:40+02:00
oneweb,isl_p0.05,5,link_state_addr_k4_sticky,316,0,2026-09-28T13:59:41+02:00
telesat,isl_p0.05,1,topological_nominal_addr_k4_nearest,163,0,2026-09-28T13:59:42+02:00
oneweb,isl_p0.05,5,topological_nominal_addr_k2_nearest,292,0,2026-09-28T13:59:46+02:00
oneweb,isl_p0.05,5,link_state_addr_k1,335,0,2026-09-28T13:59:47+02:00
telesat,isl_p0.05,2,topological_nominal_addr_k2_perflow,115,0,2026-09-28T13:59:52+02:00
telesat,isl_p0.05,1,link_state_addr_k2_sticky,206,0,2026-09-28T13:59:53+02:00
telesat,isl_p0.05,2,topological_nominal_addr_k2_sticky,130,0,2026-09-28T13:59:59+02:00
kuiper,isl_p0.05,5,link_state_addr_k4_nearest,1138,0,2026-09-28T14:00:00+02:00
oneweb,isl_p0.05,5,link_state_addr_k2_sticky,349,0,2026-09-28T14:00:01+02:00
telesat,isl_p0.05,1,link_state_addr_k4_sticky,207,0,2026-09-28T14:00:02+02:00
telesat,isl_p0.05,2,topological_nominal_addr_k2_nearest,134,0,2026-09-28T14:00:03+02:00
telesat,isl_p0.05,2,link_state_addr_k4_sticky,151,0,2026-09-28T14:00:05+02:00
telesat,isl_p0.05,1,link_state_addr_k4_nearest,209,0,2026-09-28T14:00:05+02:00
telesat,isl_p0.05,2,topological_nominal_addr_k4_sticky,136,0,2026-09-28T14:00:07+02:00
kuiper,isl_p0.05,5,link_state_addr_k2_sticky,1180,0,2026-09-28T14:00:10+02:00
kuiper,isl_p0.05,5,link_state_addr_k1,1245,0,2026-09-28T14:00:12+02:00
telesat,isl_p0.05,3,link_state,134,0,2026-09-28T14:00:13+02:00
telesat,isl_p0.05,1,link_state_addr_k2_nearest,221,0,2026-09-28T14:00:16+02:00
telesat,isl_p0.05,2,link_state_addr_k1,173,0,2026-09-28T14:00:24+02:00
oneweb,isl_p0.05,5,link_state_addr_k2_nearest,373,0,2026-09-28T14:00:30+02:00
telesat,isl_p0.05,2,link_state_addr_k2_nearest,181,0,2026-09-28T14:00:35+02:00
telesat,isl_p0.05,3,topological_nominal_addr_k4_sticky,111,0,2026-09-28T14:00:36+02:00
telesat,isl_p0.05,3,link_state_addr_k2_perflow,118,0,2026-09-28T14:00:36+02:00
telesat,isl_p0.05,3,topological_nominal_addr_k1,118,0,2026-09-28T14:00:39+02:00
telesat,isl_p0.05,3,topological_nominal_addr_k2_sticky,122,0,2026-09-28T14:00:44+02:00
telesat,isl_p0.05,3,link_state_addr_k2_sticky,159,0,2026-09-28T14:00:44+02:00
telesat,isl_p0.05,4,topological_nominal_addr_k2_sticky,90,0,2026-09-28T14:00:44+02:00
telesat,isl_p0.05,2,link_state_addr_k2_sticky,192,0,2026-09-28T14:00:45+02:00
telesat,isl_p0.05,3,link_state_addr_k2_nearest,148,0,2026-09-28T14:00:45+02:00
telesat,isl_p0.05,3,topological_nominal_addr_k2_nearest,123,0,2026-09-28T14:00:48+02:00
telesat,isl_p0.05,2,link_state_addr_k4_nearest,192,0,2026-09-28T14:00:48+02:00
telesat,isl_p0.05,4,topological_nominal_addr_k1,99,0,2026-09-28T14:00:52+02:00
telesat,isl_p0.05,3,topological_nominal_addr_k4_nearest,123,0,2026-09-28T14:00:53+02:00
telesat,isl_p0.05,5,link_state,91,0,2026-09-28T14:00:55+02:00
telesat,isl_p0.05,3,link_state_addr_k1,174,0,2026-09-28T14:00:56+02:00
telesat,isl_p0.05,4,link_state,118,0,2026-09-28T14:00:57+02:00
telesat,isl_p0.05,3,topological_nominal_addr_k2_perflow,125,0,2026-09-28T14:00:57+02:00
telesat,isl_p0.05,4,topological_nominal_addr_k4_nearest,96,0,2026-09-28T14:00:58+02:00
telesat,isl_p0.05,3,link_state_addr_k4_nearest,149,0,2026-09-28T14:00:58+02:00
telesat,isl_p0.05,4,topological_nominal_addr_k2_nearest,101,0,2026-09-28T14:00:59+02:00
telesat,isl_p0.05,5,topological_nominal_addr_k2_nearest,82,0,2026-09-28T14:01:02+02:00
telesat,isl_p0.05,3,link_state_addr_k4_sticky,163,0,2026-09-28T14:01:02+02:00
telesat,isl_p0.05,5,topological_nominal_addr_k4_nearest,87,0,2026-09-28T14:01:09+02:00
telesat,isl_p0.05,4,link_state_addr_k4_sticky,118,0,2026-09-28T14:01:09+02:00
telesat,isl_p0.05,5,topological_nominal_addr_k1,91,0,2026-09-28T14:01:10+02:00
telesat,isl_p0.05,5,topological_nominal_addr_k2_sticky,90,0,2026-09-28T14:01:10+02:00
telesat,isl_p0.05,4,topological_nominal_addr_k4_sticky,115,0,2026-09-28T14:01:13+02:00
telesat,isl_p0.05,4,link_state_addr_k2_perflow,121,0,2026-09-28T14:01:14+02:00
telesat,isl_p0.05,4,link_state_addr_k1,135,0,2026-09-28T14:01:16+02:00
telesat,isl_p0.05,5,topological_nominal_addr_k2_perflow,90,0,2026-09-28T14:01:16+02:00
telesat,isl_p0.05,4,topological_nominal_addr_k2_perflow,116,0,2026-09-28T14:01:20+02:00
telesat,isl_p0.05,4,link_state_addr_k4_nearest,127,0,2026-09-28T14:01:20+02:00
telesat,isl_p0.05,5,link_state_addr_k2_nearest,112,0,2026-09-28T14:01:22+02:00
telesat,isl_p0.05,4,link_state_addr_k2_nearest,135,0,2026-09-28T14:01:22+02:00
telesat,isl_p0.05,5,topological_nominal_addr_k4_sticky,104,0,2026-09-28T14:01:25+02:00
telesat,isl_p0.05,4,link_state_addr_k2_sticky,139,0,2026-09-28T14:01:26+02:00
kuiper,isl_p0.05,5,link_state_addr_k2_nearest,1245,0,2026-09-28T14:01:28+02:00
telesat,isl_p0.05,5,link_state_addr_k4_nearest,114,0,2026-09-28T14:01:28+02:00
telesat,isl_p0.05,5,link_state_addr_k2_sticky,121,0,2026-09-28T14:01:28+02:00
telesat,isl_p0.05,5,link_state_addr_k2_perflow,111,0,2026-09-28T14:01:29+02:00
telesat,isl_p0.05,5,link_state_addr_k4_sticky,117,0,2026-09-28T14:01:30+02:00
kuiper,isl_p0.05,5,link_state_addr_k4_sticky,1231,0,2026-09-28T14:01:31+02:00
telesat,isl_p0.05,5,link_state_addr_k1,131,0,2026-09-28T14:01:35+02:00
