time_index,time_since_epoch_ns,fstate_size_min,fstate_size_max,fstate_size_mean,fstate_size_median,fstate_size_p95,fstate_size_count,strict_header_bytes_min,strict_header_bytes_max,strict_header_bytes_mean,strict_header_bytes_median,strict_header_bytes_p95,strict_header_bytes_count,srv6_srh_bytes_min,srv6_srh_bytes_max,srv6_srh_bytes_mean,srv6_srh_bytes_median,srv6_srh_bytes_p95,srv6_srh_bytes_count,stretch_hop_min,stretch_hop_max,stretch_hop_mean,stretch_hop_median,stretch_hop_p95,stretch_hop_count,stretch_dist_min,stretch_dist_max,stretch_dist_mean,stretch_dist_median,stretch_dist_p95,stretch_dist_count,explicit_failover_count,explicit_failover_delivered_count,explicit_failover_delivered_rate,explicit_failover_protected_repair_count,explicit_failover_protected_repair_rate,explicit_failover_broken_adj_count,explicit_failover_broken_adj_rate,explicit_failover_egress_not_visible_count,explicit_failover_egress_not_visible_rate,explicit_failover_dynamic_egress_repair_count,explicit_failover_dynamic_egress_repair_rate,explicit_failover_dynamic_egress_unavailable_count,explicit_failover_dynamic_egress_unavailable_rate,compute_time_ms
0,0,4.0,9.0,4.521367521367521,4.0,6.0,351,0.0,0.0,0.0,0.0,0.0,0,0.0,0.0,0.0,0.0,0.0,0,1.0,1.0,1.0,1.0,1.0,552,0.9999999999999998,1.0000000029905511,1.0000000000054177,1.0,1.0,552,0.0,0.0,0.0,0.0,0.0,0.0,0.0,0.0,0.0,0.0,0.0,0.0,0.0,242.45389700081432
1,60000000000,4.0,9.0,4.524216524216524,4.0,6.0,351,0.0,0.0,0.0,0.0,0.0,0,0.0,0.0,0.0,0.0,0.0,0,1.0,1.0,1.0,1.0,1.0,552,0.9999999999999997,1.0000000000000002,1.0,1.0,1.0,552,0.0,0.0,0.0,0.0,0.0,0.0,0.0,0.0,0.0,0.0,0.0,0.0,0.0,230.95895199730876
2,120000000000,4.0,8.0,4.518518518518518,4.0,6.0,351,0.0,0.0,0.0,0.0,0.0,0,0.0,0.0,0.0,0.0,0.0,0,1.0,1.0,1.0,1.0,1.0,552,0.9999999999999996,1.0000000000000002,1.0,1.0,1.0000000000000002,552,0.0,0.0,0.0,0.0,0.0,0.0,0.0,0.0,0.0,0.0,0.0,0.0,0.0,247.82087299900013
3,180000000000,4.0,9.0,4.518518518518518,4.0,6.0,351,0.0,0.0,0.0,0.0,0.0,0,0.0,0.0,0.0,0.0,0.0,0,1.0,1.0,1.0,1.0,1.0,552,0.9999999999999996,1.0015394932713013,1.0000048852203562,1.0,1.0,552,0.0,0.0,0.0,0.0,0.0,0.0,0.0,0.0,0.0,0.0,0.0,0.0,0.0,230.91836599996896
4,240000000000,4.0,9.0,4.512820512820513,4.0,6.0,351,0.0,0.0,0.0,0.0,0.0,0,0.0,0.0,0.0,0.0,0.0,0,1.0,1.0,1.0,1.0,1.0,552,0.9999999999999996,1.0000000000000002,1.0,1.0,1.0000000000000002,552,0.0,0.0,0.0,0.0,0.0,0.0,0.0,0.0,0.0,0.0,0.0,0.0,0.0,242.88456599970232
5,300000000000,4.0,9.0,4.518518518518518,4.0,6.0,351,0.0,0.0,0.0,0.0,0.0,0,0.0,0.0,0.0,0.0,0.0,0,1.0,1.0,1.0,1.0,1.0,552,0.9999999999999997,1.0024321820118869,1.0000044061268332,1.0,1.0000000000000002,552,0.0,0.0,0.0,0.0,0.0,0.0,0.0,0.0,0.0,0.0,0.0,0.0,0.0,233.42810600297526
6,360000000000,4.0,8.0,4.512820512820513,4.0,6.0,351,0.0,0.0,0.0,0.0,0.0,0,0.0,0.0,0.0,0.0,0.0,0,1.0,1.0,1.0,1.0,1.0,552,0.9999999999999997,1.0000243379212532,1.0000001197941761,1.0,1.0000000000000002,552,0.0,0.0,0.0,0.0,0.0,0.0,0.0,0.0,0.0,0.0,0.0,0.0,0.0,235.99107499831007
7,420000000000,4.0,10.0,4.538461538461538,4.0,6.0,351,0.0,0.0,0.0,0.0,0.0,0,0.0,0.0,0.0,0.0,0.0,0,1.0,1.0,1.0,1.0,1.0,552,0.9999999999999998,1.0000000000000002,1.0,1.0,1.0,552,0.0,0.0,0.0,0.0,0.0,0.0,0.0,0.0,0.0,0.0,0.0,0.0,0.0,234.50977799802786
8,480000000000,4.0,9.0,4.527065527065527,4.0,7.0,351,0.0,0.0,0.0,0.0,0.0,0,0.0,0.0,0.0,0.0,0.0,0,1.0,1.0,1.0,1.0,1.0,552,0.9999999999999996,1.0000000000000002,1.0,1.0,1.0,552,0.0,0.0,0.0,0.0,0.0,0.0,0.0,0.0,0.0,0.0,0.0,0.0,0.0,228.51332299978822
9,540000000000,4.0,9.0,4.524216524216524,4.0,6.0,351,0.0,0.0,0.0,0.0,0.0,0,0.0,0.0,0.0,0.0,0.0,0,1.0,1.0,1.0,1.0,1.0,552,0.9999999999999998,1.0000000000000002,1.0,1.0,1.0,552,0.0,0.0,0.0,0.0,0.0,0.0,0.0,0.0,0.0,0.0,0.0,0.0,0.0,254.26067399894237
10,600000000000,4.0,8.0,4.515669515669516,4.0,6.0,351,0.0,0.0,0.0,0.0,0.0,0,0.0,0.0,0.0,0.0,0.0,0,1.0,1.0,1.0,1.0,1.0,552,0.9999999999999998,1.0000000000000002,1.0,1.0,1.0,552,0.0,0.0,0.0,0.0,0.0,0.0,0.0,0.0,0.0,0.0,0.0,0.0,0.0,239.515200999449
11,660000000000,4.0,8.0,4.518518518518518,4.0,6.0,351,0.0,0.0,0.0,0.0,0.0,0,0.0,0.0,0.0,0.0,0.0,0,1.0,1.0,1.0,1.0,1.0,552,0.9999999999999998,1.0011367807352902,1.0000036111681554,1.0,1.0000000000000002,552,0.0,0.0,0.0,0.0,0.0,0.0,0.0,0.0,0.0,0.0,0.0,0.0,0.0,232.34318799950415
12,720000000000,4.0,9.0,4.515669515669516,4.0,6.0,351,0.0,0.0,0.0,0.0,0.0,0,0.0,0.0,0.0,0.0,0.0,0,1.0,1.0,1.0,1.0,1.0,552,0.9999999999999997,1.0000000000000002,1.0,1.0,1.0000000000000002,552,0.0,0.0,0.0,0.0,0.0,0.0,0.0,0.0,0.0,0.0,0.0,0.0,0.0,227.57688199999393
13,780000000000,4.0,9.0,4.515669515669516,4.0,6.0,351,0.0,0.0,0.0,0.0,0.0,0,0.0,0.0,0.0,0.0,0.0,0,1.0,1.0,1.0,1.0,1.0,552,0.9999999999999998,1.0000000000000002,1.0,1.0,1.0000000000000002,552,0.0,0.0,0.0,0.0,0.0,0.0,0.0,0.0,0.0,0.0,0.0,0.0,0.0,228.05998799958616
14,840000000000,4.0,9.0,4.524216524216524,4.0,6.0,351,0.0,0.0,0.0,0.0,0.0,0,0.0,0.0,0.0,0.0,0.0,0,1.0,1.0,1.0,1.0,1.0,552,0.9999999999999998,1.0000000000000002,1.0,1.0,1.0000000000000002,552,0.0,0.0,0.0,0.0,0.0,0.0,0.0,0.0,0.0,0.0,0.0,0.0,0.0,242.6498349996109
15,900000000000,4.0,10.0,4.527065527065527,4.0,6.0,351,0.0,0.0,0.0,0.0,0.0,0,0.0,0.0,0.0,0.0,0.0,0,1.0,1.0,1.0,1.0,1.0,552,0.9999999999999998,1.0000000000000002,1.0,1.0,1.0,552,0.0,0.0,0.0,0.0,0.0,0.0,0.0,0.0,0.0,0.0,0.0,0.0,0.0,231.1812119987735
16,960000000000,4.0,9.0,4.515669515669516,4.0,6.5,351,0.0,0.0,0.0,0.0,0.0,0,0.0,0.0,0.0,0.0,0.0,0,1.0,1.0,1.0,1.0,1.0,552,0.9999999999999998,1.0000000000000002,1.0,1.0,1.0,552,0.0,0.0,0.0,0.0,0.0,0.0,0.0,0.0,0.0,0.0,0.0,0.0,0.0,248.77196099987486
17,1020000000000,4.0,9.0,4.524216524216524,4.0,6.0,351,0.0,0.0,0.0,0.0,0.0,0,0.0,0.0,0.0,0.0,0.0,0,1.0,1.0,1.0,1.0,1.0,552,0.9999999999999997,1.0033616875413764,1.000006090013662,1.0,1.0,552,0.0,0.0,0.0,0.0,0.0,0.0,0.0,0.0,0.0,0.0,0.0,0.0,0.0,234.04907900112448
18,1080000000000,4.0,8.0,4.515669515669516,4.0,6.0,351,0.0,0.0,0.0,0.0,0.0,0,0.0,0.0,0.0,0.0,0.0,0,1.0,1.0,1.0,1.0,1.0,552,0.9999999999999998,1.0000000000000002,1.0,1.0,1.0,552,0.0,0.0,0.0,0.0,0.0,0.0,0.0,0.0,0.0,0.0,0.0,0.0,0.0,235.89450199870043
19,1140000000000,4.0,8.0,4.524216524216524,4.0,6.5,351,0.0,0.0,0.0,0.0,0.0,0,0.0,0.0,0.0,0.0,0.0,0,1.0,1.0,1.0,1.0,1.0,552,0.9999999999999998,1.0000000000000002,1.0,1.0,1.0,552,0.0,0.0,0.0,0.0,0.0,0.0,0.0,0.0,0.0,0.0,0.0,0.0,0.0,235.7412640012626
20,1200000000000,4.0,10.0,4.518518518518518,4.0,6.0,351,0.0,0.0,0.0,0.0,0.0,0,0.0,0.0,0.0,0.0,0.0,0,1.0,1.0,1.0,1.0,1.0,552,0.9999999999999998,1.0000000000000002,1.0,1.0,1.0000000000000002,552,0.0,0.0,0.0,0.0,0.0,0.0,0.0,0.0,0.0,0.0,0.0,0.0,0.0,236.7970659979619
21,1260000000000,4.0,10.0,4.532763532763533,4.0,6.0,351,0.0,0.0,0.0,0.0,0.0,0,0.0,0.0,0.0,0.0,0.0,0,1.0,1.0,1.0,1.0,1.0,552,0.9999999999999997,1.0000000000000004,1.0,1.0,1.0,552,0.0,0.0,0.0,0.0,0.0,0.0,0.0,0.0,0.0,0.0,0.0,0.0,0.0,233.7138139992021
22,1320000000000,4.0,9.0,4.515669515669516,4.0,6.0,351,0.0,0.0,0.0,0.0,0.0,0,0.0,0.0,0.0,0.0,0.0,0,1.0,1.0,1.0,1.0,1.0,552,0.9999999999999997,1.0000000000000002,1.0,1.0,1.0,552,0.0,0.0,0.0,0.0,0.0,0.0,0.0,0.0,0.0,0.0,0.0,0.0,0.0,228.53968599883956
23,1380000000000,4.0,10.0,4.524216524216524,4.0,6.0,351,0.0,0.0,0.0,0.0,0.0,0,0.0,0.0,0.0,0.0,0.0,0,1.0,1.0,1.0,1.0,1.0,552,0.9999999999999998,1.0000000000000002,1.0,1.0,1.0000000000000002,552,0.0,0.0,0.0,0.0,0.0,0.0,0.0,0.0,0.0,0.0,0.0,0.0,0.0,250.59585199778667
24,1440000000000,4.0,9.0,4.518518518518518,4.0,6.0,351,0.0,0.0,0.0,0.0,0.0,0,0.0,0.0,0.0,0.0,0.0,0,1.0,1.0,1.0,1.0,1.0,552,0.9999999999999998,1.0000000000000002,1.0,1.0,1.0,552,0.0,0.0,0.0,0.0,0.0,0.0,0.0,0.0,0.0,0.0,0.0,0.0,0.0,234.3971390000661
25,1500000000000,4.0,9.0,4.538461538461538,4.0,6.0,351,0.0,0.0,0.0,0.0,0.0,0,0.0,0.0,0.0,0.0,0.0,0,1.0,1.0,1.0,1.0,1.0,552,0.9999999999999997,1.0000000000000002,1.0,1.0,1.0,552,0.0,0.0,0.0,0.0,0.0,0.0,0.0,0.0,0.0,0.0,0.0,0.0,0.0,235.7941939990269
26,1560000000000,4.0,8.0,4.52991452991453,4.0,6.0,351,0.0,0.0,0.0,0.0,0.0,0,0.0,0.0,0.0,0.0,0.0,0,1.0,1.0,1.0,1.0,1.0,552,0.9999999999999997,1.0000000000000002,1.0,1.0,1.0,552,0.0,0.0,0.0,0.0,0.0,0.0,0.0,0.0,0.0,0.0,0.0,0.0,0.0,237.21653200118453
27,1620000000000,4.0,8.0,4.50997150997151,4.0,6.0,351,0.0,0.0,0.0,0.0,0.0,0,0.0,0.0,0.0,0.0,0.0,0,1.0,1.0,1.0,1.0,1.0,552,0.9999999999999997,1.0000000000000002,1.0,1.0,1.0,552,0.0,0.0,0.0,0.0,0.0,0.0,0.0,0.0,0.0,0.0,0.0,0.0,0.0,231.55862000203342
28,1680000000000,4.0,9.0,4.521367521367521,4.0,6.0,351,0.0,0.0,0.0,0.0,0.0,0,0.0,0.0,0.0,0.0,0.0,0,1.0,1.0,1.0,1.0,1.0,552,0.9999999999999997,1.0000000000000002,1.0,1.0,1.0,552,0.0,0.0,0.0,0.0,0.0,0.0,0.0,0.0,0.0,0.0,0.0,0.0,0.0,242.00710599689046
29,1740000000000,4.0,10.0,4.527065527065527,4.0,6.0,351,0.0,0.0,0.0,0.0,0.0,0,0.0,0.0,0.0,0.0,0.0,0,1.0,1.0,1.0,1.0,1.0,552,0.9999999999999998,1.0000000000000002,1.0,1.0,1.0,552,0.0,0.0,0.0,0.0,0.0,0.0,0.0,0.0,0.0,0.0,0.0,0.0,0.0,233.9614110023831
30,1800000000000,4.0,9.0,4.52991452991453,4.0,6.0,351,0.0,0.0,0.0,0.0,0.0,0,0.0,0.0,0.0,0.0,0.0,0,1.0,1.0,1.0,1.0,1.0,552,0.9999999999999998,1.0000000000000004,1.0,1.0,1.0,552,0.0,0.0,0.0,0.0,0.0,0.0,0.0,0.0,0.0,0.0,0.0,0.0,0.0,259.5389510024688
31,1860000000000,4.0,9.0,4.52991452991453,4.0,6.0,351,0.0,0.0,0.0,0.0,0.0,0,0.0,0.0,0.0,0.0,0.0,0,1.0,1.0,1.0,1.0,1.0,552,0.9999999999999998,1.0000000000000004,1.0,1.0,1.0000000000000002,552,0.0,0.0,0.0,0.0,0.0,0.0,0.0,0.0,0.0,0.0,0.0,0.0,0.0,228.2741499984695
32,1920000000000,4.0,9.0,4.527065527065527,4.0,6.0,351,0.0,0.0,0.0,0.0,0.0,0,0.0,0.0,0.0,0.0,0.0,0,1.0,1.0,1.0,1.0,1.0,552,0.9999999999999998,1.0000000000000002,1.0,1.0,1.0,552,0.0,0.0,0.0,0.0,0.0,0.0,0.0,0.0,0.0,0.0,0.0,0.0,0.0,225.86089499964146
33,1980000000000,4.0,9.0,4.52991452991453,4.0,6.0,351,0.0,0.0,0.0,0.0,0.0,0,0.0,0.0,0.0,0.0,0.0,0,1.0,1.0,1.0,1.0,1.0,552,0.9999999999999998,1.0000000000000004,1.0,1.0,1.0,552,0.0,0.0,0.0,0.0,0.0,0.0,0.0,0.0,0.0,0.0,0.0,0.0,0.0,237.96337699968717
34,2040000000000,4.0,9.0,4.5413105413105415,4.0,6.5,351,0.0,0.0,0.0,0.0,0.0,0,0.0,0.0,0.0,0.0,0.0,0,1.0,1.0,1.0,1.0,1.0,552,0.9999999999999998,1.0000000000000002,1.0,1.0,1.0,552,0.0,0.0,0.0,0.0,0.0,0.0,0.0,0.0,0.0,0.0,0.0,0.0,0.0,241.42068400033168
35,2100000000000,4.0,9.0,4.532763532763533,4.0,6.5,351,0.0,0.0,0.0,0.0,0.0,0,0.0,0.0,0.0,0.0,0.0,0,1.0,1.0,1.0,1.0,1.0,552,0.9999999999999998,1.0000000000000002,1.0,1.0,1.0,552,0.0,0.0,0.0,0.0,0.0,0.0,0.0,0.0,0.0,0.0,0.0,0.0,0.0,234.09939900011523
36,2160000000000,4.0,9.0,4.521367521367521,4.0,6.0,351,0.0,0.0,0.0,0.0,0.0,0,0.0,0.0,0.0,0.0,0.0,0,1.0,1.0,1.0,1.0,1.0,552,0.9999999999999998,1.0000000000000002,1.0,1.0,1.0000000000000002,552,0.0,0.0,0.0,0.0,0.0,0.0,0.0,0.0,0.0,0.0,0.0,0.0,0.0,232.7662200004852
37,2220000000000,4.0,9.0,4.524216524216524,4.0,6.0,351,0.0,0.0,0.0,0.0,0.0,0,0.0,0.0,0.0,0.0,0.0,0,1.0,1.0,1.0,1.0,1.0,552,0.9999999999999997,1.0000000000000002,1.0,1.0,1.0000000000000002,552,0.0,0.0,0.0,0.0,0.0,0.0,0.0,0.0,0.0,0.0,0.0,0.0,0.0,253.53494199953275
38,2280000000000,4.0,9.0,4.507122507122507,4.0,6.0,351,0.0,0.0,0.0,0.0,0.0,0,0.0,0.0,0.0,0.0,0.0,0,1.0,1.0,1.0,1.0,1.0,552,0.9999999999999998,1.0000000000000002,1.0,1.0,1.0000000000000002,552,0.0,0.0,0.0,0.0,0.0,0.0,0.0,0.0,0.0,0.0,0.0,0.0,0.0,231.0389619997295
39,2340000000000,4.0,9.0,4.521367521367521,4.0,6.0,351,0.0,0.0,0.0,0.0,0.0,0,0.0,0.0,0.0,0.0,0.0,0,1.0,1.0,1.0,1.0,1.0,552,0.9999999999999998,1.0000000000000002,1.0,1.0,1.0,552,0.0,0.0,0.0,0.0,0.0,0.0,0.0,0.0,0.0,0.0,0.0,0.0,0.0,234.91758199816104
40,2400000000000,4.0,9.0,4.512820512820513,4.0,6.0,351,0.0,0.0,0.0,0.0,0.0,0,0.0,0.0,0.0,0.0,0.0,0,1.0,1.0,1.0,1.0,1.0,552,0.9999999999999998,1.0000000000000004,1.0,1.0,1.0000000000000002,552,0.0,0.0,0.0,0.0,0.0,0.0,0.0,0.0,0.0,0.0,0.0,0.0,0.0,233.85967599824653
41,2460000000000,4.0,8.0,4.521367521367521,4.0,6.0,351,0.0,0.0,0.0,0.0,0.0,0,0.0,0.0,0.0,0.0,0.0,0,1.0,1.0,1.0,1.0,1.0,552,0.9999999999999998,1.0000000000000002,1.0,1.0,1.0000000000000002,552,0.0,0.0,0.0,0.0,0.0,0.0,0.0,0.0,0.0,0.0,0.0,0.0,0.0,230.7946479995735
42,2520000000000,4.0,9.0,4.5413105413105415,4.0,6.0,351,0.0,0.0,0.0,0.0,0.0,0,0.0,0.0,0.0,0.0,0.0,0,1.0,1.0,1.0,1.0,1.0,552,0.9999999999999998,1.0000000000000002,1.0,1.0,1.0,552,0.0,0.0,0.0,0.0,0.0,0.0,0.0,0.0,0.0,0.0,0.0,0.0,0.0,236.12254899853724
43,2580000000000,4.0,9.0,4.532763532763533,4.0,6.0,351,0.0,0.0,0.0,0.0,0.0,0,0.0,0.0,0.0,0.0,0.0,0,1.0,1.0,1.0,1.0,1.0,552,0.9999999999999998,1.0000000000000002,1.0,1.0,1.0,552,0.0,0.0,0.0,0.0,0.0,0.0,0.0,0.0,0.0,0.0,0.0,0.0,0.0,237.95516200334532
44,2640000000000,4.0,9.0,4.544159544159545,4.0,6.0,351,0.0,0.0,0.0,0.0,0.0,0,0.0,0.0,0.0,0.0,0.0,0,1.0,1.0,1.0,1.0,1.0,552,0.9999999999999998,1.0000000000000002,1.0,1.0,1.0000000000000002,552,0.0,0.0,0.0,0.0,0.0,0.0,0.0,0.0,0.0,0.0,0.0,0.0,0.0,255.37569900188828
45,2700000000000,4.0,9.0,4.521367521367521,4.0,6.0,351,0.0,0.0,0.0,0.0,0.0,0,0.0,0.0,0.0,0.0,0.0,0,1.0,1.0,1.0,1.0,1.0,552,0.9999999999999997,1.0000000000000002,1.0,1.0,1.0,552,0.0,0.0,0.0,0.0,0.0,0.0,0.0,0.0,0.0,0.0,0.0,0.0,0.0,236.39950399956433
46,2760000000000,4.0,9.0,4.515669515669516,4.0,6.0,351,0.0,0.0,0.0,0.0,0.0,0,0.0,0.0,0.0,0.0,0.0,0,1.0,1.0,1.0,1.0,1.0,552,0.9999999999999997,1.0000000000000002,1.0,1.0,1.0,552,0.0,0.0,0.0,0.0,0.0,0.0,0.0,0.0,0.0,0.0,0.0,0.0,0.0,234.64748699916527
47,2820000000000,4.0,9.0,4.521367521367521,4.0,6.0,351,0.0,0.0,0.0,0.0,0.0,0,0.0,0.0,0.0,0.0,0.0,0,1.0,1.0,1.0,1.0,1.0,552,0.9999999999999997,1.0000000000000002,1.0,1.0,1.0,552,0.0,0.0,0.0,0.0,0.0,0.0,0.0,0.0,0.0,0.0,0.0,0.0,0.0,232.33804600022268
48,2880000000000,4.0,9.0,4.52991452991453,4.0,6.0,351,0.0,0.0,0.0,0.0,0.0,0,0.0,0.0,0.0,0.0,0.0,0,1.0,1.0,1.0,1.0,1.0,552,0.9999999999999998,1.0000000000000002,1.0,1.0,1.0,552,0.0,0.0,0.0,0.0,0.0,0.0,0.0,0.0,0.0,0.0,0.0,0.0,0.0,230.73260199817014
49,2940000000000,4.0,9.0,4.521367521367521,4.0,6.0,351,0.0,0.0,0.0,0.0,0.0,0,0.0,0.0,0.0,0.0,0.0,0,1.0,1.0,1.0,1.0,1.0,552,0.9999999999999998,1.0000000000000002,1.0,1.0,1.0,552,0.0,0.0,0.0,0.0,0.0,0.0,0.0,0.0,0.0,0.0,0.0,0.0,0.0,239.7179369982041
50,3000000000000,4.0,9.0,4.527065527065527,4.0,6.0,351,0.0,0.0,0.0,0.0,0.0,0,0.0,0.0,0.0,0.0,0.0,0,1.0,1.0,1.0,1.0,1.0,552,0.9999999999999998,1.0037936529431104,1.0000068725596796,1.0,1.0,552,0.0,0.0,0.0,0.0,0.0,0.0,0.0,0.0,0.0,0.0,0.0,0.0,0.0,241.1661490004917
51,3060000000000,4.0,9.0,4.532763532763533,4.0,6.0,351,0.0,0.0,0.0,0.0,0.0,0,0.0,0.0,0.0,0.0,0.0,0,1.0,1.0,1.0,1.0,1.0,552,0.9999999999999998,1.0000000000000002,1.0,1.0,1.0,552,0.0,0.0,0.0,0.0,0.0,0.0,0.0,0.0,0.0,0.0,0.0,0.0,0.0,251.16510599764297
52,3120000000000,4.0,9.0,4.52991452991453,4.0,6.0,351,0.0,0.0,0.0,0.0,0.0,0,0.0,0.0,0.0,0.0,0.0,0,1.0,1.0,1.0,1.0,1.0,552,0.9999999999999997,1.0000000000000004,1.0,1.0,1.0,552,0.0,0.0,0.0,0.0,0.0,0.0,0.0,0.0,0.0,0.0,0.0,0.0,0.0,227.75118299978203
53,3180000000000,4.0,9.0,4.527065527065527,4.0,6.0,351,0.0,0.0,0.0,0.0,0.0,0,0.0,0.0,0.0,0.0,0.0,0,1.0,1.0,1.0,1.0,1.0,552,0.9999999999999998,1.0000000000000004,1.0,1.0,1.0,552,0.0,0.0,0.0,0.0,0.0,0.0,0.0,0.0,0.0,0.0,0.0,0.0,0.0,239.05422000098042
54,3240000000000,4.0,9.0,4.524216524216524,4.0,6.0,351,0.0,0.0,0.0,0.0,0.0,0,0.0,0.0,0.0,0.0,0.0,0,1.0,1.0,1.0,1.0,1.0,552,0.9999999999999998,1.0000000000000002,1.0,1.0,1.0,552,0.0,0.0,0.0,0.0,0.0,0.0,0.0,0.0,0.0,0.0,0.0,0.0,0.0,237.0233020010346
55,3300000000000,4.0,9.0,4.518518518518518,4.0,6.0,351,0.0,0.0,0.0,0.0,0.0,0,0.0,0.0,0.0,0.0,0.0,0,1.0,1.0,1.0,1.0,1.0,552,0.9999999999999998,1.0000000000000002,1.0,1.0,1.0000000000000002,552,0.0,0.0,0.0,0.0,0.0,0.0,0.0,0.0,0.0,0.0,0.0,0.0,0.0,232.38970799866365
56,3360000000000,4.0,9.0,4.50997150997151,4.0,6.0,351,0.0,0.0,0.0,0.0,0.0,0,0.0,0.0,0.0,0.0,0.0,0,1.0,1.0,1.0,1.0,1.0,552,0.9999999999999998,1.0000000000000002,1.0,1.0,1.0,552,0.0,0.0,0.0,0.0,0.0,0.0,0.0,0.0,0.0,0.0,0.0,0.0,0.0,231.6513859987026
57,3420000000000,4.0,9.0,4.50997150997151,4.0,6.0,351,0.0,0.0,0.0,0.0,0.0,0,0.0,0.0,0.0,0.0,0.0,0,1.0,1.0,1.0,1.0,1.0,552,0.9999999999999997,1.0000000000000002,1.0,1.0,1.0,552,0.0,0.0,0.0,0.0,0.0,0.0,0.0,0.0,0.0,0.0,0.0,0.0,0.0,233.80184000052395
58,3480000000000,4.0,9.0,4.518518518518518,4.0,6.0,351,0.0,0.0,0.0,0.0,0.0,0,0.0,0.0,0.0,0.0,0.0,0,1.0,1.0,1.0,1.0,1.0,552,0.9999999999999998,1.0000000000000002,1.0,1.0,1.0,552,0.0,0.0,0.0,0.0,0.0,0.0,0.0,0.0,0.0,0.0,0.0,0.0,0.0,255.11667099999613
59,3540000000000,4.0,10.0,4.52991452991453,4.0,6.0,351,0.0,0.0,0.0,0.0,0.0,0,0.0,0.0,0.0,0.0,0.0,0,1.0,1.0,1.0,1.0,1.0,552,0.9999999999999998,1.0000000000000002,1.0,1.0,1.0000000000000002,552,0.0,0.0,0.0,0.0,0.0,0.0,0.0,0.0,0.0,0.0,0.0,0.0,0.0,237.37569999866537
60,3600000000000,4.0,9.0,4.52991452991453,4.0,6.5,351,0.0,0.0,0.0,0.0,0.0,0,0.0,0.0,0.0,0.0,0.0,0,1.0,1.0,1.0,1.0,1.0,552,0.9999999999999998,1.0000000000000002,1.0,1.0,1.0,552,0.0,0.0,0.0,0.0,0.0,0.0,0.0,0.0,0.0,0.0,0.0,0.0,0.0,235.01353000028757
61,3660000000000,4.0,9.0,4.518518518518518,4.0,6.0,351,0.0,0.0,0.0,0.0,0.0,0,0.0,0.0,0.0,0.0,0.0,0,1.0,1.0,1.0,1.0,1.0,552,0.9999999999999996,1.0000000000000002,1.0,1.0,1.0,552,0.0,0.0,0.0,0.0,0.0,0.0,0.0,0.0,0.0,0.0,0.0,0.0,0.0,227.50297499806038
62,3720000000000,4.0,8.0,4.512820512820513,4.0,6.0,351,0.0,0.0,0.0,0.0,0.0,0,0.0,0.0,0.0,0.0,0.0,0,1.0,1.0,1.0,1.0,1.0,552,0.9999999999999997,1.0000000000000002,1.0,1.0,1.0,552,0.0,0.0,0.0,0.0,0.0,0.0,0.0,0.0,0.0,0.0,0.0,0.0,0.0,227.99474600105896
63,3780000000000,4.0,8.0,4.507122507122507,4.0,6.0,351,0.0,0.0,0.0,0.0,0.0,0,0.0,0.0,0.0,0.0,0.0,0,1.0,1.0,1.0,1.0,1.0,552,0.9999999999999998,1.0000000000000002,1.0,1.0,1.0,552,0.0,0.0,0.0,0.0,0.0,0.0,0.0,0.0,0.0,0.0,0.0,0.0,0.0,237.03210500025307
64,3840000000000,4.0,9.0,4.498575498575499,4.0,6.0,351,0.0,0.0,0.0,0.0,0.0,0,0.0,0.0,0.0,0.0,0.0,0,1.0,1.0,1.0,1.0,1.0,552,0.9999999999999998,1.0000000000000002,1.0,1.0,1.0000000000000002,552,0.0,0.0,0.0,0.0,0.0,0.0,0.0,0.0,0.0,0.0,0.0,0.0,0.0,229.96060299919918
65,3900000000000,4.0,9.0,4.512820512820513,4.0,6.0,351,0.0,0.0,0.0,0.0,0.0,0,0.0,0.0,0.0,0.0,0.0,0,1.0,1.0,1.0,1.0,1.0,552,0.9999999999999998,1.0009435999469427,1.0000017094201936,1.0,1.0000000000000002,552,0.0,0.0,0.0,0.0,0.0,0.0,0.0,0.0,0.0,0.0,0.0,0.0,0.0,252.47458000012557
66,3960000000000,4.0,10.0,4.521367521367521,4.0,6.0,351,0.0,0.0,0.0,0.0,0.0,0,0.0,0.0,0.0,0.0,0.0,0,1.0,1.0,1.0,1.0,1.0,552,0.9999999999999998,1.0000000000000002,1.0,1.0,1.0,552,0.0,0.0,0.0,0.0,0.0,0.0,0.0,0.0,0.0,0.0,0.0,0.0,0.0,235.73359900183277
67,4020000000000,4.0,10.0,4.515669515669516,4.0,6.0,351,0.0,0.0,0.0,0.0,0.0,0,0.0,0.0,0.0,0.0,0.0,0,1.0,1.0,1.0,1.0,1.0,552,0.9999999999999998,1.0000000000000002,1.0,1.0,1.0000000000000002,552,0.0,0.0,0.0,0.0,0.0,0.0,0.0,0.0,0.0,0.0,0.0,0.0,0.0,232.1403219975764
68,4080000000000,4.0,9.0,4.524216524216524,4.0,6.0,351,0.0,0.0,0.0,0.0,0.0,0,0.0,0.0,0.0,0.0,0.0,0,1.0,1.0,1.0,1.0,1.0,552,0.9999999999999998,1.0000000000000002,1.0,1.0,1.0,552,0.0,0.0,0.0,0.0,0.0,0.0,0.0,0.0,0.0,0.0,0.0,0.0,0.0,235.30655500144348
69,4140000000000,4.0,8.0,4.512820512820513,4.0,6.0,351,0.0,0.0,0.0,0.0,0.0,0,0.0,0.0,0.0,0.0,0.0,0,1.0,1.0,1.0,1.0,1.0,552,0.9999999999999998,1.0016485201316774,1.000002986449514,1.0,1.0,552,0.0,0.0,0.0,0.0,0.0,0.0,0.0,0.0,0.0,0.0,0.0,0.0,0.0,236.67992300033802
70,4200000000000,4.0,8.0,4.515669515669516,4.0,6.0,351,0.0,0.0,0.0,0.0,0.0,0,0.0,0.0,0.0,0.0,0.0,0,1.0,1.0,1.0,1.0,1.0,552,0.9999999999999997,1.0000000000000002,1.0,1.0,1.0,552,0.0,0.0,0.0,0.0,0.0,0.0,0.0,0.0,0.0,0.0,0.0,0.0,0.0,236.65065100067295
71,4260000000000,4.0,8.0,4.535612535612535,4.0,6.0,351,0.0,0.0,0.0,0.0,0.0,0,0.0,0.0,0.0,0.0,0.0,0,1.0,1.0,1.0,1.0,1.0,552,0.9999999999999998,1.0000000000000002,1.0,1.0,1.0,552,0.0,0.0,0.0,0.0,0.0,0.0,0.0,0.0,0.0,0.0,0.0,0.0,0.0,235.8482300005562
72,4320000000000,4.0,10.0,4.527065527065527,4.0,6.0,351,0.0,0.0,0.0,0.0,0.0,0,0.0,0.0,0.0,0.0,0.0,0,1.0,1.0,1.0,1.0,1.0,552,0.9999999999999998,1.0000000000000002,1.0,1.0,1.0,552,0.0,0.0,0.0,0.0,0.0,0.0,0.0,0.0,0.0,0.0,0.0,0.0,0.0,252.28402399807237
73,4380000000000,4.0,10.0,4.52991452991453,4.0,6.0,351,0.0,0.0,0.0,0.0,0.0,0,0.0,0.0,0.0,0.0,0.0,0,1.0,1.0,1.0,1.0,1.0,552,0.9999999999999998,1.0000000000000002,1.0,1.0,1.0,552,0.0,0.0,0.0,0.0,0.0,0.0,0.0,0.0,0.0,0.0,0.0,0.0,0.0,243.53375200007576
74,4440000000000,4.0,9.0,4.504273504273504,4.0,6.0,351,0.0,0.0,0.0,0.0,0.0,0,0.0,0.0,0.0,0.0,0.0,0,1.0,1.0,1.0,1.0,1.0,552,0.9999999999999998,1.0034855379938736,1.0000063143804236,1.0,1.0000000000000002,552,0.0,0.0,0.0,0.0,0.0,0.0,0.0,0.0,0.0,0.0,0.0,0.0,0.0,233.92549100026372
75,4500000000000,4.0,9.0,4.532763532763533,4.0,6.0,351,0.0,0.0,0.0,0.0,0.0,0,0.0,0.0,0.0,0.0,0.0,0,1.0,1.0,1.0,1.0,1.0,552,0.9999999999999996,1.0000000000000004,1.0,1.0,1.0000000000000002,552,0.0,0.0,0.0,0.0,0.0,0.0,0.0,0.0,0.0,0.0,0.0,0.0,0.0,234.54483399837045
76,4560000000000,4.0,9.0,4.515669515669516,4.0,6.0,351,0.0,0.0,0.0,0.0,0.0,0,0.0,0.0,0.0,0.0,0.0,0,1.0,1.0,1.0,1.0,1.0,552,0.9999999999999996,1.0000000000000002,1.0,1.0,1.0,552,0.0,0.0,0.0,0.0,0.0,0.0,0.0,0.0,0.0,0.0,0.0,0.0,0.0,233.8954239967279
77,4620000000000,4.0,9.0,4.527065527065527,4.0,6.0,351,0.0,0.0,0.0,0.0,0.0,0,0.0,0.0,0.0,0.0,0.0,0,1.0,1.0,1.0,1.0,1.0,552,0.9999999999999997,1.0000000000000002,1.0,1.0,1.0,552,0.0,0.0,0.0,0.0,0.0,0.0,0.0,0.0,0.0,0.0,0.0,0.0,0.0,237.69463799908408
78,4680000000000,4.0,8.0,4.512820512820513,4.0,6.0,351,0.0,0.0,0.0,0.0,0.0,0,0.0,0.0,0.0,0.0,0.0,0,1.0,1.0,1.0,1.0,1.0,552,0.9999999999999998,1.0000000000000002,1.0,1.0,1.0,552,0.0,0.0,0.0,0.0,0.0,0.0,0.0,0.0,0.0,0.0,0.0,0.0,0.0,236.62944799798424
79,4740000000000,4.0,9.0,4.538461538461538,4.0,6.0,351,0.0,0.0,0.0,0.0,0.0,0,0.0,0.0,0.0,0.0,0.0,0,1.0,1.0,1.0,1.0,1.0,552,0.9999999999999998,1.0000000000000002,1.0,1.0,1.0,552,0.0,0.0,0.0,0.0,0.0,0.0,0.0,0.0,0.0,0.0,0.0,0.0,0.0,264.0201989997877
80,4800000000000,4.0,10.0,4.538461538461538,4.0,6.0,351,0.0,0.0,0.0,0.0,0.0,0,0.0,0.0,0.0,0.0,0.0,0,1.0,1.0,1.0,1.0,1.0,552,0.9999999999999997,1.0000000000000002,1.0,1.0,1.0,552,0.0,0.0,0.0,0.0,0.0,0.0,0.0,0.0,0.0,0.0,0.0,0.0,0.0,234.8775200007367
81,4860000000000,4.0,9.0,4.515669515669516,4.0,6.0,351,0.0,0.0,0.0,0.0,0.0,0,0.0,0.0,0.0,0.0,0.0,0,1.0,1.0,1.0,1.0,1.0,552,0.9999999999999997,1.0000000000000002,1.0,1.0,1.0000000000000002,552,0.0,0.0,0.0,0.0,0.0,0.0,0.0,0.0,0.0,0.0,0.0,0.0,0.0,231.0054379995563
82,4920000000000,4.0,9.0,4.515669515669516,4.0,6.0,351,0.0,0.0,0.0,0.0,0.0,0,0.0,0.0,0.0,0.0,0.0,0,1.0,1.0,1.0,1.0,1.0,552,0.9999999999999998,1.002792535423659,1.0000050589409848,1.0,1.0000000000000002,552,0.0,0.0,0.0,0.0,0.0,0.0,0.0,0.0,0.0,0.0,0.0,0.0,0.0,234.75488600161043
83,4980000000000,4.0,9.0,4.521367521367521,4.0,6.0,351,0.0,0.0,0.0,0.0,0.0,0,0.0,0.0,0.0,0.0,0.0,0,1.0,1.0,1.0,1.0,1.0,552,0.9999999999999998,1.0000000000000002,1.0,1.0,1.0000000000000002,552,0.0,0.0,0.0,0.0,0.0,0.0,0.0,0.0,0.0,0.0,0.0,0.0,0.0,235.02513199855457
84,5040000000000,4.0,9.0,4.527065527065527,4.0,6.0,351,0.0,0.0,0.0,0.0,0.0,0,0.0,0.0,0.0,0.0,0.0,0,1.0,1.0,1.0,1.0,1.0,552,0.9999999999999998,1.0000000000000002,1.0,1.0,1.0000000000000002,552,0.0,0.0,0.0,0.0,0.0,0.0,0.0,0.0,0.0,0.0,0.0,0.0,0.0,237.4200810008915
85,5100000000000,4.0,9.0,4.538461538461538,4.0,6.0,351,0.0,0.0,0.0,0.0,0.0,0,0.0,0.0,0.0,0.0,0.0,0,1.0,1.0,1.0,1.0,1.0,552,0.9999999999999998,1.0008629543098844,1.0000015633230253,1.0,1.0,552,0.0,0.0,0.0,0.0,0.0,0.0,0.0,0.0,0.0,0.0,0.0,0.0,0.0,242.45263000193518
86,5160000000000,4.0,8.0,4.524216524216524,4.0,6.0,351,0.0,0.0,0.0,0.0,0.0,0,0.0,0.0,0.0,0.0,0.0,0,1.0,1.0,1.0,1.0,1.0,552,0.9999999999999997,1.0005986519935444,1.000001084514481,1.0,1.0,552,0.0,0.0,0.0,0.0,0.0,0.0,0.0,0.0,0.0,0.0,0.0,0.0,0.0,258.89686699883896
87,5220000000000,4.0,9.0,4.515669515669516,4.0,6.0,351,0.0,0.0,0.0,0.0,0.0,0,0.0,0.0,0.0,0.0,0.0,0,1.0,1.0,1.0,1.0,1.0,552,0.9999999999999997,1.0000000000000002,1.0,1.0,1.0,552,0.0,0.0,0.0,0.0,0.0,0.0,0.0,0.0,0.0,0.0,0.0,0.0,0.0,237.70170100033283
88,5280000000000,4.0,9.0,4.521367521367521,4.0,6.0,351,0.0,0.0,0.0,0.0,0.0,0,0.0,0.0,0.0,0.0,0.0,0,1.0,1.0,1.0,1.0,1.0,552,0.9999999999999997,1.0000000000000002,1.0,1.0,1.0,552,0.0,0.0,0.0,0.0,0.0,0.0,0.0,0.0,0.0,0.0,0.0,0.0,0.0,242.5280159986869
89,5340000000000,4.0,9.0,4.527065527065527,4.0,6.0,351,0.0,0.0,0.0,0.0,0.0,0,0.0,0.0,0.0,0.0,0.0,0,1.0,1.0,1.0,1.0,1.0,552,0.9999999999999998,1.0000000000000002,1.0,1.0,1.0000000000000002,552,0.0,0.0,0.0,0.0,0.0,0.0,0.0,0.0,0.0,0.0,0.0,0.0,0.0,240.72773700027028
90,5400000000000,4.0,9.0,4.521367521367521,4.0,6.0,351,0.0,0.0,0.0,0.0,0.0,0,0.0,0.0,0.0,0.0,0.0,0,1.0,1.0,1.0,1.0,1.0,552,0.9999999999999997,1.0000000000000002,1.0,1.0,1.0,552,0.0,0.0,0.0,0.0,0.0,0.0,0.0,0.0,0.0,0.0,0.0,0.0,0.0,230.98986700279056
91,5460000000000,4.0,9.0,4.52991452991453,4.0,6.0,351,0.0,0.0,0.0,0.0,0.0,0,0.0,0.0,0.0,0.0,0.0,0,1.0,1.0,1.0,1.0,1.0,552,0.9999999999999997,1.0000000000000002,1.0,1.0,1.0000000000000002,552,0.0,0.0,0.0,0.0,0.0,0.0,0.0,0.0,0.0,0.0,0.0,0.0,0.0,228.7884719989961
92,5520000000000,4.0,9.0,4.518518518518518,4.0,6.0,351,0.0,0.0,0.0,0.0,0.0,0,0.0,0.0,0.0,0.0,0.0,0,1.0,1.0,1.0,1.0,1.0,552,0.9999999999999997,1.0000000000000002,1.0,1.0,1.0000000000000002,552,0.0,0.0,0.0,0.0,0.0,0.0,0.0,0.0,0.0,0.0,0.0,0.0,0.0,245.71613300213357
93,5580000000000,4.0,9.0,4.527065527065527,4.0,6.0,351,0.0,0.0,0.0,0.0,0.0,0,0.0,0.0,0.0,0.0,0.0,0,1.0,1.0,1.0,1.0,1.0,552,0.9999999999999998,1.000394599002627,1.0000007148532657,1.0,1.0,552,0.0,0.0,0.0,0.0,0.0,0.0,0.0,0.0,0.0,0.0,0.0,0.0,0.0,263.92802099871915
94,5640000000000,4.0,9.0,4.535612535612535,4.0,6.0,351,0.0,0.0,0.0,0.0,0.0,0,0.0,0.0,0.0,0.0,0.0,0,1.0,1.0,1.0,1.0,1.0,552,0.9999999999999998,1.000155253315785,1.000000281256007,1.0,1.0,552,0.0,0.0,0.0,0.0,0.0,0.0,0.0,0.0,0.0,0.0,0.0,0.0,0.0,241.85991599733825
95,5700000000000,4.0,9.0,4.524216524216524,4.0,6.0,351,0.0,0.0,0.0,0.0,0.0,0,0.0,0.0,0.0,0.0,0.0,0,1.0,1.0,1.0,1.0,1.0,552,0.9999999999999998,1.0000000000000002,1.0,1.0,1.0000000000000002,552,0.0,0.0,0.0,0.0,0.0,0.0,0.0,0.0,0.0,0.0,0.0,0.0,0.0,236.33467499894323
96,5760000000000,4.0,9.0,4.524216524216524,4.0,6.0,351,0.0,0.0,0.0,0.0,0.0,0,0.0,0.0,0.0,0.0,0.0,0,1.0,1.0,1.0,1.0,1.0,552,0.9999999999999998,1.0000000000000002,1.0,1.0,1.0,552,0.0,0.0,0.0,0.0,0.0,0.0,0.0,0.0,0.0,0.0,0.0,0.0,0.0,236.01097099890467
97,5820000000000,4.0,9.0,4.507122507122507,4.0,6.0,351,0.0,0.0,0.0,0.0,0.0,0,0.0,0.0,0.0,0.0,0.0,0,1.0,1.0,1.0,1.0,1.0,552,0.9999999999999998,1.0000000000000002,1.0,1.0,1.0000000000000002,552,0.0,0.0,0.0,0.0,0.0,0.0,0.0,0.0,0.0,0.0,0.0,0.0,0.0,235.80177600160823
98,5880000000000,4.0,9.0,4.527065527065527,4.0,6.0,351,0.0,0.0,0.0,0.0,0.0,0,0.0,0.0,0.0,0.0,0.0,0,1.0,1.0,1.0,1.0,1.0,552,0.9999999999999997,1.0032448888375556,1.000005878421807,1.0,1.0,552,0.0,0.0,0.0,0.0,0.0,0.0,0.0,0.0,0.0,0.0,0.0,0.0,0.0,241.6187649978383
99,5940000000000,4.0,9.0,4.50997150997151,4.0,6.0,351,0.0,0.0,0.0,0.0,0.0,0,0.0,0.0,0.0,0.0,0.0,0,1.0,1.0,1.0,1.0,1.0,552,0.9999999999999998,1.0000000000000004,1.0,1.0,1.0000000000000002,552,0.0,0.0,0.0,0.0,0.0,0.0,0.0,0.0,0.0,0.0,0.0,0.0,0.0,237.90191100124503
100,6000000000000,4.0,9.0,4.527065527065527,4.0,6.0,351,0.0,0.0,0.0,0.0,0.0,0,0.0,0.0,0.0,0.0,0.0,0,1.0,1.0,1.0,1.0,1.0,552,0.9999999999999998,1.0000000000000004,1.0,1.0,1.0,552,0.0,0.0,0.0,0.0,0.0,0.0,0.0,0.0,0.0,0.0,0.0,0.0,0.0,254.05795899860095
101,6060000000000,4.0,9.0,4.527065527065527,4.0,6.0,351,0.0,0.0,0.0,0.0,0.0,0,0.0,0.0,0.0,0.0,0.0,0,1.0,1.0,1.0,1.0,1.0,552,0.9999999999999998,1.0000000000000002,1.0,1.0,1.0,552,0.0,0.0,0.0,0.0,0.0,0.0,0.0,0.0,0.0,0.0,0.0,0.0,0.0,237.15823499878752
102,6120000000000,4.0,9.0,4.52991452991453,4.0,6.0,351,0.0,0.0,0.0,0.0,0.0,0,0.0,0.0,0.0,0.0,0.0,0,1.0,1.0,1.0,1.0,1.0,552,0.9999999999999997,1.0000000000000002,1.0,1.0,1.0,552,0.0,0.0,0.0,0.0,0.0,0.0,0.0,0.0,0.0,0.0,0.0,0.0,0.0,248.63991800157237
103,6180000000000,4.0,9.0,4.512820512820513,4.0,6.0,351,0.0,0.0,0.0,0.0,0.0,0,0.0,0.0,0.0,0.0,0.0,0,1.0,1.0,1.0,1.0,1.0,552,0.9999999999999998,1.0000000000000002,1.0,1.0,1.0000000000000002,552,0.0,0.0,0.0,0.0,0.0,0.0,0.0,0.0,0.0,0.0,0.0,0.0,0.0,248.5907509981189
104,6240000000000,4.0,9.0,4.527065527065527,4.0,6.0,351,0.0,0.0,0.0,0.0,0.0,0,0.0,0.0,0.0,0.0,0.0,0,1.0,1.0,1.0,1.0,1.0,552,0.9999999999999998,1.0000000000000002,1.0,1.0,1.0000000000000002,552,0.0,0.0,0.0,0.0,0.0,0.0,0.0,0.0,0.0,0.0,0.0,0.0,0.0,239.50752400196507
105,6300000000000,4.0,9.0,4.512820512820513,4.0,6.0,351,0.0,0.0,0.0,0.0,0.0,0,0.0,0.0,0.0,0.0,0.0,0,1.0,1.0,1.0,1.0,1.0,552,0.9999999999999997,1.0000000000000002,1.0,1.0,1.0,552,0.0,0.0,0.0,0.0,0.0,0.0,0.0,0.0,0.0,0.0,0.0,0.0,0.0,238.09271400023135
106,6360000000000,4.0,9.0,4.527065527065527,4.0,6.0,351,0.0,0.0,0.0,0.0,0.0,0,0.0,0.0,0.0,0.0,0.0,0,1.0,1.0,1.0,1.0,1.0,552,0.9999999999999997,1.0029416487932465,1.0000102583642043,1.0,1.0,552,0.0,0.0,0.0,0.0,0.0,0.0,0.0,0.0,0.0,0.0,0.0,0.0,0.0,240.36747900026967
107,6420000000000,4.0,9.0,4.518518518518518,4.0,6.0,351,0.0,0.0,0.0,0.0,0.0,0,0.0,0.0,0.0,0.0,0.0,0,1.0,1.0,1.0,1.0,1.0,552,0.9999999999999997,1.0000000000000002,1.0,1.0,1.0000000000000002,552,0.0,0.0,0.0,0.0,0.0,0.0,0.0,0.0,0.0,0.0,0.0,0.0,0.0,256.3276370019594
108,6480000000000,4.0,9.0,4.515669515669516,4.0,6.0,351,0.0,0.0,0.0,0.0,0.0,0,0.0,0.0,0.0,0.0,0.0,0,1.0,1.0,1.0,1.0,1.0,552,0.9999999999999998,1.0000000000000002,1.0,1.0,1.0,552,0.0,0.0,0.0,0.0,0.0,0.0,0.0,0.0,0.0,0.0,0.0,0.0,0.0,239.10829999658745
109,6540000000000,4.0,9.0,4.512820512820513,4.0,6.0,351,0.0,0.0,0.0,0.0,0.0,0,0.0,0.0,0.0,0.0,0.0,0,1.0,1.0,1.0,1.0,1.0,552,0.9999999999999998,1.0000000000000002,1.0,1.0,1.0,552,0.0,0.0,0.0,0.0,0.0,0.0,0.0,0.0,0.0,0.0,0.0,0.0,0.0,241.9011070014676
110,6600000000000,4.0,9.0,4.527065527065527,4.0,6.0,351,0.0,0.0,0.0,0.0,0.0,0,0.0,0.0,0.0,0.0,0.0,0,1.0,1.0,1.0,1.0,1.0,552,0.9999999999999998,1.0005674463674563,1.0000010279825498,1.0,1.0000000000000002,552,0.0,0.0,0.0,0.0,0.0,0.0,0.0,0.0,0.0,0.0,0.0,0.0,0.0,235.01528600172605
111,6660000000000,4.0,10.0,4.518518518518518,4.0,6.0,351,0.0,0.0,0.0,0.0,0.0,0,0.0,0.0,0.0,0.0,0.0,0,1.0,1.0,1.0,1.0,1.0,552,0.9999999999999998,1.0000000000000002,1.0,1.0,1.0000000000000002,552,0.0,0.0,0.0,0.0,0.0,0.0,0.0,0.0,0.0,0.0,0.0,0.0,0.0,229.95623799943132
112,6720000000000,4.0,9.0,4.535612535612535,4.0,7.0,351,0.0,0.0,0.0,0.0,0.0,0,0.0,0.0,0.0,0.0,0.0,0,1.0,1.0,1.0,1.0,1.0,552,0.9999999999999998,1.0000000000000002,1.0,1.0,1.0,552,0.0,0.0,0.0,0.0,0.0,0.0,0.0,0.0,0.0,0.0,0.0,0.0,0.0,244.23116100297193
113,6780000000000,4.0,8.0,4.515669515669516,4.0,6.0,351,0.0,0.0,0.0,0.0,0.0,0,0.0,0.0,0.0,0.0,0.0,0,1.0,1.0,1.0,1.0,1.0,552,0.9999999999999997,1.0000000000000002,1.0,1.0,1.0,552,0.0,0.0,0.0,0.0,0.0,0.0,0.0,0.0,0.0,0.0,0.0,0.0,0.0,239.97049500030698
114,6840000000000,4.0,8.0,4.50997150997151,4.0,6.0,351,0.0,0.0,0.0,0.0,0.0,0,0.0,0.0,0.0,0.0,0.0,0,1.0,1.0,1.0,1.0,1.0,552,0.9999999999999998,1.0026314719084868,1.000009184028321,1.0,1.0,552,0.0,0.0,0.0,0.0,0.0,0.0,0.0,0.0,0.0,0.0,0.0,0.0,0.0,264.2557580002176
115,6900000000000,4.0,9.0,4.512820512820513,4.0,6.0,351,0.0,0.0,0.0,0.0,0.0,0,0.0,0.0,0.0,0.0,0.0,0,1.0,1.0,1.0,1.0,1.0,552,0.9999999999999998,1.0000000000000002,1.0,1.0,1.0,552,0.0,0.0,0.0,0.0,0.0,0.0,0.0,0.0,0.0,0.0,0.0,0.0,0.0,237.73385300228256
116,6960000000000,4.0,9.0,4.515669515669516,4.0,6.0,351,0.0,0.0,0.0,0.0,0.0,0,0.0,0.0,0.0,0.0,0.0,0,1.0,1.0,1.0,1.0,1.0,552,0.9999999999999997,1.0000000000000002,1.0,1.0,1.0,552,0.0,0.0,0.0,0.0,0.0,0.0,0.0,0.0,0.0,0.0,0.0,0.0,0.0,238.8143520001904
117,7020000000000,4.0,9.0,4.518518518518518,4.0,6.0,351,0.0,0.0,0.0,0.0,0.0,0,0.0,0.0,0.0,0.0,0.0,0,1.0,1.0,1.0,1.0,1.0,552,0.9999999999999996,1.0000000000000002,1.0,1.0,1.0000000000000002,552,0.0,0.0,0.0,0.0,0.0,0.0,0.0,0.0,0.0,0.0,0.0,0.0,0.0,239.80607299745316
118,7080000000000,4.0,10.0,4.52991452991453,4.0,6.0,351,0.0,0.0,0.0,0.0,0.0,0,0.0,0.0,0.0,0.0,0.0,0,1.0,1.0,1.0,1.0,1.0,552,0.9999999999999997,1.0003480538127048,1.0000006305322693,1.0,1.0,552,0.0,0.0,0.0,0.0,0.0,0.0,0.0,0.0,0.0,0.0,0.0,0.0,0.0,242.47710800045752
119,7140000000000,4.0,10.0,4.50997150997151,4.0,6.0,351,0.0,0.0,0.0,0.0,0.0,0,0.0,0.0,0.0,0.0,0.0,0,1.0,1.0,1.0,1.0,1.0,552,0.9999999999999997,1.0000000000000002,1.0,1.0,1.0,552,0.0,0.0,0.0,0.0,0.0,0.0,0.0,0.0,0.0,0.0,0.0,0.0,0.0,230.68117299771984
120,7200000000000,4.0,9.0,4.52991452991453,4.0,6.0,351,0.0,0.0,0.0,0.0,0.0,0,0.0,0.0,0.0,0.0,0.0,0,1.0,1.0,1.0,1.0,1.0,552,0.9999999999999998,1.0000000000000002,1.0,1.0,1.0,552,0.0,0.0,0.0,0.0,0.0,0.0,0.0,0.0,0.0,0.0,0.0,0.0,0.0,236.17091699998127
121,7260000000000,4.0,8.0,4.518518518518518,4.0,6.0,351,0.0,0.0,0.0,0.0,0.0,0,0.0,0.0,0.0,0.0,0.0,0,1.0,1.0,1.0,1.0,1.0,552,0.9999999999999998,1.0000000000000002,1.0,1.0,1.0,552,0.0,0.0,0.0,0.0,0.0,0.0,0.0,0.0,0.0,0.0,0.0,0.0,0.0,256.64548500208184
122,7320000000000,4.0,8.0,4.52991452991453,4.0,6.0,351,0.0,0.0,0.0,0.0,0.0,0,0.0,0.0,0.0,0.0,0.0,0,1.0,1.0,1.0,1.0,1.0,552,0.9999999999999998,1.0023154027189807,1.0000083600741674,1.0,1.0,552,0.0,0.0,0.0,0.0,0.0,0.0,0.0,0.0,0.0,0.0,0.0,0.0,0.0,245.01569499989273
123,7380000000000,4.0,8.0,4.532763532763533,4.0,6.0,351,0.0,0.0,0.0,0.0,0.0,0,0.0,0.0,0.0,0.0,0.0,0,1.0,1.0,1.0,1.0,1.0,552,0.9999999999999998,1.0000000000000002,1.0,1.0,1.0000000000000002,552,0.0,0.0,0.0,0.0,0.0,0.0,0.0,0.0,0.0,0.0,0.0,0.0,0.0,241.72241499763913
124,7440000000000,4.0,10.0,4.527065527065527,4.0,6.0,351,0.0,0.0,0.0,0.0,0.0,0,0.0,0.0,0.0,0.0,0.0,0,1.0,1.0,1.0,1.0,1.0,552,0.9999999999999997,1.0000000000000004,1.0,1.0,1.0,552,0.0,0.0,0.0,0.0,0.0,0.0,0.0,0.0,0.0,0.0,0.0,0.0,0.0,242.49226000029012
125,7500000000000,4.0,9.0,4.518518518518518,4.0,6.0,351,0.0,0.0,0.0,0.0,0.0,0,0.0,0.0,0.0,0.0,0.0,0,1.0,1.0,1.0,1.0,1.0,552,0.9999999999999998,1.0000000000000002,1.0,1.0,1.0000000000000002,552,0.0,0.0,0.0,0.0,0.0,0.0,0.0,0.0,0.0,0.0,0.0,0.0,0.0,238.84564000036335
126,7560000000000,4.0,10.0,4.515669515669516,4.0,6.0,351,0.0,0.0,0.0,0.0,0.0,0,0.0,0.0,0.0,0.0,0.0,0,1.0,1.0,1.0,1.0,1.0,552,0.9999999999999998,1.0001224457728723,1.0000002218220523,1.0,1.0000000000000002,552,0.0,0.0,0.0,0.0,0.0,0.0,0.0,0.0,0.0,0.0,0.0,0.0,0.0,235.90340399823617
127,7620000000000,4.0,9.0,4.512820512820513,4.0,6.0,351,0.0,0.0,0.0,0.0,0.0,0,0.0,0.0,0.0,0.0,0.0,0,1.0,1.0,1.0,1.0,1.0,552,0.9999999999999998,1.0000000000000002,1.0,1.0,1.0,552,0.0,0.0,0.0,0.0,0.0,0.0,0.0,0.0,0.0,0.0,0.0,0.0,0.0,237.69902599815396
128,7680000000000,4.0,9.0,4.538461538461538,4.0,6.0,351,0.0,0.0,0.0,0.0,0.0,0,0.0,0.0,0.0,0.0,0.0,0,1.0,1.0,1.0,1.0,1.0,552,0.9999999999999998,1.0000000000000002,1.0,1.0,1.0,552,0.0,0.0,0.0,0.0,0.0,0.0,0.0,0.0,0.0,0.0,0.0,0.0,0.0,263.9102940011071
129,7740000000000,4.0,8.0,4.527065527065527,4.0,6.0,351,0.0,0.0,0.0,0.0,0.0,0,0.0,0.0,0.0,0.0,0.0,0,1.0,1.0,1.0,1.0,1.0,552,0.9999999999999997,1.0000000000000002,1.0,1.0,1.0,552,0.0,0.0,0.0,0.0,0.0,0.0,0.0,0.0,0.0,0.0,0.0,0.0,0.0,235.89490900121746
130,7800000000000,4.0,8.0,4.535612535612535,4.0,6.5,351,0.0,0.0,0.0,0.0,0.0,0,0.0,0.0,0.0,0.0,0.0,0,1.0,1.0,1.0,1.0,1.0,552,0.9999999999999997,1.00199145914361,1.0000036077158398,1.0,1.0,552,0.0,0.0,0.0,0.0,0.0,0.0,0.0,0.0,0.0,0.0,0.0,0.0,0.0,236.9238450010016
131,7860000000000,4.0,9.0,4.5413105413105415,4.0,6.0,351,0.0,0.0,0.0,0.0,0.0,0,0.0,0.0,0.0,0.0,0.0,0,1.0,1.0,1.0,1.0,1.0,552,0.9999999999999997,1.0000000000000002,1.0,1.0,1.0000000000000002,552,0.0,0.0,0.0,0.0,0.0,0.0,0.0,0.0,0.0,0.0,0.0,0.0,0.0,245.84470199988573
132,7920000000000,4.0,10.0,4.52991452991453,4.0,6.0,351,0.0,0.0,0.0,0.0,0.0,0,0.0,0.0,0.0,0.0,0.0,0,1.0,1.0,1.0,1.0,1.0,552,0.9999999999999998,1.0000000000000002,1.0,1.0,1.0000000000000002,552,0.0,0.0,0.0,0.0,0.0,0.0,0.0,0.0,0.0,0.0,0.0,0.0,0.0,242.54585500239045
133,7980000000000,4.0,9.0,4.524216524216524,4.0,6.0,351,0.0,0.0,0.0,0.0,0.0,0,0.0,0.0,0.0,0.0,0.0,0,1.0,1.0,1.0,1.0,1.0,552,0.9999999999999997,1.0000000000000004,1.0,1.0,1.0,552,0.0,0.0,0.0,0.0,0.0,0.0,0.0,0.0,0.0,0.0,0.0,0.0,0.0,239.16401400128962
134,8040000000000,4.0,9.0,4.515669515669516,4.0,6.0,351,0.0,0.0,0.0,0.0,0.0,0,0.0,0.0,0.0,0.0,0.0,0,1.0,1.0,1.0,1.0,1.0,552,0.9999999999999997,1.0000000000000002,1.0,1.0,1.0000000000000002,552,0.0,0.0,0.0,0.0,0.0,0.0,0.0,0.0,0.0,0.0,0.0,0.0,0.0,235.1261749972764
135,8100000000000,4.0,9.0,4.527065527065527,4.0,6.0,351,0.0,0.0,0.0,0.0,0.0,0,0.0,0.0,0.0,0.0,0.0,0,1.0,1.0,1.0,1.0,1.0,552,0.9999999999999998,1.0000000000000002,1.0,1.0,1.0,552,0.0,0.0,0.0,0.0,0.0,0.0,0.0,0.0,0.0,0.0,0.0,0.0,0.0,256.849160999991
136,8160000000000,4.0,9.0,4.532763532763533,4.0,6.0,351,0.0,0.0,0.0,0.0,0.0,0,0.0,0.0,0.0,0.0,0.0,0,1.0,1.0,1.0,1.0,1.0,552,0.9999999999999997,1.0000000000000002,1.0,1.0,1.0,552,0.0,0.0,0.0,0.0,0.0,0.0,0.0,0.0,0.0,0.0,0.0,0.0,0.0,241.13907900027698
137,8220000000000,4.0,8.0,4.52991452991453,4.0,6.0,351,0.0,0.0,0.0,0.0,0.0,0,0.0,0.0,0.0,0.0,0.0,0,1.0,1.0,1.0,1.0,1.0,552,0.9999999999999996,1.0000000000000002,1.0,1.0,1.0,552,0.0,0.0,0.0,0.0,0.0,0.0,0.0,0.0,0.0,0.0,0.0,0.0,0.0,243.95296199872973
138,8280000000000,4.0,8.0,4.527065527065527,4.0,6.0,351,0.0,0.0,0.0,0.0,0.0,0,0.0,0.0,0.0,0.0,0.0,0,1.0,1.0,1.0,1.0,1.0,552,0.9999999999999998,1.0000000000000002,1.0,1.0,1.0000000000000002,552,0.0,0.0,0.0,0.0,0.0,0.0,0.0,0.0,0.0,0.0,0.0,0.0,0.0,241.62453499957337
139,8340000000000,4.0,9.0,4.50997150997151,4.0,6.0,351,0.0,0.0,0.0,0.0,0.0,0,0.0,0.0,0.0,0.0,0.0,0,1.0,1.0,1.0,1.0,1.0,552,0.9999999999999998,1.0000000000000002,1.0,1.0,1.0000000000000002,552,0.0,0.0,0.0,0.0,0.0,0.0,0.0,0.0,0.0,0.0,0.0,0.0,0.0,228.93684199880227
140,8400000000000,4.0,10.0,4.515669515669516,4.0,6.0,351,0.0,0.0,0.0,0.0,0.0,0,0.0,0.0,0.0,0.0,0.0,0,1.0,1.0,1.0,1.0,1.0,552,0.9999999999999998,1.0000000000000002,1.0,1.0,1.0000000000000002,552,0.0,0.0,0.0,0.0,0.0,0.0,0.0,0.0,0.0,0.0,0.0,0.0,0.0,228.45298399988678
141,8460000000000,4.0,9.0,4.518518518518518,4.0,6.0,351,0.0,0.0,0.0,0.0,0.0,0,0.0,0.0,0.0,0.0,0.0,0,1.0,1.0,1.0,1.0,1.0,552,0.9999999999999998,1.0000000000000002,1.0,1.0,1.0000000000000002,552,0.0,0.0,0.0,0.0,0.0,0.0,0.0,0.0,0.0,0.0,0.0,0.0,0.0,248.50812300064717
142,8520000000000,4.0,9.0,4.50997150997151,4.0,6.0,351,0.0,0.0,0.0,0.0,0.0,0,0.0,0.0,0.0,0.0,0.0,0,1.0,1.0,1.0,1.0,1.0,552,0.9999999999999998,1.0000000000000002,1.0,1.0,1.0,552,0.0,0.0,0.0,0.0,0.0,0.0,0.0,0.0,0.0,0.0,0.0,0.0,0.0,255.39649600250414
143,8580000000000,4.0,9.0,4.524216524216524,4.0,6.0,351,0.0,0.0,0.0,0.0,0.0,0,0.0,0.0,0.0,0.0,0.0,0,1.0,1.0,1.0,1.0,1.0,552,0.9999999999999998,1.0000000000000002,1.0,1.0,1.0,552,0.0,0.0,0.0,0.0,0.0,0.0,0.0,0.0,0.0,0.0,0.0,0.0,0.0,237.44010600057663
144,8640000000000,4.0,9.0,4.535612535612535,4.0,6.0,351,0.0,0.0,0.0,0.0,0.0,0,0.0,0.0,0.0,0.0,0.0,0,1.0,1.0,1.0,1.0,1.0,552,0.9999999999999997,1.0000000000000004,1.0,1.0,1.0,552,0.0,0.0,0.0,0.0,0.0,0.0,0.0,0.0,0.0,0.0,0.0,0.0,0.0,240.21678899953258
145,8700000000000,4.0,9.0,4.524216524216524,4.0,6.0,351,0.0,0.0,0.0,0.0,0.0,0,0.0,0.0,0.0,0.0,0.0,0,1.0,1.0,1.0,1.0,1.0,552,0.9999999999999997,1.0000000000000004,1.0,1.0,1.0000000000000002,552,0.0,0.0,0.0,0.0,0.0,0.0,0.0,0.0,0.0,0.0,0.0,0.0,0.0,239.45339400233934
146,8760000000000,4.0,9.0,4.5413105413105415,4.0,6.0,351,0.0,0.0,0.0,0.0,0.0,0,0.0,0.0,0.0,0.0,0.0,0,1.0,1.0,1.0,1.0,1.0,552,0.9999999999999998,1.0000000000000002,1.0,1.0,1.0,552,0.0,0.0,0.0,0.0,0.0,0.0,0.0,0.0,0.0,0.0,0.0,0.0,0.0,242.22818699854543
147,8820000000000,4.0,9.0,4.50997150997151,4.0,6.0,351,0.0,0.0,0.0,0.0,0.0,0,0.0,0.0,0.0,0.0,0.0,0,1.0,1.0,1.0,1.0,1.0,552,0.9999999999999998,1.0000000000000002,1.0,1.0,1.0000000000000002,552,0.0,0.0,0.0,0.0,0.0,0.0,0.0,0.0,0.0,0.0,0.0,0.0,0.0,236.72029999943334
148,8880000000000,4.0,9.0,4.518518518518518,4.0,6.5,351,0.0,0.0,0.0,0.0,0.0,0,0.0,0.0,0.0,0.0,0.0,0,1.0,1.0,1.0,1.0,1.0,552,0.9999999999999998,1.0000000000000002,1.0,1.0,1.0000000000000002,552,0.0,0.0,0.0,0.0,0.0,0.0,0.0,0.0,0.0,0.0,0.0,0.0,0.0,239.4018149971089
149,8940000000000,4.0,9.0,4.501424501424501,4.0,6.0,351,0.0,0.0,0.0,0.0,0.0,0,0.0,0.0,0.0,0.0,0.0,0,1.0,1.0,1.0,1.0,1.0,552,0.9999999999999998,1.0000000000000004,1.0,1.0,1.0000000000000002,552,0.0,0.0,0.0,0.0,0.0,0.0,0.0,0.0,0.0,0.0,0.0,0.0,0.0,250.05305000013323
150,9000000000000,4.0,9.0,4.52991452991453,4.0,6.0,351,0.0,0.0,0.0,0.0,0.0,0,0.0,0.0,0.0,0.0,0.0,0,1.0,1.0,1.0,1.0,1.0,552,0.9999999999999998,1.0000000000000002,1.0,1.0,1.0,552,0.0,0.0,0.0,0.0,0.0,0.0,0.0,0.0,0.0,0.0,0.0,0.0,0.0,232.25523499786505
151,9060000000000,4.0,9.0,4.52991452991453,4.0,6.0,351,0.0,0.0,0.0,0.0,0.0,0,0.0,0.0,0.0,0.0,0.0,0,1.0,1.0,1.0,1.0,1.0,552,0.9999999999999998,1.0000000000000002,1.0,1.0,1.0,552,0.0,0.0,0.0,0.0,0.0,0.0,0.0,0.0,0.0,0.0,0.0,0.0,0.0,240.46858899964718
152,9120000000000,4.0,9.0,4.54985754985755,4.0,6.0,351,0.0,0.0,0.0,0.0,0.0,0,0.0,0.0,0.0,0.0,0.0,0,1.0,1.0,1.0,1.0,1.0,552,0.9999999999999998,1.0000000000000002,1.0,1.0,1.0000000000000002,552,0.0,0.0,0.0,0.0,0.0,0.0,0.0,0.0,0.0,0.0,0.0,0.0,0.0,242.83519700111356
153,9180000000000,4.0,9.0,4.538461538461538,4.0,6.0,351,0.0,0.0,0.0,0.0,0.0,0,0.0,0.0,0.0,0.0,0.0,0,1.0,1.0,1.0,1.0,1.0,552,0.9999999999999998,1.0000000000000002,1.0,1.0,1.0,552,0.0,0.0,0.0,0.0,0.0,0.0,0.0,0.0,0.0,0.0,0.0,0.0,0.0,246.0658339987276
154,9240000000000,4.0,9.0,4.52991452991453,4.0,6.0,351,0.0,0.0,0.0,0.0,0.0,0,0.0,0.0,0.0,0.0,0.0,0,1.0,1.0,1.0,1.0,1.0,552,0.9999999999999998,1.0000000000000002,1.0,1.0,1.0,552,0.0,0.0,0.0,0.0,0.0,0.0,0.0,0.0,0.0,0.0,0.0,0.0,0.0,238.39753900028882
155,9300000000000,4.0,9.0,4.515669515669516,4.0,6.0,351,0.0,0.0,0.0,0.0,0.0,0,0.0,0.0,0.0,0.0,0.0,0,1.0,1.0,1.0,1.0,1.0,552,0.9999999999999998,1.0000000000000002,1.0,1.0,1.0,552,0.0,0.0,0.0,0.0,0.0,0.0,0.0,0.0,0.0,0.0,0.0,0.0,0.0,234.40802400000393
156,9360000000000,4.0,9.0,4.518518518518518,4.0,6.0,351,0.0,0.0,0.0,0.0,0.0,0,0.0,0.0,0.0,0.0,0.0,0,1.0,1.0,1.0,1.0,1.0,552,0.9999999999999998,1.00386227043802,1.0000069968667356,1.0,1.0000000000000002,552,0.0,0.0,0.0,0.0,0.0,0.0,0.0,0.0,0.0,0.0,0.0,0.0,0.0,257.4163929966744
157,9420000000000,4.0,9.0,4.532763532763533,4.0,6.0,351,0.0,0.0,0.0,0.0,0.0,0,0.0,0.0,0.0,0.0,0.0,0,1.0,1.0,1.0,1.0,1.0,552,0.9999999999999997,1.0001571067476969,1.000000550224228,1.0,1.0,552,0.0,0.0,0.0,0.0,0.0,0.0,0.0,0.0,0.0,0.0,0.0,0.0,0.0,245.12207499719807
158,9480000000000,4.0,9.0,4.521367521367521,4.0,6.0,351,0.0,0.0,0.0,0.0,0.0,0,0.0,0.0,0.0,0.0,0.0,0,1.0,1.0,1.0,1.0,1.0,552,0.9999999999999998,1.0000000000000002,1.0,1.0,1.0000000000000002,552,0.0,0.0,0.0,0.0,0.0,0.0,0.0,0.0,0.0,0.0,0.0,0.0,0.0,240.23977300021215
159,9540000000000,4.0,9.0,4.524216524216524,4.0,6.0,351,0.0,0.0,0.0,0.0,0.0,0,0.0,0.0,0.0,0.0,0.0,0,1.0,1.0,1.0,1.0,1.0,552,0.9999999999999998,1.0000000000000002,1.0,1.0,1.0,552,0.0,0.0,0.0,0.0,0.0,0.0,0.0,0.0,0.0,0.0,0.0,0.0,0.0,231.6336969997792
160,9600000000000,4.0,9.0,4.535612535612535,4.0,6.0,351,0.0,0.0,0.0,0.0,0.0,0,0.0,0.0,0.0,0.0,0.0,0,1.0,1.0,1.0,1.0,1.0,552,0.9999999999999998,1.0000000000000002,1.0,1.0,1.0,552,0.0,0.0,0.0,0.0,0.0,0.0,0.0,0.0,0.0,0.0,0.0,0.0,0.0,233.99951999817858
161,9660000000000,4.0,8.0,4.512820512820513,4.0,6.0,351,0.0,0.0,0.0,0.0,0.0,0,0.0,0.0,0.0,0.0,0.0,0,1.0,1.0,1.0,1.0,1.0,552,0.9999999999999997,1.0000000000000002,1.0,1.0,1.0,552,0.0,0.0,0.0,0.0,0.0,0.0,0.0,0.0,0.0,0.0,0.0,0.0,0.0,244.07669799984433
162,9720000000000,4.0,9.0,4.52991452991453,4.0,6.0,351,0.0,0.0,0.0,0.0,0.0,0,0.0,0.0,0.0,0.0,0.0,0,1.0,1.0,1.0,1.0,1.0,552,0.9999999999999998,1.0000000000000002,1.0,1.0,1.0,552,0.0,0.0,0.0,0.0,0.0,0.0,0.0,0.0,0.0,0.0,0.0,0.0,0.0,243.04321199815604
163,9780000000000,4.0,10.0,4.512820512820513,4.0,6.0,351,0.0,0.0,0.0,0.0,0.0,0,0.0,0.0,0.0,0.0,0.0,0,1.0,1.0,1.0,1.0,1.0,552,0.9999999999999997,1.0000000000000004,1.0,1.0,1.0,552,0.0,0.0,0.0,0.0,0.0,0.0,0.0,0.0,0.0,0.0,0.0,0.0,0.0,256.1031380027998
164,9840000000000,4.0,9.0,4.521367521367521,4.0,6.0,351,0.0,0.0,0.0,0.0,0.0,0,0.0,0.0,0.0,0.0,0.0,0,1.0,1.0,1.0,1.0,1.0,552,0.9999999999999997,1.0032731920421658,1.0000118392981356,1.0,1.0,552,0.0,0.0,0.0,0.0,0.0,0.0,0.0,0.0,0.0,0.0,0.0,0.0,0.0,237.63609399975394
165,9900000000000,4.0,8.0,4.52991452991453,4.0,6.0,351,0.0,0.0,0.0,0.0,0.0,0,0.0,0.0,0.0,0.0,0.0,0,1.0,1.0,1.0,1.0,1.0,552,0.9999999999999997,1.0000387156304387,1.000000300495536,1.0,1.0,552,0.0,0.0,0.0,0.0,0.0,0.0,0.0,0.0,0.0,0.0,0.0,0.0,0.0,240.59843299983186
166,9960000000000,4.0,9.0,4.527065527065527,4.0,6.0,351,0.0,0.0,0.0,0.0,0.0,0,0.0,0.0,0.0,0.0,0.0,0,1.0,1.0,1.0,1.0,1.0,552,0.9999999999999998,1.0000000000000002,1.0,1.0,1.0,552,0.0,0.0,0.0,0.0,0.0,0.0,0.0,0.0,0.0,0.0,0.0,0.0,0.0,241.07605099925422
167,10020000000000,4.0,9.0,4.527065527065527,4.0,6.0,351,0.0,0.0,0.0,0.0,0.0,0,0.0,0.0,0.0,0.0,0.0,0,1.0,1.0,1.0,1.0,1.0,552,0.9999999999999997,1.0000000000000002,1.0,1.0,1.0,552,0.0,0.0,0.0,0.0,0.0,0.0,0.0,0.0,0.0,0.0,0.0,0.0,0.0,241.1344799984363
168,10080000000000,4.0,9.0,4.52991452991453,4.0,6.0,351,0.0,0.0,0.0,0.0,0.0,0,0.0,0.0,0.0,0.0,0.0,0,1.0,1.0,1.0,1.0,1.0,552,0.9999999999999998,1.0000000000000002,1.0,1.0,1.0000000000000002,552,0.0,0.0,0.0,0.0,0.0,0.0,0.0,0.0,0.0,0.0,0.0,0.0,0.0,235.5186560016591
169,10140000000000,4.0,8.0,4.507122507122507,4.0,6.0,351,0.0,0.0,0.0,0.0,0.0,0,0.0,0.0,0.0,0.0,0.0,0,1.0,1.0,1.0,1.0,1.0,552,0.9999999999999998,1.0000000000000002,1.0,1.0,1.0,552,0.0,0.0,0.0,0.0,0.0,0.0,0.0,0.0,0.0,0.0,0.0,0.0,0.0,231.70466299779946
170,10200000000000,4.0,10.0,4.52991452991453,4.0,6.0,351,0.0,0.0,0.0,0.0,0.0,0,0.0,0.0,0.0,0.0,0.0,0,1.0,1.0,1.0,1.0,1.0,552,0.9999999999999998,1.0000000000000002,1.0,1.0,1.0,552,0.0,0.0,0.0,0.0,0.0,0.0,0.0,0.0,0.0,0.0,0.0,0.0,0.0,260.08447200001683
171,10260000000000,4.0,9.0,4.504273504273504,4.0,6.5,351,0.0,0.0,0.0,0.0,0.0,0,0.0,0.0,0.0,0.0,0.0,0,1.0,1.0,1.0,1.0,1.0,552,0.9999999999999997,1.0000000000000002,1.0,1.0,1.0,552,0.0,0.0,0.0,0.0,0.0,0.0,0.0,0.0,0.0,0.0,0.0,0.0,0.0,233.1304520012054
172,10320000000000,4.0,9.0,4.521367521367521,4.0,6.0,351,0.0,0.0,0.0,0.0,0.0,0,0.0,0.0,0.0,0.0,0.0,0,1.0,1.0,1.0,1.0,1.0,552,0.9999999999999997,1.0026765951930845,1.0000096837533394,1.0,1.0,552,0.0,0.0,0.0,0.0,0.0,0.0,0.0,0.0,0.0,0.0,0.0,0.0,0.0,241.584450002847
173,10380000000000,4.0,8.0,4.507122507122507,4.0,6.0,351,0.0,0.0,0.0,0.0,0.0,0,0.0,0.0,0.0,0.0,0.0,0,1.0,1.0,1.0,1.0,1.0,552,0.9999999999999998,1.0000000000000002,1.0,1.0,1.0000000000000002,552,0.0,0.0,0.0,0.0,0.0,0.0,0.0,0.0,0.0,0.0,0.0,0.0,0.0,237.29438800000935
174,10440000000000,4.0,8.0,4.521367521367521,4.0,6.0,351,0.0,0.0,0.0,0.0,0.0,0,0.0,0.0,0.0,0.0,0.0,0,1.0,1.0,1.0,1.0,1.0,552,0.9999999999999997,1.0000000000000002,1.0,1.0,1.0,552,0.0,0.0,0.0,0.0,0.0,0.0,0.0,0.0,0.0,0.0,0.0,0.0,0.0,237.9689520021202
175,10500000000000,4.0,9.0,4.52991452991453,4.0,6.0,351,0.0,0.0,0.0,0.0,0.0,0,0.0,0.0,0.0,0.0,0.0,0,1.0,1.0,1.0,1.0,1.0,552,0.9999999999999997,1.0000000000000002,1.0,1.0,1.0,552,0.0,0.0,0.0,0.0,0.0,0.0,0.0,0.0,0.0,0.0,0.0,0.0,0.0,239.2911679999088
176,10560000000000,4.0,10.0,4.532763532763533,4.0,6.0,351,0.0,0.0,0.0,0.0,0.0,0,0.0,0.0,0.0,0.0,0.0,0,1.0,1.0,1.0,1.0,1.0,552,0.9999999999999998,1.0000000000000004,1.0,1.0,1.0,552,0.0,0.0,0.0,0.0,0.0,0.0,0.0,0.0,0.0,0.0,0.0,0.0,0.0,245.06251399725443
177,10620000000000,4.0,9.0,4.507122507122507,4.0,6.0,351,0.0,0.0,0.0,0.0,0.0,0,0.0,0.0,0.0,0.0,0.0,0,1.0,1.0,1.0,1.0,1.0,552,0.9999999999999998,1.0000000000000002,1.0,1.0,1.0000000000000002,552,0.0,0.0,0.0,0.0,0.0,0.0,0.0,0.0,0.0,0.0,0.0,0.0,0.0,267.0304169987503
178,10680000000000,4.0,10.0,4.515669515669516,4.0,6.0,351,0.0,0.0,0.0,0.0,0.0,0,0.0,0.0,0.0,0.0,0.0,0,1.0,1.0,1.0,1.0,1.0,552,0.9999999999999998,1.0000000000000002,1.0,1.0,1.0,552,0.0,0.0,0.0,0.0,0.0,0.0,0.0,0.0,0.0,0.0,0.0,0.0,0.0,229.87357000238262
179,10740000000000,4.0,9.0,4.498575498575499,4.0,6.0,351,0.0,0.0,0.0,0.0,0.0,0,0.0,0.0,0.0,0.0,0.0,0,1.0,1.0,1.0,1.0,1.0,552,0.9999999999999997,1.0000000000000002,1.0,1.0,1.0000000000000002,552,0.0,0.0,0.0,0.0,0.0,0.0,0.0,0.0,0.0,0.0,0.0,0.0,0.0,226.54061999855912
180,10800000000000,4.0,9.0,4.52991452991453,4.0,6.0,351,0.0,0.0,0.0,0.0,0.0,0,0.0,0.0,0.0,0.0,0.0,0,1.0,1.0,1.0,1.0,1.0,552,0.9999999999999997,1.0020777931075677,1.000007519938026,1.0,1.0,552,0.0,0.0,0.0,0.0,0.0,0.0,0.0,0.0,0.0,0.0,0.0,0.0,0.0,244.2492409973056
181,10860000000000,4.0,8.0,4.521367521367521,4.0,6.0,351,0.0,0.0,0.0,0.0,0.0,0,0.0,0.0,0.0,0.0,0.0,0,1.0,1.0,1.0,1.0,1.0,552,0.9999999999999996,1.0000000000000002,1.0,1.0,1.0000000000000002,552,0.0,0.0,0.0,0.0,0.0,0.0,0.0,0.0,0.0,0.0,0.0,0.0,0.0,240.71054700107197
182,10920000000000,4.0,8.0,4.527065527065527,4.0,6.0,351,0.0,0.0,0.0,0.0,0.0,0,0.0,0.0,0.0,0.0,0.0,0,1.0,1.0,1.0,1.0,1.0,552,0.9999999999999996,1.0000000000000002,1.0,1.0,1.0,552,0.0,0.0,0.0,0.0,0.0,0.0,0.0,0.0,0.0,0.0,0.0,0.0,0.0,241.10574400037876
183,10980000000000,4.0,10.0,4.524216524216524,4.0,6.0,351,0.0,0.0,0.0,0.0,0.0,0,0.0,0.0,0.0,0.0,0.0,0,1.0,1.0,1.0,1.0,1.0,552,0.9999999999999998,1.0000000000000002,1.0,1.0,1.0000000000000002,552,0.0,0.0,0.0,0.0,0.0,0.0,0.0,0.0,0.0,0.0,0.0,0.0,0.0,239.71097400135477
184,11040000000000,4.0,10.0,4.535612535612535,4.0,6.0,351,0.0,0.0,0.0,0.0,0.0,0,0.0,0.0,0.0,0.0,0.0,0,1.0,1.0,1.0,1.0,1.0,552,0.9999999999999998,1.0000000000000002,1.0,1.0,1.0000000000000002,552,0.0,0.0,0.0,0.0,0.0,0.0,0.0,0.0,0.0,0.0,0.0,0.0,0.0,261.2296379993495
185,11100000000000,4.0,9.0,4.512820512820513,4.0,6.0,351,0.0,0.0,0.0,0.0,0.0,0,0.0,0.0,0.0,0.0,0.0,0,1.0,1.0,1.0,1.0,1.0,552,0.9999999999999997,1.0000000000000002,1.0,1.0,1.0,552,0.0,0.0,0.0,0.0,0.0,0.0,0.0,0.0,0.0,0.0,0.0,0.0,0.0,239.67989400262013
186,11160000000000,4.0,10.0,4.512820512820513,4.0,6.0,351,0.0,0.0,0.0,0.0,0.0,0,0.0,0.0,0.0,0.0,0.0,0,1.0,1.0,1.0,1.0,1.0,552,0.9999999999999998,1.0000000000000004,1.0,1.0,1.0,552,0.0,0.0,0.0,0.0,0.0,0.0,0.0,0.0,0.0,0.0,0.0,0.0,0.0,239.4075799966231
187,11220000000000,4.0,9.0,4.52991452991453,4.0,6.0,351,0.0,0.0,0.0,0.0,0.0,0,0.0,0.0,0.0,0.0,0.0,0,1.0,1.0,1.0,1.0,1.0,552,0.9999999999999998,1.0000000000000004,1.0,1.0,1.0000000000000002,552,0.0,0.0,0.0,0.0,0.0,0.0,0.0,0.0,0.0,0.0,0.0,0.0,0.0,241.34695799875772
188,11280000000000,4.0,9.0,4.532763532763533,4.0,6.0,351,0.0,0.0,0.0,0.0,0.0,0,0.0,0.0,0.0,0.0,0.0,0,1.0,1.0,1.0,1.0,1.0,552,0.9999999999999998,1.0046418137174196,1.0000137504404607,1.0,1.0,552,0.0,0.0,0.0,0.0,0.0,0.0,0.0,0.0,0.0,0.0,0.0,0.0,0.0,235.75824100043974
189,11340000000000,4.0,8.0,4.535612535612535,4.0,6.0,351,0.0,0.0,0.0,0.0,0.0,0,0.0,0.0,0.0,0.0,0.0,0,1.0,1.0,1.0,1.0,1.0,552,0.9999999999999998,1.0000000000000002,1.0,1.0,1.0,552,0.0,0.0,0.0,0.0,0.0,0.0,0.0,0.0,0.0,0.0,0.0,0.0,0.0,238.25920699891867
190,11400000000000,4.0,8.0,4.535612535612535,4.0,6.0,351,0.0,0.0,0.0,0.0,0.0,0,0.0,0.0,0.0,0.0,0.0,0,1.0,1.0,1.0,1.0,1.0,552,0.9999999999999998,1.0000000000000002,1.0,1.0,1.0,552,0.0,0.0,0.0,0.0,0.0,0.0,0.0,0.0,0.0,0.0,0.0,0.0,0.0,247.51562500023283
191,11460000000000,4.0,9.0,4.518518518518518,4.0,6.0,351,0.0,0.0,0.0,0.0,0.0,0,0.0,0.0,0.0,0.0,0.0,0,1.0,1.0,1.0,1.0,1.0,552,0.9999999999999998,1.0000000000000002,1.0,1.0,1.0000000000000002,552,0.0,0.0,0.0,0.0,0.0,0.0,0.0,0.0,0.0,0.0,0.0,0.0,0.0,261.61274499827414
192,11520000000000,4.0,9.0,4.518518518518518,4.0,6.0,351,0.0,0.0,0.0,0.0,0.0,0,0.0,0.0,0.0,0.0,0.0,0,1.0,1.0,1.0,1.0,1.0,552,0.9999999999999997,1.0000000000000002,1.0,1.0,1.0,552,0.0,0.0,0.0,0.0,0.0,0.0,0.0,0.0,0.0,0.0,0.0,0.0,0.0,239.08834000030765
193,11580000000000,4.0,9.0,4.518518518518518,4.0,6.0,351,0.0,0.0,0.0,0.0,0.0,0,0.0,0.0,0.0,0.0,0.0,0,1.0,1.0,1.0,1.0,1.0,552,0.9999999999999997,1.0000000000000002,1.0,1.0,1.0,552,0.0,0.0,0.0,0.0,0.0,0.0,0.0,0.0,0.0,0.0,0.0,0.0,0.0,237.81885499920463
194,11640000000000,4.0,9.0,4.512820512820513,4.0,6.0,351,0.0,0.0,0.0,0.0,0.0,0,0.0,0.0,0.0,0.0,0.0,0,1.0,1.0,1.0,1.0,1.0,552,0.9999999999999998,1.0000000000000002,1.0,1.0,1.0000000000000002,552,0.0,0.0,0.0,0.0,0.0,0.0,0.0,0.0,0.0,0.0,0.0,0.0,0.0,234.67200100276386
195,11700000000000,4.0,9.0,4.527065527065527,4.0,6.0,351,0.0,0.0,0.0,0.0,0.0,0,0.0,0.0,0.0,0.0,0.0,0,1.0,1.0,1.0,1.0,1.0,552,0.9999999999999998,1.0000000000000002,1.0,1.0,1.0000000000000002,552,0.0,0.0,0.0,0.0,0.0,0.0,0.0,0.0,0.0,0.0,0.0,0.0,0.0,238.94693700276548
196,11760000000000,4.0,9.0,4.538461538461538,4.0,6.0,351,0.0,0.0,0.0,0.0,0.0,0,0.0,0.0,0.0,0.0,0.0,0,1.0,1.0,1.0,1.0,1.0,552,0.9999999999999997,1.0041029932125993,1.000013765163701,1.0,1.0,552,0.0,0.0,0.0,0.0,0.0,0.0,0.0,0.0,0.0,0.0,0.0,0.0,0.0,245.01042400152073
197,11820000000000,4.0,9.0,4.535612535612535,4.0,6.0,351,0.0,0.0,0.0,0.0,0.0,0,0.0,0.0,0.0,0.0,0.0,0,1.0,1.0,1.0,1.0,1.0,552,0.9999999999999997,1.0000000000000004,1.0,1.0,1.0,552,0.0,0.0,0.0,0.0,0.0,0.0,0.0,0.0,0.0,0.0,0.0,0.0,0.0,239.2623919986363
198,11880000000000,4.0,9.0,4.5413105413105415,4.0,6.0,351,0.0,0.0,0.0,0.0,0.0,0,0.0,0.0,0.0,0.0,0.0,0,1.0,1.0,1.0,1.0,1.0,552,0.9999999999999997,1.0000000000000002,1.0,1.0,1.0000000000000002,552,0.0,0.0,0.0,0.0,0.0,0.0,0.0,0.0,0.0,0.0,0.0,0.0,0.0,255.6729070020083
199,11940000000000,4.0,9.0,4.518518518518518,4.0,6.0,351,0.0,0.0,0.0,0.0,0.0,0,0.0,0.0,0.0,0.0,0.0,0,1.0,1.0,1.0,1.0,1.0,552,0.9999999999999997,1.0000000000000004,1.0,1.0,1.0,552,0.0,0.0,0.0,0.0,0.0,0.0,0.0,0.0,0.0,0.0,0.0,0.0,0.0,233.43054499855498
200,12000000000000,4.0,9.0,4.515669515669516,4.0,6.0,351,0.0,0.0,0.0,0.0,0.0,0,0.0,0.0,0.0,0.0,0.0,0,1.0,1.0,1.0,1.0,1.0,552,0.9999999999999997,1.0000000000000002,1.0,1.0,1.0,552,0.0,0.0,0.0,0.0,0.0,0.0,0.0,0.0,0.0,0.0,0.0,0.0,0.0,241.907045001426
201,12060000000000,4.0,9.0,4.50997150997151,4.0,6.0,351,0.0,0.0,0.0,0.0,0.0,0,0.0,0.0,0.0,0.0,0.0,0,1.0,1.0,1.0,1.0,1.0,552,0.9999999999999997,1.0000000000000002,1.0,1.0,1.0000000000000002,552,0.0,0.0,0.0,0.0,0.0,0.0,0.0,0.0,0.0,0.0,0.0,0.0,0.0,238.7680489991908
202,12120000000000,4.0,9.0,4.515669515669516,4.0,6.0,351,0.0,0.0,0.0,0.0,0.0,0,0.0,0.0,0.0,0.0,0.0,0,1.0,1.0,1.0,1.0,1.0,552,0.9999999999999997,1.0000000000000002,1.0,1.0,1.0,552,0.0,0.0,0.0,0.0,0.0,0.0,0.0,0.0,0.0,0.0,0.0,0.0,0.0,237.99865899854922
203,12180000000000,4.0,9.0,4.512820512820513,4.0,6.0,351,0.0,0.0,0.0,0.0,0.0,0,0.0,0.0,0.0,0.0,0.0,0,1.0,1.0,1.0,1.0,1.0,552,0.9999999999999998,1.0000000000000002,1.0,1.0,1.0000000000000002,552,0.0,0.0,0.0,0.0,0.0,0.0,0.0,0.0,0.0,0.0,0.0,0.0,0.0,236.61647900007665
204,12240000000000,4.0,9.0,4.52991452991453,4.0,6.0,351,0.0,0.0,0.0,0.0,0.0,0,0.0,0.0,0.0,0.0,0.0,0,1.0,1.0,1.0,1.0,1.0,552,0.9999999999999997,1.0035637275779872,1.0000119861289645,1.0,1.0000000000000002,552,0.0,0.0,0.0,0.0,0.0,0.0,0.0,0.0,0.0,0.0,0.0,0.0,0.0,245.12446000153432
205,12300000000000,4.0,9.0,4.532763532763533,4.0,6.0,351,0.0,0.0,0.0,0.0,0.0,0,0.0,0.0,0.0,0.0,0.0,0,1.0,1.0,1.0,1.0,1.0,552,0.9999999999999998,1.0000000000000002,1.0,1.0,1.0,552,0.0,0.0,0.0,0.0,0.0,0.0,0.0,0.0,0.0,0.0,0.0,0.0,0.0,267.6383270008955
206,12360000000000,4.0,9.0,4.538461538461538,4.0,6.0,351,0.0,0.0,0.0,0.0,0.0,0,0.0,0.0,0.0,0.0,0.0,0,1.0,1.0,1.0,1.0,1.0,552,0.9999999999999998,1.0000000000000004,1.0,1.0,1.0,552,0.0,0.0,0.0,0.0,0.0,0.0,0.0,0.0,0.0,0.0,0.0,0.0,0.0,243.9854420008487
207,12420000000000,4.0,9.0,4.532763532763533,4.0,6.0,351,0.0,0.0,0.0,0.0,0.0,0,0.0,0.0,0.0,0.0,0.0,0,1.0,1.0,1.0,1.0,1.0,552,0.9999999999999998,1.0000000000000002,1.0,1.0,1.0,552,0.0,0.0,0.0,0.0,0.0,0.0,0.0,0.0,0.0,0.0,0.0,0.0,0.0,234.27879299924825
208,12480000000000,4.0,9.0,4.515669515669516,4.0,6.0,351,0.0,0.0,0.0,0.0,0.0,0,0.0,0.0,0.0,0.0,0.0,0,1.0,1.0,1.0,1.0,1.0,552,0.9999999999999997,1.0000000000000002,1.0,1.0,1.0000000000000002,552,0.0,0.0,0.0,0.0,0.0,0.0,0.0,0.0,0.0,0.0,0.0,0.0,0.0,232.83495199939352
209,12540000000000,4.0,9.0,4.50997150997151,4.0,6.0,351,0.0,0.0,0.0,0.0,0.0,0,0.0,0.0,0.0,0.0,0.0,0,1.0,1.0,1.0,1.0,1.0,552,0.9999999999999997,1.0000000000000002,1.0,1.0,1.0,552,0.0,0.0,0.0,0.0,0.0,0.0,0.0,0.0,0.0,0.0,0.0,0.0,0.0,244.13008699775673
210,12600000000000,4.0,9.0,4.524216524216524,4.0,6.0,351,0.0,0.0,0.0,0.0,0.0,0,0.0,0.0,0.0,0.0,0.0,0,1.0,1.0,1.0,1.0,1.0,552,0.9999999999999997,1.0000000000000002,1.0,1.0,1.0,552,0.0,0.0,0.0,0.0,0.0,0.0,0.0,0.0,0.0,0.0,0.0,0.0,0.0,241.47251400063396
211,12660000000000,4.0,9.0,4.527065527065527,4.0,6.0,351,0.0,0.0,0.0,0.0,0.0,0,0.0,0.0,0.0,0.0,0.0,0,1.0,1.0,1.0,1.0,1.0,552,0.9999999999999998,1.0000000000000002,1.0,1.0,1.0000000000000002,552,0.0,0.0,0.0,0.0,0.0,0.0,0.0,0.0,0.0,0.0,0.0,0.0,0.0,240.28758500207914
212,12720000000000,4.0,9.0,4.52991452991453,4.0,6.0,351,0.0,0.0,0.0,0.0,0.0,0,0.0,0.0,0.0,0.0,0.0,0,1.0,1.0,1.0,1.0,1.0,552,0.9999999999999997,1.0030282680376734,1.0000102056669111,1.0,1.0,552,0.0,0.0,0.0,0.0,0.0,0.0,0.0,0.0,0.0,0.0,0.0,0.0,0.0,264.8470210006053
213,12780000000000,4.0,9.0,4.52991452991453,4.0,6.0,351,0.0,0.0,0.0,0.0,0.0,0,0.0,0.0,0.0,0.0,0.0,0,1.0,1.0,1.0,1.0,1.0,552,0.9999999999999998,1.0012214091020295,1.0000022126976487,1.0,1.0,552,0.0,0.0,0.0,0.0,0.0,0.0,0.0,0.0,0.0,0.0,0.0,0.0,0.0,243.7834140000632
214,12840000000000,4.0,9.0,4.52991452991453,4.0,6.0,351,0.0,0.0,0.0,0.0,0.0,0,0.0,0.0,0.0,0.0,0.0,0,1.0,1.0,1.0,1.0,1.0,552,0.9999999999999998,1.0000000000000002,1.0,1.0,1.0000000000000002,552,0.0,0.0,0.0,0.0,0.0,0.0,0.0,0.0,0.0,0.0,0.0,0.0,0.0,241.9685640015814
215,12900000000000,4.0,9.0,4.52991452991453,4.0,6.0,351,0.0,0.0,0.0,0.0,0.0,0,0.0,0.0,0.0,0.0,0.0,0,1.0,1.0,1.0,1.0,1.0,552,0.9999999999999997,1.0000000000000002,1.0,1.0,1.0,552,0.0,0.0,0.0,0.0,0.0,0.0,0.0,0.0,0.0,0.0,0.0,0.0,0.0,242.77858800269314
216,12960000000000,4.0,9.0,4.524216524216524,4.0,6.0,351,0.0,0.0,0.0,0.0,0.0,0,0.0,0.0,0.0,0.0,0.0,0,1.0,1.0,1.0,1.0,1.0,552,0.9999999999999998,1.0000000000000002,1.0,1.0,1.0000000000000002,552,0.0,0.0,0.0,0.0,0.0,0.0,0.0,0.0,0.0,0.0,0.0,0.0,0.0,243.22367900094832
217,13020000000000,4.0,8.0,4.498575498575499,4.0,6.0,351,0.0,0.0,0.0,0.0,0.0,0,0.0,0.0,0.0,0.0,0.0,0,1.0,1.0,1.0,1.0,1.0,552,0.9999999999999998,1.0037900370835524,1.0000118830634326,1.0,1.0000000000000002,552,0.0,0.0,0.0,0.0,0.0,0.0,0.0,0.0,0.0,0.0,0.0,0.0,0.0,233.55734200231382
218,13080000000000,4.0,9.0,4.512820512820513,4.0,6.0,351,0.0,0.0,0.0,0.0,0.0,0,0.0,0.0,0.0,0.0,0.0,0,1.0,1.0,1.0,1.0,1.0,552,0.9999999999999997,1.0000000000000004,1.0,1.0,1.0000000000000002,552,0.0,0.0,0.0,0.0,0.0,0.0,0.0,0.0,0.0,0.0,0.0,0.0,0.0,234.8503979992529
219,13140000000000,4.0,9.0,4.521367521367521,4.0,6.0,351,0.0,0.0,0.0,0.0,0.0,0,0.0,0.0,0.0,0.0,0.0,0,1.0,1.0,1.0,1.0,1.0,552,0.9999999999999996,1.0000000000000002,1.0,1.0,1.0,552,0.0,0.0,0.0,0.0,0.0,0.0,0.0,0.0,0.0,0.0,0.0,0.0,0.0,263.35285599998315
220,13200000000000,4.0,9.0,4.518518518518518,4.0,6.0,351,0.0,0.0,0.0,0.0,0.0,0,0.0,0.0,0.0,0.0,0.0,0,1.0,1.0,1.0,1.0,1.0,552,0.9999999999999998,1.0000000000000002,1.0,1.0,1.0,552,0.0,0.0,0.0,0.0,0.0,0.0,0.0,0.0,0.0,0.0,0.0,0.0,0.0,239.44074000246474
221,13260000000000,4.0,9.0,4.52991452991453,4.0,6.0,351,0.0,0.0,0.0,0.0,0.0,0,0.0,0.0,0.0,0.0,0.0,0,1.0,1.0,1.0,1.0,1.0,552,0.9999999999999998,1.000882634045032,1.0000015989747193,1.0,1.0,552,0.0,0.0,0.0,0.0,0.0,0.0,0.0,0.0,0.0,0.0,0.0,0.0,0.0,243.4768740022264
222,13320000000000,4.0,10.0,4.515669515669516,4.0,6.0,351,0.0,0.0,0.0,0.0,0.0,0,0.0,0.0,0.0,0.0,0.0,0,1.0,1.0,1.0,1.0,1.0,552,0.9999999999999998,1.0000000000000002,1.0,1.0,1.0000000000000002,552,0.0,0.0,0.0,0.0,0.0,0.0,0.0,0.0,0.0,0.0,0.0,0.0,0.0,238.7835349982197
223,13380000000000,4.0,9.0,4.524216524216524,4.0,6.5,351,0.0,0.0,0.0,0.0,0.0,0,0.0,0.0,0.0,0.0,0.0,0,1.0,1.0,1.0,1.0,1.0,552,0.9999999999999997,1.0000000000000002,1.0,1.0,1.0,552,0.0,0.0,0.0,0.0,0.0,0.0,0.0,0.0,0.0,0.0,0.0,0.0,0.0,235.15326800043113
224,13440000000000,4.0,9.0,4.504273504273504,4.0,6.0,351,0.0,0.0,0.0,0.0,0.0,0,0.0,0.0,0.0,0.0,0.0,0,1.0,1.0,1.0,1.0,1.0,552,0.9999999999999998,1.0000000000000002,1.0,1.0,1.0,552,0.0,0.0,0.0,0.0,0.0,0.0,0.0,0.0,0.0,0.0,0.0,0.0,0.0,238.74946700016153
225,13500000000000,4.0,8.0,4.515669515669516,4.0,6.0,351,0.0,0.0,0.0,0.0,0.0,0,0.0,0.0,0.0,0.0,0.0,0,1.0,1.0,1.0,1.0,1.0,552,0.9999999999999998,1.00342208083693,1.0000150490724729,1.0,1.0,552,0.0,0.0,0.0,0.0,0.0,0.0,0.0,0.0,0.0,0.0,0.0,0.0,0.0,244.98731399944518
226,13560000000000,4.0,8.0,4.524216524216524,4.0,6.0,351,0.0,0.0,0.0,0.0,0.0,0,0.0,0.0,0.0,0.0,0.0,0,1.0,1.0,1.0,1.0,1.0,552,0.9999999999999998,1.0000000000000002,1.0,1.0,1.0000000000000002,552,0.0,0.0,0.0,0.0,0.0,0.0,0.0,0.0,0.0,0.0,0.0,0.0,0.0,263.0074920016341
227,13620000000000,4.0,9.0,4.512820512820513,4.0,6.0,351,0.0,0.0,0.0,0.0,0.0,0,0.0,0.0,0.0,0.0,0.0,0,1.0,1.0,1.0,1.0,1.0,552,0.9999999999999998,1.0000000000000002,1.0,1.0,1.0,552,0.0,0.0,0.0,0.0,0.0,0.0,0.0,0.0,0.0,0.0,0.0,0.0,0.0,233.88168800011044
228,13680000000000,4.0,10.0,4.532763532763533,4.0,6.0,351,0.0,0.0,0.0,0.0,0.0,0,0.0,0.0,0.0,0.0,0.0,0,1.0,1.0,1.0,1.0,1.0,552,0.9999999999999998,1.0000000000000002,1.0,1.0,1.0,552,0.0,0.0,0.0,0.0,0.0,0.0,0.0,0.0,0.0,0.0,0.0,0.0,0.0,237.25880499841878
229,13740000000000,4.0,9.0,4.521367521367521,4.0,6.0,351,0.0,0.0,0.0,0.0,0.0,0,0.0,0.0,0.0,0.0,0.0,0,1.0,1.0,1.0,1.0,1.0,552,0.9999999999999997,1.0005336853699844,1.0000009668213223,1.0,1.0000000000000002,552,0.0,0.0,0.0,0.0,0.0,0.0,0.0,0.0,0.0,0.0,0.0,0.0,0.0,247.20541900023818
230,13800000000000,4.0,10.0,4.524216524216524,4.0,6.0,351,0.0,0.0,0.0,0.0,0.0,0,0.0,0.0,0.0,0.0,0.0,0,1.0,1.0,1.0,1.0,1.0,552,0.9999999999999998,1.0000000000000002,1.0,1.0,1.0000000000000002,552,0.0,0.0,0.0,0.0,0.0,0.0,0.0,0.0,0.0,0.0,0.0,0.0,0.0,240.03075099972193
231,13860000000000,4.0,9.0,4.512820512820513,4.0,6.5,351,0.0,0.0,0.0,0.0,0.0,0,0.0,0.0,0.0,0.0,0.0,0,1.0,1.0,1.0,1.0,1.0,552,0.9999999999999996,1.0000000000000004,1.0,1.0,1.0000000000000002,552,0.0,0.0,0.0,0.0,0.0,0.0,0.0,0.0,0.0,0.0,0.0,0.0,0.0,236.35639599888236
232,13920000000000,4.0,8.0,4.527065527065527,4.0,6.0,351,0.0,0.0,0.0,0.0,0.0,0,0.0,0.0,0.0,0.0,0.0,0,1.0,1.0,1.0,1.0,1.0,552,0.9999999999999998,1.0000000000000002,1.0,1.0,1.0,552,0.0,0.0,0.0,0.0,0.0,0.0,0.0,0.0,0.0,0.0,0.0,0.0,0.0,241.5626930014696
233,13980000000000,4.0,8.0,4.512820512820513,4.0,6.0,351,0.0,0.0,0.0,0.0,0.0,0,0.0,0.0,0.0,0.0,0.0,0,1.0,1.0,1.0,1.0,1.0,552,0.9999999999999998,1.003533096821813,1.0000251079812124,1.0,1.0000000000000002,552,0.0,0.0,0.0,0.0,0.0,0.0,0.0,0.0,0.0,0.0,0.0,0.0,0.0,259.68278699656366
234,14040000000000,4.0,8.0,4.5413105413105415,4.0,6.0,351,0.0,0.0,0.0,0.0,0.0,0,0.0,0.0,0.0,0.0,0.0,0,1.0,1.0,1.0,1.0,1.0,552,0.9999999999999998,1.0000000000000002,1.0,1.0,1.0000000000000002,552,0.0,0.0,0.0,0.0,0.0,0.0,0.0,0.0,0.0,0.0,0.0,0.0,0.0,246.3676059996942
235,14100000000000,4.0,10.0,4.52991452991453,4.0,6.0,351,0.0,0.0,0.0,0.0,0.0,0,0.0,0.0,0.0,0.0,0.0,0,1.0,1.0,1.0,1.0,1.0,552,0.9999999999999998,1.0000000000000002,1.0,1.0,1.0,552,0.0,0.0,0.0,0.0,0.0,0.0,0.0,0.0,0.0,0.0,0.0,0.0,0.0,248.0069609991915
236,14160000000000,4.0,9.0,4.515669515669516,4.0,6.0,351,0.0,0.0,0.0,0.0,0.0,0,0.0,0.0,0.0,0.0,0.0,0,1.0,1.0,1.0,1.0,1.0,552,0.9999999999999998,1.0000000000000002,1.0,1.0,1.0,552,0.0,0.0,0.0,0.0,0.0,0.0,0.0,0.0,0.0,0.0,0.0,0.0,0.0,243.86631000015768
237,14220000000000,4.0,9.0,4.507122507122507,4.0,6.0,351,0.0,0.0,0.0,0.0,0.0,0,0.0,0.0,0.0,0.0,0.0,0,1.0,1.0,1.0,1.0,1.0,552,0.9999999999999998,1.0020484827021956,1.0000040278465547,1.0,1.0,552,0.0,0.0,0.0,0.0,0.0,0.0,0.0,0.0,0.0,0.0,0.0,0.0,0.0,233.65173300044262
238,14280000000000,4.0,9.0,4.524216524216524,4.0,6.0,351,0.0,0.0,0.0,0.0,0.0,0,0.0,0.0,0.0,0.0,0.0,0,1.0,1.0,1.0,1.0,1.0,552,0.9999999999999997,1.0000000000000004,1.0,1.0,1.0,552,0.0,0.0,0.0,0.0,0.0,0.0,0.0,0.0,0.0,0.0,0.0,0.0,0.0,234.48876199836377
239,14340000000000,4.0,9.0,4.512820512820513,4.0,6.0,351,0.0,0.0,0.0,0.0,0.0,0,0.0,0.0,0.0,0.0,0.0,0,1.0,1.0,1.0,1.0,1.0,552,0.9999999999999997,1.0000000000000002,1.0,1.0,1.0,552,0.0,0.0,0.0,0.0,0.0,0.0,0.0,0.0,0.0,0.0,0.0,0.0,0.0,245.3592359997856
240,14400000000000,4.0,9.0,4.532763532763533,4.0,6.0,351,0.0,0.0,0.0,0.0,0.0,0,0.0,0.0,0.0,0.0,0.0,0,1.0,1.0,1.0,1.0,1.0,552,0.9999999999999998,1.0000000000000002,1.0,1.0,1.0,552,0.0,0.0,0.0,0.0,0.0,0.0,0.0,0.0,0.0,0.0,0.0,0.0,0.0,266.2900300019828
241,14460000000000,4.0,8.0,4.535612535612535,4.0,6.0,351,0.0,0.0,0.0,0.0,0.0,0,0.0,0.0,0.0,0.0,0.0,0,1.0,1.0,1.0,1.0,1.0,552,0.9999999999999998,1.0013385284826255,1.0000024248704396,1.0,1.0,552,0.0,0.0,0.0,0.0,0.0,0.0,0.0,0.0,0.0,0.0,0.0,0.0,0.0,244.29584599783993
242,14520000000000,4.0,9.0,4.521367521367521,4.0,6.0,351,0.0,0.0,0.0,0.0,0.0,0,0.0,0.0,0.0,0.0,0.0,0,1.0,1.0,1.0,1.0,1.0,552,0.9999999999999997,1.0000000000000002,1.0,1.0,1.0,552,0.0,0.0,0.0,0.0,0.0,0.0,0.0,0.0,0.0,0.0,0.0,0.0,0.0,242.51994999940507
243,14580000000000,4.0,10.0,4.532763532763533,4.0,6.0,351,0.0,0.0,0.0,0.0,0.0,0,0.0,0.0,0.0,0.0,0.0,0,1.0,1.0,1.0,1.0,1.0,552,0.9999999999999997,1.0000000000000002,1.0,1.0,1.0,552,0.0,0.0,0.0,0.0,0.0,0.0,0.0,0.0,0.0,0.0,0.0,0.0,0.0,245.61655499928747
244,14640000000000,4.0,9.0,4.518518518518518,4.0,6.0,351,0.0,0.0,0.0,0.0,0.0,0,0.0,0.0,0.0,0.0,0.0,0,1.0,1.0,1.0,1.0,1.0,552,0.9999999999999998,1.0000000000000002,1.0,1.0,1.0000000000000002,552,0.0,0.0,0.0,0.0,0.0,0.0,0.0,0.0,0.0,0.0,0.0,0.0,0.0,242.8826969990041
245,14700000000000,4.0,9.0,4.521367521367521,4.0,6.0,351,0.0,0.0,0.0,0.0,0.0,0,0.0,0.0,0.0,0.0,0.0,0,1.0,1.0,1.0,1.0,1.0,552,0.9999999999999998,1.0028276110183802,1.000005122483729,1.0,1.0,552,0.0,0.0,0.0,0.0,0.0,0.0,0.0,0.0,0.0,0.0,0.0,0.0,0.0,240.271347000089
246,14760000000000,4.0,9.0,4.527065527065527,4.0,6.0,351,0.0,0.0,0.0,0.0,0.0,0,0.0,0.0,0.0,0.0,0.0,0,1.0,1.0,1.0,1.0,1.0,552,0.9999999999999998,1.0000000000000002,1.0,1.0,1.0000000000000002,552,0.0,0.0,0.0,0.0,0.0,0.0,0.0,0.0,0.0,0.0,0.0,0.0,0.0,234.71803999927943
247,14820000000000,4.0,9.0,4.515669515669516,4.0,6.0,351,0.0,0.0,0.0,0.0,0.0,0,0.0,0.0,0.0,0.0,0.0,0,1.0,1.0,1.0,1.0,1.0,552,0.9999999999999996,1.0000000000000002,1.0,1.0,1.0000000000000002,552,0.0,0.0,0.0,0.0,0.0,0.0,0.0,0.0,0.0,0.0,0.0,0.0,0.0,252.4408860008407
248,14880000000000,4.0,9.0,4.535612535612535,4.0,6.0,351,0.0,0.0,0.0,0.0,0.0,0,0.0,0.0,0.0,0.0,0.0,0,1.0,1.0,1.0,1.0,1.0,552,0.9999999999999997,1.0000000000000002,1.0,1.0,1.0,552,0.0,0.0,0.0,0.0,0.0,0.0,0.0,0.0,0.0,0.0,0.0,0.0,0.0,243.31605000043055
249,14940000000000,4.0,8.0,4.524216524216524,4.0,6.0,351,0.0,0.0,0.0,0.0,0.0,0,0.0,0.0,0.0,0.0,0.0,0,1.0,1.0,1.0,1.0,1.0,552,0.9999999999999997,1.0000000000000002,1.0,1.0,1.0,552,0.0,0.0,0.0,0.0,0.0,0.0,0.0,0.0,0.0,0.0,0.0,0.0,0.0,238.54138900060207
250,15000000000000,4.0,9.0,4.538461538461538,4.0,6.0,351,0.0,0.0,0.0,0.0,0.0,0,0.0,0.0,0.0,0.0,0.0,0,1.0,1.0,1.0,1.0,1.0,552,0.9999999999999998,1.0000000000000002,1.0,1.0,1.0000000000000002,552,0.0,0.0,0.0,0.0,0.0,0.0,0.0,0.0,0.0,0.0,0.0,0.0,0.0,243.79045100067742
251,15060000000000,4.0,9.0,4.524216524216524,4.0,6.0,351,0.0,0.0,0.0,0.0,0.0,0,0.0,0.0,0.0,0.0,0.0,0,1.0,1.0,1.0,1.0,1.0,552,0.9999999999999997,1.0000000000000002,1.0,1.0,1.0,552,0.0,0.0,0.0,0.0,0.0,0.0,0.0,0.0,0.0,0.0,0.0,0.0,0.0,240.59014299928094
252,15120000000000,4.0,9.0,4.535612535612535,4.0,6.0,351,0.0,0.0,0.0,0.0,0.0,0,0.0,0.0,0.0,0.0,0.0,0,1.0,1.0,1.0,1.0,1.0,552,0.9999999999999997,1.0000000000000002,1.0,1.0,1.0,552,0.0,0.0,0.0,0.0,0.0,0.0,0.0,0.0,0.0,0.0,0.0,0.0,0.0,243.3812109993596
253,15180000000000,4.0,9.0,4.521367521367521,4.0,6.0,351,0.0,0.0,0.0,0.0,0.0,0,0.0,0.0,0.0,0.0,0.0,0,1.0,1.0,1.0,1.0,1.0,552,0.9999999999999997,1.0055084733748891,1.0000146781493284,1.0,1.0,552,0.0,0.0,0.0,0.0,0.0,0.0,0.0,0.0,0.0,0.0,0.0,0.0,0.0,239.3257360017742
254,15240000000000,4.0,9.0,4.524216524216524,4.0,6.0,351,0.0,0.0,0.0,0.0,0.0,0,0.0,0.0,0.0,0.0,0.0,0,1.0,1.0,1.0,1.0,1.0,552,0.9999999999999997,1.0000000000000002,1.0,1.0,1.0,552,0.0,0.0,0.0,0.0,0.0,0.0,0.0,0.0,0.0,0.0,0.0,0.0,0.0,266.5114689989423
255,15300000000000,4.0,9.0,4.518518518518518,4.0,6.0,351,0.0,0.0,0.0,0.0,0.0,0,0.0,0.0,0.0,0.0,0.0,0,1.0,1.0,1.0,1.0,1.0,552,0.9999999999999997,1.0000000000000002,1.0,1.0,1.0000000000000002,552,0.0,0.0,0.0,0.0,0.0,0.0,0.0,0.0,0.0,0.0,0.0,0.0,0.0,243.59380299938493
256,15360000000000,4.0,9.0,4.527065527065527,4.0,6.0,351,0.0,0.0,0.0,0.0,0.0,0,0.0,0.0,0.0,0.0,0.0,0,1.0,1.0,1.0,1.0,1.0,552,0.9999999999999998,1.0000000000000002,1.0,1.0,1.0,552,0.0,0.0,0.0,0.0,0.0,0.0,0.0,0.0,0.0,0.0,0.0,0.0,0.0,239.37286799991853
257,15420000000000,4.0,8.0,4.52991452991453,4.0,6.0,351,0.0,0.0,0.0,0.0,0.0,0,0.0,0.0,0.0,0.0,0.0,0,1.0,1.0,1.0,1.0,1.0,552,0.9999999999999997,1.0000000000000002,1.0,1.0,1.0,552,0.0,0.0,0.0,0.0,0.0,0.0,0.0,0.0,0.0,0.0,0.0,0.0,0.0,241.4471219999541
258,15480000000000,4.0,9.0,4.532763532763533,4.0,6.0,351,0.0,0.0,0.0,0.0,0.0,0,0.0,0.0,0.0,0.0,0.0,0,1.0,1.0,1.0,1.0,1.0,552,0.9999999999999998,1.0000000000000002,1.0,1.0,1.0,552,0.0,0.0,0.0,0.0,0.0,0.0,0.0,0.0,0.0,0.0,0.0,0.0,0.0,248.06429400268826
259,15540000000000,4.0,9.0,4.535612535612535,4.0,6.0,351,0.0,0.0,0.0,0.0,0.0,0,0.0,0.0,0.0,0.0,0.0,0,1.0,1.0,1.0,1.0,1.0,552,0.9999999999999998,1.0000000000000002,1.0,1.0,1.0,552,0.0,0.0,0.0,0.0,0.0,0.0,0.0,0.0,0.0,0.0,0.0,0.0,0.0,239.51513599968166
260,15600000000000,4.0,9.0,4.512820512820513,4.0,6.0,351,0.0,0.0,0.0,0.0,0.0,0,0.0,0.0,0.0,0.0,0.0,0,1.0,1.0,1.0,1.0,1.0,552,0.9999999999999998,1.0000000000000002,1.0,1.0,1.0,552,0.0,0.0,0.0,0.0,0.0,0.0,0.0,0.0,0.0,0.0,0.0,0.0,0.0,239.84291400120128
261,15660000000000,4.0,9.0,4.52991452991453,4.0,6.0,351,0.0,0.0,0.0,0.0,0.0,0,0.0,0.0,0.0,0.0,0.0,0,1.0,1.0,1.0,1.0,1.0,552,0.9999999999999997,1.0024758633757953,1.0000044852597387,1.0,1.0000000000000002,552,0.0,0.0,0.0,0.0,0.0,0.0,0.0,0.0,0.0,0.0,0.0,0.0,0.0,263.12550099828513
262,15720000000000,4.0,9.0,4.504273504273504,4.0,6.0,351,0.0,0.0,0.0,0.0,0.0,0,0.0,0.0,0.0,0.0,0.0,0,1.0,1.0,1.0,1.0,1.0,552,0.9999999999999998,1.0000000000000002,1.0,1.0,1.0,552,0.0,0.0,0.0,0.0,0.0,0.0,0.0,0.0,0.0,0.0,0.0,0.0,0.0,239.34823399758898
263,15780000000000,4.0,9.0,4.518518518518518,4.0,6.0,351,0.0,0.0,0.0,0.0,0.0,0,0.0,0.0,0.0,0.0,0.0,0,1.0,1.0,1.0,1.0,1.0,552,0.9999999999999997,1.0000000000000002,1.0,1.0,1.0000000000000002,552,0.0,0.0,0.0,0.0,0.0,0.0,0.0,0.0,0.0,0.0,0.0,0.0,0.0,242.59551700015436
264,15840000000000,4.0,9.0,4.524216524216524,4.0,6.0,351,0.0,0.0,0.0,0.0,0.0,0,0.0,0.0,0.0,0.0,0.0,0,1.0,1.0,1.0,1.0,1.0,552,0.9999999999999998,1.0000000000000002,1.0,1.0,1.0,552,0.0,0.0,0.0,0.0,0.0,0.0,0.0,0.0,0.0,0.0,0.0,0.0,0.0,248.62510800085147
265,15900000000000,4.0,9.0,4.5413105413105415,4.0,6.0,351,0.0,0.0,0.0,0.0,0.0,0,0.0,0.0,0.0,0.0,0.0,0,1.0,1.0,1.0,1.0,1.0,552,0.9999999999999998,1.0000000000000002,1.0,1.0,1.0000000000000002,552,0.0,0.0,0.0,0.0,0.0,0.0,0.0,0.0,0.0,0.0,0.0,0.0,0.0,251.9906199995603
266,15960000000000,4.0,9.0,4.524216524216524,4.0,6.0,351,0.0,0.0,0.0,0.0,0.0,0,0.0,0.0,0.0,0.0,0.0,0,1.0,1.0,1.0,1.0,1.0,552,0.9999999999999998,1.0000000000000002,1.0,1.0,1.0,552,0.0,0.0,0.0,0.0,0.0,0.0,0.0,0.0,0.0,0.0,0.0,0.0,0.0,237.38311099805287
267,16020000000000,4.0,9.0,4.538461538461538,4.0,7.0,351,0.0,0.0,0.0,0.0,0.0,0,0.0,0.0,0.0,0.0,0.0,0,1.0,1.0,1.0,1.0,1.0,552,0.9999999999999998,1.0000000000000002,1.0,1.0,1.0,552,0.0,0.0,0.0,0.0,0.0,0.0,0.0,0.0,0.0,0.0,0.0,0.0,0.0,237.14416700022412
268,16080000000000,4.0,9.0,4.521367521367521,4.0,6.0,351,0.0,0.0,0.0,0.0,0.0,0,0.0,0.0,0.0,0.0,0.0,0,1.0,1.0,1.0,1.0,1.0,552,0.9999999999999997,1.0000000000000002,1.0,1.0,1.0000000000000002,552,0.0,0.0,0.0,0.0,0.0,0.0,0.0,0.0,0.0,0.0,0.0,0.0,0.0,265.6602169990947
269,16140000000000,4.0,9.0,4.515669515669516,4.0,6.0,351,0.0,0.0,0.0,0.0,0.0,0,0.0,0.0,0.0,0.0,0.0,0,1.0,1.0,1.0,1.0,1.0,552,0.9999999999999998,1.002001809825216,1.0000036264670749,1.0,1.0000000000000002,552,0.0,0.0,0.0,0.0,0.0,0.0,0.0,0.0,0.0,0.0,0.0,0.0,0.0,242.78580299869645
270,16200000000000,4.0,10.0,4.512820512820513,4.0,6.0,351,0.0,0.0,0.0,0.0,0.0,0,0.0,0.0,0.0,0.0,0.0,0,1.0,1.0,1.0,1.0,1.0,552,0.9999999999999998,1.0000000000000002,1.0,1.0,1.0,552,0.0,0.0,0.0,0.0,0.0,0.0,0.0,0.0,0.0,0.0,0.0,0.0,0.0,239.29079200024717
271,16260000000000,4.0,9.0,4.512820512820513,4.0,6.0,351,0.0,0.0,0.0,0.0,0.0,0,0.0,0.0,0.0,0.0,0.0,0,1.0,1.0,1.0,1.0,1.0,552,0.9999999999999998,1.0000000000000004,1.0,1.0,1.0000000000000002,552,0.0,0.0,0.0,0.0,0.0,0.0,0.0,0.0,0.0,0.0,0.0,0.0,0.0,241.19178500041016
272,16320000000000,4.0,9.0,4.512820512820513,4.0,6.0,351,0.0,0.0,0.0,0.0,0.0,0,0.0,0.0,0.0,0.0,0.0,0,1.0,1.0,1.0,1.0,1.0,552,0.9999999999999997,1.0000000000000002,1.0,1.0,1.0,552,0.0,0.0,0.0,0.0,0.0,0.0,0.0,0.0,0.0,0.0,0.0,0.0,0.0,242.95821499981685
273,16380000000000,4.0,9.0,4.532763532763533,4.0,6.0,351,0.0,0.0,0.0,0.0,0.0,0,0.0,0.0,0.0,0.0,0.0,0,1.0,1.0,1.0,1.0,1.0,552,0.9999999999999997,1.0000000000000002,1.0,1.0,1.0,552,0.0,0.0,0.0,0.0,0.0,0.0,0.0,0.0,0.0,0.0,0.0,0.0,0.0,244.62574800054426
274,16440000000000,4.0,9.0,4.515669515669516,4.0,6.0,351,0.0,0.0,0.0,0.0,0.0,0,0.0,0.0,0.0,0.0,0.0,0,1.0,1.0,1.0,1.0,1.0,552,0.9999999999999998,1.0000000000000002,1.0,1.0,1.0,552,0.0,0.0,0.0,0.0,0.0,0.0,0.0,0.0,0.0,0.0,0.0,0.0,0.0,240.98232699907385
275,16500000000000,4.0,9.0,4.524216524216524,4.0,6.5,351,0.0,0.0,0.0,0.0,0.0,0,0.0,0.0,0.0,0.0,0.0,0,1.0,1.0,1.0,1.0,1.0,552,0.9999999999999996,1.0000000000000002,1.0,1.0,1.0,552,0.0,0.0,0.0,0.0,0.0,0.0,0.0,0.0,0.0,0.0,0.0,0.0,0.0,261.1365000011574
276,16560000000000,4.0,8.0,4.512820512820513,4.0,6.0,351,0.0,0.0,0.0,0.0,0.0,0,0.0,0.0,0.0,0.0,0.0,0,1.0,1.0,1.0,1.0,1.0,552,0.9999999999999998,1.0000000000000004,1.0,1.0,1.0000000000000002,552,0.0,0.0,0.0,0.0,0.0,0.0,0.0,0.0,0.0,0.0,0.0,0.0,0.0,234.63146699941717
277,16620000000000,4.0,10.0,4.512820512820513,4.0,6.0,351,0.0,0.0,0.0,0.0,0.0,0,0.0,0.0,0.0,0.0,0.0,0,1.0,1.0,1.0,1.0,1.0,552,0.9999999999999998,1.0015262420261688,1.0000027649312067,1.0,1.0,552,0.0,0.0,0.0,0.0,0.0,0.0,0.0,0.0,0.0,0.0,0.0,0.0,0.0,238.41891700067208
278,16680000000000,4.0,10.0,4.518518518518518,4.0,6.0,351,0.0,0.0,0.0,0.0,0.0,0,0.0,0.0,0.0,0.0,0.0,0,1.0,1.0,1.0,1.0,1.0,552,0.9999999999999998,1.0000000000000002,1.0,1.0,1.0,552,0.0,0.0,0.0,0.0,0.0,0.0,0.0,0.0,0.0,0.0,0.0,0.0,0.0,245.90615399938542
279,16740000000000,4.0,9.0,4.521367521367521,4.0,6.0,351,0.0,0.0,0.0,0.0,0.0,0,0.0,0.0,0.0,0.0,0.0,0,1.0,1.0,1.0,1.0,1.0,552,0.9999999999999998,1.0000000000000002,1.0,1.0,1.0,552,0.0,0.0,0.0,0.0,0.0,0.0,0.0,0.0,0.0,0.0,0.0,0.0,0.0,242.56354400131386
280,16800000000000,4.0,9.0,4.524216524216524,4.0,6.0,351,0.0,0.0,0.0,0.0,0.0,0,0.0,0.0,0.0,0.0,0.0,0,1.0,1.0,1.0,1.0,1.0,552,0.9999999999999997,1.0000000000000002,1.0,1.0,1.0,552,0.0,0.0,0.0,0.0,0.0,0.0,0.0,0.0,0.0,0.0,0.0,0.0,0.0,243.7953450025816
281,16860000000000,4.0,9.0,4.518518518518518,4.0,6.0,351,0.0,0.0,0.0,0.0,0.0,0,0.0,0.0,0.0,0.0,0.0,0,1.0,1.0,1.0,1.0,1.0,552,0.9999999999999997,1.0000000000000002,1.0,1.0,1.0,552,0.0,0.0,0.0,0.0,0.0,0.0,0.0,0.0,0.0,0.0,0.0,0.0,0.0,239.51463400226203
282,16920000000000,4.0,9.0,4.50997150997151,4.0,6.0,351,0.0,0.0,0.0,0.0,0.0,0,0.0,0.0,0.0,0.0,0.0,0,1.0,1.0,1.0,1.0,1.0,552,0.9999999999999998,1.0000000000000002,1.0,1.0,1.0000000000000002,552,0.0,0.0,0.0,0.0,0.0,0.0,0.0,0.0,0.0,0.0,0.0,0.0,0.0,259.8784149995481
283,16980000000000,4.0,9.0,4.524216524216524,4.0,6.5,351,0.0,0.0,0.0,0.0,0.0,0,0.0,0.0,0.0,0.0,0.0,0,1.0,1.0,1.0,1.0,1.0,552,0.9999999999999998,1.0000000000000002,1.0,1.0,1.0000000000000002,552,0.0,0.0,0.0,0.0,0.0,0.0,0.0,0.0,0.0,0.0,0.0,0.0,0.0,245.09884100189083
284,17040000000000,4.0,9.0,4.524216524216524,4.0,6.0,351,0.0,0.0,0.0,0.0,0.0,0,0.0,0.0,0.0,0.0,0.0,0,1.0,1.0,1.0,1.0,1.0,552,0.9999999999999998,1.0000000000000002,1.0,1.0,1.0000000000000002,552,0.0,0.0,0.0,0.0,0.0,0.0,0.0,0.0,0.0,0.0,0.0,0.0,0.0,247.08507499963162
285,17100000000000,4.0,10.0,4.535612535612535,4.0,6.0,351,0.0,0.0,0.0,0.0,0.0,0,0.0,0.0,0.0,0.0,0.0,0,1.0,1.0,1.0,1.0,1.0,552,0.9999999999999998,1.0010522101932298,1.0000019061778862,1.0,1.0,552,0.0,0.0,0.0,0.0,0.0,0.0,0.0,0.0,0.0,0.0,0.0,0.0,0.0,242.30922299830127
286,17160000000000,4.0,9.0,4.535612535612535,4.0,6.0,351,0.0,0.0,0.0,0.0,0.0,0,0.0,0.0,0.0,0.0,0.0,0,1.0,1.0,1.0,1.0,1.0,552,0.9999999999999998,1.0000000000000002,1.0,1.0,1.0,552,0.0,0.0,0.0,0.0,0.0,0.0,0.0,0.0,0.0,0.0,0.0,0.0,0.0,241.2493629999517
287,17220000000000,4.0,10.0,4.538461538461538,4.0,6.0,351,0.0,0.0,0.0,0.0,0.0,0,0.0,0.0,0.0,0.0,0.0,0,1.0,1.0,1.0,1.0,1.0,552,0.9999999999999998,1.0000000000000002,1.0,1.0,1.0,552,0.0,0.0,0.0,0.0,0.0,0.0,0.0,0.0,0.0,0.0,0.0,0.0,0.0,251.86417099757819
288,17280000000000,4.0,9.0,4.518518518518518,4.0,6.0,351,0.0,0.0,0.0,0.0,0.0,0,0.0,0.0,0.0,0.0,0.0,0,1.0,1.0,1.0,1.0,1.0,552,0.9999999999999998,1.0000000000000002,1.0,1.0,1.0,552,0.0,0.0,0.0,0.0,0.0,0.0,0.0,0.0,0.0,0.0,0.0,0.0,0.0,244.35826300032204
289,17340000000000,4.0,9.0,4.507122507122507,4.0,6.0,351,0.0,0.0,0.0,0.0,0.0,0,0.0,0.0,0.0,0.0,0.0,0,1.0,1.0,1.0,1.0,1.0,552,0.9999999999999998,1.0000000000000002,1.0,1.0,1.0,552,0.0,0.0,0.0,0.0,0.0,0.0,0.0,0.0,0.0,0.0,0.0,0.0,0.0,259.75359799849684
290,17400000000000,4.0,9.0,4.524216524216524,4.0,6.5,351,0.0,0.0,0.0,0.0,0.0,0,0.0,0.0,0.0,0.0,0.0,0,1.0,1.0,1.0,1.0,1.0,552,0.9999999999999998,1.0000000000000002,1.0,1.0,1.0000000000000002,552,0.0,0.0,0.0,0.0,0.0,0.0,0.0,0.0,0.0,0.0,0.0,0.0,0.0,243.34878499939805
291,17460000000000,4.0,8.0,4.527065527065527,4.0,6.0,351,0.0,0.0,0.0,0.0,0.0,0,0.0,0.0,0.0,0.0,0.0,0,1.0,1.0,1.0,1.0,1.0,552,0.9999999999999998,1.0000000000000002,1.0,1.0,1.0,552,0.0,0.0,0.0,0.0,0.0,0.0,0.0,0.0,0.0,0.0,0.0,0.0,0.0,245.56153699813876
292,17520000000000,4.0,9.0,4.52991452991453,4.0,6.0,351,0.0,0.0,0.0,0.0,0.0,0,0.0,0.0,0.0,0.0,0.0,0,1.0,1.0,1.0,1.0,1.0,552,0.9999999999999997,1.0000000000000004,1.0,1.0,1.0000000000000002,552,0.0,0.0,0.0,0.0,0.0,0.0,0.0,0.0,0.0,0.0,0.0,0.0,0.0,247.148667996953
293,17580000000000,4.0,9.0,4.527065527065527,4.0,6.0,351,0.0,0.0,0.0,0.0,0.0,0,0.0,0.0,0.0,0.0,0.0,0,1.0,1.0,1.0,1.0,1.0,552,0.9999999999999998,1.000581094478792,1.000001052707389,1.0,1.0000000000000002,552,0.0,0.0,0.0,0.0,0.0,0.0,0.0,0.0,0.0,0.0,0.0,0.0,0.0,248.1925920001231
294,17640000000000,4.0,9.0,4.535612535612535,4.0,6.0,351,0.0,0.0,0.0,0.0,0.0,0,0.0,0.0,0.0,0.0,0.0,0,1.0,1.0,1.0,1.0,1.0,552,0.9999999999999998,1.0000000000000002,1.0,1.0,1.0,552,0.0,0.0,0.0,0.0,0.0,0.0,0.0,0.0,0.0,0.0,0.0,0.0,0.0,248.97755500205676
295,17700000000000,4.0,10.0,4.5413105413105415,4.0,6.0,351,0.0,0.0,0.0,0.0,0.0,0,0.0,0.0,0.0,0.0,0.0,0,1.0,1.0,1.0,1.0,1.0,552,0.9999999999999997,1.0000000000000002,1.0,1.0,1.0,552,0.0,0.0,0.0,0.0,0.0,0.0,0.0,0.0,0.0,0.0,0.0,0.0,0.0,243.87881599977845
296,17760000000000,4.0,9.0,4.527065527065527,4.0,6.0,351,0.0,0.0,0.0,0.0,0.0,0,0.0,0.0,0.0,0.0,0.0,0,1.0,1.0,1.0,1.0,1.0,552,0.9999999999999996,1.0000000000000002,1.0,1.0,1.0,552,0.0,0.0,0.0,0.0,0.0,0.0,0.0,0.0,0.0,0.0,0.0,0.0,0.0,258.57654599894886
297,17820000000000,4.0,9.0,4.50997150997151,4.0,6.5,351,0.0,0.0,0.0,0.0,0.0,0,0.0,0.0,0.0,0.0,0.0,0,1.0,1.0,1.0,1.0,1.0,552,0.9999999999999996,1.0000000000000002,1.0,1.0,1.0,552,0.0,0.0,0.0,0.0,0.0,0.0,0.0,0.0,0.0,0.0,0.0,0.0,0.0,246.5620859984483
298,17880000000000,4.0,9.0,4.521367521367521,4.0,6.0,351,0.0,0.0,0.0,0.0,0.0,0,0.0,0.0,0.0,0.0,0.0,0,1.0,1.0,1.0,1.0,1.0,552,0.9999999999999997,1.0000000000000002,1.0,1.0,1.0,552,0.0,0.0,0.0,0.0,0.0,0.0,0.0,0.0,0.0,0.0,0.0,0.0,0.0,240.94584400154417
299,17940000000000,4.0,9.0,4.501424501424501,4.0,6.0,351,0.0,0.0,0.0,0.0,0.0,0,0.0,0.0,0.0,0.0,0.0,0,1.0,1.0,1.0,1.0,1.0,552,0.9999999999999997,1.0000000000000002,1.0,1.0,1.0,552,0.0,0.0,0.0,0.0,0.0,0.0,0.0,0.0,0.0,0.0,0.0,0.0,0.0,242.28588700134424
300,18000000000000,4.0,9.0,4.515669515669516,4.0,6.0,351,0.0,0.0,0.0,0.0,0.0,0,0.0,0.0,0.0,0.0,0.0,0,1.0,1.0,1.0,1.0,1.0,552,0.9999999999999997,1.0000000000000002,1.0,1.0,1.0000000000000002,552,0.0,0.0,0.0,0.0,0.0,0.0,0.0,0.0,0.0,0.0,0.0,0.0,0.0,246.67433200011146
301,18060000000000,4.0,9.0,4.524216524216524,4.0,6.0,351,0.0,0.0,0.0,0.0,0.0,0,0.0,0.0,0.0,0.0,0.0,0,1.0,1.0,1.0,1.0,1.0,552,0.9999999999999998,1.00010736075637,1.000000194494124,1.0,1.0000000000000002,552,0.0,0.0,0.0,0.0,0.0,0.0,0.0,0.0,0.0,0.0,0.0,0.0,0.0,246.6574030004267
302,18120000000000,4.0,9.0,4.52991452991453,4.0,6.0,351,0.0,0.0,0.0,0.0,0.0,0,0.0,0.0,0.0,0.0,0.0,0,1.0,1.0,1.0,1.0,1.0,552,0.9999999999999998,1.0000000000000002,1.0,1.0,1.0,552,0.0,0.0,0.0,0.0,0.0,0.0,0.0,0.0,0.0,0.0,0.0,0.0,0.0,245.78876799932914
303,18180000000000,4.0,10.0,4.538461538461538,4.0,6.5,351,0.0,0.0,0.0,0.0,0.0,0,0.0,0.0,0.0,0.0,0.0,0,1.0,1.0,1.0,1.0,1.0,552,0.9999999999999998,1.0000000000000002,1.0,1.0,1.0,552,0.0,0.0,0.0,0.0,0.0,0.0,0.0,0.0,0.0,0.0,0.0,0.0,0.0,268.8192409987096
304,18240000000000,4.0,9.0,4.535612535612535,4.0,6.5,351,0.0,0.0,0.0,0.0,0.0,0,0.0,0.0,0.0,0.0,0.0,0,1.0,1.0,1.0,1.0,1.0,552,0.9999999999999997,1.0000000000000002,1.0,1.0,1.0,552,0.0,0.0,0.0,0.0,0.0,0.0,0.0,0.0,0.0,0.0,0.0,0.0,0.0,242.86960199970054
305,18300000000000,4.0,9.0,4.524216524216524,4.0,6.0,351,0.0,0.0,0.0,0.0,0.0,0,0.0,0.0,0.0,0.0,0.0,0,1.0,1.0,1.0,1.0,1.0,552,0.9999999999999997,1.0000000000000002,1.0,1.0,1.0,552,0.0,0.0,0.0,0.0,0.0,0.0,0.0,0.0,0.0,0.0,0.0,0.0,0.0,236.19064800004708
306,18360000000000,4.0,9.0,4.512820512820513,4.0,6.0,351,0.0,0.0,0.0,0.0,0.0,0,0.0,0.0,0.0,0.0,0.0,0,1.0,1.0,1.0,1.0,1.0,552,0.9999999999999998,1.0000000000000002,1.0,1.0,1.0000000000000002,552,0.0,0.0,0.0,0.0,0.0,0.0,0.0,0.0,0.0,0.0,0.0,0.0,0.0,233.89614500047173
307,18420000000000,4.0,9.0,4.524216524216524,4.0,6.0,351,0.0,0.0,0.0,0.0,0.0,0,0.0,0.0,0.0,0.0,0.0,0,1.0,1.0,1.0,1.0,1.0,552,0.9999999999999998,1.0000000000000002,1.0,1.0,1.0,552,0.0,0.0,0.0,0.0,0.0,0.0,0.0,0.0,0.0,0.0,0.0,0.0,0.0,246.6845490016567
308,18480000000000,4.0,9.0,4.521367521367521,4.0,6.0,351,0.0,0.0,0.0,0.0,0.0,0,0.0,0.0,0.0,0.0,0.0,0,1.0,1.0,1.0,1.0,1.0,552,0.9999999999999998,1.0000000000000004,1.0,1.0,1.0,552,0.0,0.0,0.0,0.0,0.0,0.0,0.0,0.0,0.0,0.0,0.0,0.0,0.0,247.4340230000962
309,18540000000000,4.0,9.0,4.538461538461538,4.0,6.0,351,0.0,0.0,0.0,0.0,0.0,0,0.0,0.0,0.0,0.0,0.0,0,1.0,1.0,1.0,1.0,1.0,552,0.9999999999999998,1.0000000000000002,1.0,1.0,1.0,552,0.0,0.0,0.0,0.0,0.0,0.0,0.0,0.0,0.0,0.0,0.0,0.0,0.0,248.02257500050473
310,18600000000000,4.0,9.0,4.52991452991453,4.0,6.0,351,0.0,0.0,0.0,0.0,0.0,0,0.0,0.0,0.0,0.0,0.0,0,1.0,1.0,1.0,1.0,1.0,552,0.9999999999999997,1.0000000000000002,1.0,1.0,1.0,552,0.0,0.0,0.0,0.0,0.0,0.0,0.0,0.0,0.0,0.0,0.0,0.0,0.0,262.21787899703486
311,18660000000000,4.0,8.0,4.52991452991453,4.0,6.0,351,0.0,0.0,0.0,0.0,0.0,0,0.0,0.0,0.0,0.0,0.0,0,1.0,1.0,1.0,1.0,1.0,552,0.9999999999999998,1.0000000000000002,1.0,1.0,1.0,552,0.0,0.0,0.0,0.0,0.0,0.0,0.0,0.0,0.0,0.0,0.0,0.0,0.0,244.3005870009074
312,18720000000000,4.0,9.0,4.521367521367521,4.0,6.0,351,0.0,0.0,0.0,0.0,0.0,0,0.0,0.0,0.0,0.0,0.0,0,1.0,1.0,1.0,1.0,1.0,552,0.9999999999999997,1.0000000000000002,1.0,1.0,1.0,552,0.0,0.0,0.0,0.0,0.0,0.0,0.0,0.0,0.0,0.0,0.0,0.0,0.0,276.5852630000154
313,18780000000000,4.0,9.0,4.527065527065527,4.0,6.0,351,0.0,0.0,0.0,0.0,0.0,0,0.0,0.0,0.0,0.0,0.0,0,1.0,1.0,1.0,1.0,1.0,552,0.9999999999999998,1.0000000000000002,1.0,1.0,1.0,552,0.0,0.0,0.0,0.0,0.0,0.0,0.0,0.0,0.0,0.0,0.0,0.0,0.0,247.88503799936734
314,18840000000000,4.0,9.0,4.521367521367521,4.0,6.0,351,0.0,0.0,0.0,0.0,0.0,0,0.0,0.0,0.0,0.0,0.0,0,1.0,1.0,1.0,1.0,1.0,552,0.9999999999999998,1.0000000000000002,1.0,1.0,1.0000000000000002,552,0.0,0.0,0.0,0.0,0.0,0.0,0.0,0.0,0.0,0.0,0.0,0.0,0.0,238.01871199975722
315,18900000000000,4.0,9.0,4.521367521367521,4.0,6.0,351,0.0,0.0,0.0,0.0,0.0,0,0.0,0.0,0.0,0.0,0.0,0,1.0,1.0,1.0,1.0,1.0,552,0.9999999999999998,1.0000000000000002,1.0,1.0,1.0000000000000002,552,0.0,0.0,0.0,0.0,0.0,0.0,0.0,0.0,0.0,0.0,0.0,0.0,0.0,241.77831199995126
316,18960000000000,4.0,9.0,4.521367521367521,4.0,6.0,351,0.0,0.0,0.0,0.0,0.0,0,0.0,0.0,0.0,0.0,0.0,0,1.0,1.0,1.0,1.0,1.0,552,0.9999999999999998,1.0000343092417154,1.0000002399677521,1.0,1.0000000000000002,552,0.0,0.0,0.0,0.0,0.0,0.0,0.0,0.0,0.0,0.0,0.0,0.0,0.0,252.5278730026912
317,19020000000000,4.0,9.0,4.535612535612535,4.0,6.0,351,0.0,0.0,0.0,0.0,0.0,0,0.0,0.0,0.0,0.0,0.0,0,1.0,1.0,1.0,1.0,1.0,552,0.9999999999999998,1.0000000000000002,1.0,1.0,1.0000000000000002,552,0.0,0.0,0.0,0.0,0.0,0.0,0.0,0.0,0.0,0.0,0.0,0.0,0.0,267.7512599984766
318,19080000000000,4.0,9.0,4.521367521367521,4.0,6.0,351,0.0,0.0,0.0,0.0,0.0,0,0.0,0.0,0.0,0.0,0.0,0,1.0,1.0,1.0,1.0,1.0,552,0.9999999999999998,1.0000000000000002,1.0,1.0,1.0000000000000002,552,0.0,0.0,0.0,0.0,0.0,0.0,0.0,0.0,0.0,0.0,0.0,0.0,0.0,243.57083100039745
319,19140000000000,4.0,8.0,4.521367521367521,4.0,6.5,351,0.0,0.0,0.0,0.0,0.0,0,0.0,0.0,0.0,0.0,0.0,0,1.0,1.0,1.0,1.0,1.0,552,0.9999999999999998,1.0000000000000002,1.0,1.0,1.0,552,0.0,0.0,0.0,0.0,0.0,0.0,0.0,0.0,0.0,0.0,0.0,0.0,0.0,242.7348860001075
320,19200000000000,4.0,9.0,4.527065527065527,4.0,6.0,351,0.0,0.0,0.0,0.0,0.0,0,0.0,0.0,0.0,0.0,0.0,0,1.0,1.0,1.0,1.0,1.0,552,0.9999999999999998,1.0001658912881077,1.0000005167031478,1.0,1.0000000000000002,552,0.0,0.0,0.0,0.0,0.0,0.0,0.0,0.0,0.0,0.0,0.0,0.0,0.0,247.35879899890278
321,19260000000000,4.0,9.0,4.524216524216524,4.0,6.0,351,0.0,0.0,0.0,0.0,0.0,0,0.0,0.0,0.0,0.0,0.0,0,1.0,1.0,1.0,1.0,1.0,552,0.9999999999999998,1.0000000000000002,1.0,1.0,1.0,552,0.0,0.0,0.0,0.0,0.0,0.0,0.0,0.0,0.0,0.0,0.0,0.0,0.0,244.9322550019133
322,19320000000000,4.0,10.0,4.515669515669516,4.0,6.0,351,0.0,0.0,0.0,0.0,0.0,0,0.0,0.0,0.0,0.0,0.0,0,1.0,1.0,1.0,1.0,1.0,552,0.9999999999999997,1.0000000000000002,1.0,1.0,1.0000000000000002,552,0.0,0.0,0.0,0.0,0.0,0.0,0.0,0.0,0.0,0.0,0.0,0.0,0.0,244.41256399950362
323,19380000000000,4.0,9.0,4.518518518518518,4.0,6.0,351,0.0,0.0,0.0,0.0,0.0,0,0.0,0.0,0.0,0.0,0.0,0,1.0,1.0,1.0,1.0,1.0,552,0.9999999999999998,1.0000000000000002,1.0,1.0,1.0000000000000002,552,0.0,0.0,0.0,0.0,0.0,0.0,0.0,0.0,0.0,0.0,0.0,0.0,0.0,246.43486800050596
324,19440000000000,4.0,8.0,4.50997150997151,4.0,6.0,351,0.0,0.0,0.0,0.0,0.0,0,0.0,0.0,0.0,0.0,0.0,0,1.0,1.0,1.0,1.0,1.0,552,0.9999999999999998,1.0000000000000002,1.0,1.0,1.0,552,0.0,0.0,0.0,0.0,0.0,0.0,0.0,0.0,0.0,0.0,0.0,0.0,0.0,258.3328660002735
325,19500000000000,4.0,9.0,4.538461538461538,4.0,6.0,351,0.0,0.0,0.0,0.0,0.0,0,0.0,0.0,0.0,0.0,0.0,0,1.0,1.0,1.0,1.0,1.0,552,0.9999999999999998,1.0005373565935123,1.0000016876720967,1.0,1.0,552,0.0,0.0,0.0,0.0,0.0,0.0,0.0,0.0,0.0,0.0,0.0,0.0,0.0,244.83920899729128
326,19560000000000,4.0,8.0,4.521367521367521,4.0,6.0,351,0.0,0.0,0.0,0.0,0.0,0,0.0,0.0,0.0,0.0,0.0,0,1.0,1.0,1.0,1.0,1.0,552,0.9999999999999998,1.0000000000000002,1.0,1.0,1.0,552,0.0,0.0,0.0,0.0,0.0,0.0,0.0,0.0,0.0,0.0,0.0,0.0,0.0,248.06824299957952
327,19620000000000,4.0,8.0,4.521367521367521,4.0,6.5,351,0.0,0.0,0.0,0.0,0.0,0,0.0,0.0,0.0,0.0,0.0,0,1.0,1.0,1.0,1.0,1.0,552,0.9999999999999997,1.0000000000000002,1.0,1.0,1.0,552,0.0,0.0,0.0,0.0,0.0,0.0,0.0,0.0,0.0,0.0,0.0,0.0,0.0,242.19834599716705
328,19680000000000,4.0,8.0,4.521367521367521,4.0,6.0,351,0.0,0.0,0.0,0.0,0.0,0,0.0,0.0,0.0,0.0,0.0,0,1.0,1.0,1.0,1.0,1.0,552,0.9999999999999997,1.0000000000000002,1.0,1.0,1.0,552,0.0,0.0,0.0,0.0,0.0,0.0,0.0,0.0,0.0,0.0,0.0,0.0,0.0,250.30762599999434
329,19740000000000,4.0,10.0,4.532763532763533,4.0,6.0,351,0.0,0.0,0.0,0.0,0.0,0,0.0,0.0,0.0,0.0,0.0,0,1.0,1.0,1.0,1.0,1.0,552,0.9999999999999998,1.0000000000000002,1.0,1.0,1.0,552,0.0,0.0,0.0,0.0,0.0,0.0,0.0,0.0,0.0,0.0,0.0,0.0,0.0,246.8914479977684
330,19800000000000,4.0,9.0,4.515669515669516,4.0,6.0,351,0.0,0.0,0.0,0.0,0.0,0,0.0,0.0,0.0,0.0,0.0,0,1.0,1.0,1.0,1.0,1.0,552,0.9999999999999998,1.0000000000000004,1.0,1.0,1.0000000000000002,552,0.0,0.0,0.0,0.0,0.0,0.0,0.0,0.0,0.0,0.0,0.0,0.0,0.0,242.82366300030844
331,19860000000000,4.0,9.0,4.52991452991453,4.0,6.0,351,0.0,0.0,0.0,0.0,0.0,0,0.0,0.0,0.0,0.0,0.0,0,1.0,1.0,1.0,1.0,1.0,552,0.9999999999999998,1.0000000000000002,1.0,1.0,1.0,552,0.0,0.0,0.0,0.0,0.0,0.0,0.0,0.0,0.0,0.0,0.0,0.0,0.0,267.59584300089045
332,19920000000000,4.0,9.0,4.515669515669516,4.0,6.0,351,0.0,0.0,0.0,0.0,0.0,0,0.0,0.0,0.0,0.0,0.0,0,1.0,1.0,1.0,1.0,1.0,552,0.9999999999999997,1.0000000000000002,1.0,1.0,1.0000000000000002,552,0.0,0.0,0.0,0.0,0.0,0.0,0.0,0.0,0.0,0.0,0.0,0.0,0.0,246.72391599960974
333,19980000000000,4.0,8.0,4.515669515669516,4.0,6.0,351,0.0,0.0,0.0,0.0,0.0,0,0.0,0.0,0.0,0.0,0.0,0,1.0,1.0,1.0,1.0,1.0,552,0.9999999999999997,1.0002291787359179,1.0000007169351024,1.0,1.0000000000000002,552,0.0,0.0,0.0,0.0,0.0,0.0,0.0,0.0,0.0,0.0,0.0,0.0,0.0,247.29009799921187
334,20040000000000,4.0,8.0,4.50997150997151,4.0,6.5,351,0.0,0.0,0.0,0.0,0.0,0,0.0,0.0,0.0,0.0,0.0,0,1.0,1.0,1.0,1.0,1.0,552,0.9999999999999998,1.0000000000000002,1.0,1.0,1.0,552,0.0,0.0,0.0,0.0,0.0,0.0,0.0,0.0,0.0,0.0,0.0,0.0,0.0,234.36186199978692
335,20100000000000,4.0,8.0,4.518518518518518,4.0,6.0,351,0.0,0.0,0.0,0.0,0.0,0,0.0,0.0,0.0,0.0,0.0,0,1.0,1.0,1.0,1.0,1.0,552,0.9999999999999998,1.0000000000000002,1.0,1.0,1.0,552,0.0,0.0,0.0,0.0,0.0,0.0,0.0,0.0,0.0,0.0,0.0,0.0,0.0,239.16659600217827
336,20160000000000,4.0,9.0,4.518518518518518,4.0,6.0,351,0.0,0.0,0.0,0.0,0.0,0,0.0,0.0,0.0,0.0,0.0,0,1.0,1.0,1.0,1.0,1.0,552,0.9999999999999998,1.0000000000000002,1.0,1.0,1.0000000000000002,552,0.0,0.0,0.0,0.0,0.0,0.0,0.0,0.0,0.0,0.0,0.0,0.0,0.0,251.7854809993878
337,20220000000000,4.0,10.0,4.535612535612535,4.0,6.0,351,0.0,0.0,0.0,0.0,0.0,0,0.0,0.0,0.0,0.0,0.0,0,1.0,1.0,1.0,1.0,1.0,552,0.9999999999999998,1.0000000000000002,1.0,1.0,1.0,552,0.0,0.0,0.0,0.0,0.0,0.0,0.0,0.0,0.0,0.0,0.0,0.0,0.0,249.95112400210928
338,20280000000000,4.0,10.0,4.524216524216524,4.0,6.0,351,0.0,0.0,0.0,0.0,0.0,0,0.0,0.0,0.0,0.0,0.0,0,1.0,1.0,1.0,1.0,1.0,552,0.9999999999999998,1.0000000000000002,1.0,1.0,1.0,552,0.0,0.0,0.0,0.0,0.0,0.0,0.0,0.0,0.0,0.0,0.0,0.0,0.0,266.4480519997596
339,20340000000000,4.0,10.0,4.527065527065527,4.0,6.0,351,0.0,0.0,0.0,0.0,0.0,0,0.0,0.0,0.0,0.0,0.0,0,1.0,1.0,1.0,1.0,1.0,552,0.9999999999999998,1.0000000000000002,1.0,1.0,1.0,552,0.0,0.0,0.0,0.0,0.0,0.0,0.0,0.0,0.0,0.0,0.0,0.0,0.0,250.23376800163533
340,20400000000000,4.0,9.0,4.518518518518518,4.0,6.0,351,0.0,0.0,0.0,0.0,0.0,0,0.0,0.0,0.0,0.0,0.0,0,1.0,1.0,1.0,1.0,1.0,552,0.9999999999999998,1.0000000000000002,1.0,1.0,1.0000000000000002,552,0.0,0.0,0.0,0.0,0.0,0.0,0.0,0.0,0.0,0.0,0.0,0.0,0.0,246.6602829990734
341,20460000000000,4.0,9.0,4.512820512820513,4.0,6.0,351,0.0,0.0,0.0,0.0,0.0,0,0.0,0.0,0.0,0.0,0.0,0,1.0,1.0,1.0,1.0,1.0,552,0.9999999999999998,1.0000000000000002,1.0,1.0,1.0000000000000002,552,0.0,0.0,0.0,0.0,0.0,0.0,0.0,0.0,0.0,0.0,0.0,0.0,0.0,245.5643079993024
342,20520000000000,4.0,8.0,4.495726495726496,4.0,6.0,351,0.0,0.0,0.0,0.0,0.0,0,0.0,0.0,0.0,0.0,0.0,0,1.0,1.0,1.0,1.0,1.0,552,0.9999999999999998,1.0000000000000002,1.0,1.0,1.0,552,0.0,0.0,0.0,0.0,0.0,0.0,0.0,0.0,0.0,0.0,0.0,0.0,0.0,240.9507680022216
343,20580000000000,4.0,9.0,4.538461538461538,4.0,6.5,351,0.0,0.0,0.0,0.0,0.0,0,0.0,0.0,0.0,0.0,0.0,0,1.0,1.0,1.0,1.0,1.0,552,0.9999999999999997,1.004257962551114,1.0000077137002739,1.0,1.0,552,0.0,0.0,0.0,0.0,0.0,0.0,0.0,0.0,0.0,0.0,0.0,0.0,0.0,246.79771599767264
344,20640000000000,4.0,9.0,4.524216524216524,4.0,6.0,351,0.0,0.0,0.0,0.0,0.0,0,0.0,0.0,0.0,0.0,0.0,0,1.0,1.0,1.0,1.0,1.0,552,0.9999999999999997,1.0000000000000002,1.0,1.0,1.0,552,0.0,0.0,0.0,0.0,0.0,0.0,0.0,0.0,0.0,0.0,0.0,0.0,0.0,241.246797999338
345,20700000000000,4.0,10.0,4.527065527065527,4.0,6.0,351,0.0,0.0,0.0,0.0,0.0,0,0.0,0.0,0.0,0.0,0.0,0,1.0,1.0,1.0,1.0,1.0,552,0.9999999999999997,1.0000000000000002,1.0,1.0,1.0,552,0.0,0.0,0.0,0.0,0.0,0.0,0.0,0.0,0.0,0.0,0.0,0.0,0.0,262.1490140008973
346,20760000000000,4.0,9.0,4.532763532763533,4.0,6.0,351,0.0,0.0,0.0,0.0,0.0,0,0.0,0.0,0.0,0.0,0.0,0,1.0,1.0,1.0,1.0,1.0,552,0.9999999999999998,1.0000000000000004,1.0,1.0,1.0000000000000002,552,0.0,0.0,0.0,0.0,0.0,0.0,0.0,0.0,0.0,0.0,0.0,0.0,0.0,253.60723900303128
347,20820000000000,4.0,10.0,4.535612535612535,4.0,6.0,351,0.0,0.0,0.0,0.0,0.0,0,0.0,0.0,0.0,0.0,0.0,0,1.0,1.0,1.0,1.0,1.0,552,0.9999999999999997,1.0000000000000002,1.0,1.0,1.0000000000000002,552,0.0,0.0,0.0,0.0,0.0,0.0,0.0,0.0,0.0,0.0,0.0,0.0,0.0,246.60610199862276
348,20880000000000,4.0,9.0,4.518518518518518,4.0,6.0,351,0.0,0.0,0.0,0.0,0.0,0,0.0,0.0,0.0,0.0,0.0,0,1.0,1.0,1.0,1.0,1.0,552,0.9999999999999997,1.0000000000000002,1.0,1.0,1.0000000000000002,552,0.0,0.0,0.0,0.0,0.0,0.0,0.0,0.0,0.0,0.0,0.0,0.0,0.0,245.64701700001024
349,20940000000000,4.0,9.0,4.521367521367521,4.0,6.0,351,0.0,0.0,0.0,0.0,0.0,0,0.0,0.0,0.0,0.0,0.0,0,1.0,1.0,1.0,1.0,1.0,552,0.9999999999999998,1.0000000000000002,1.0,1.0,1.0000000000000002,552,0.0,0.0,0.0,0.0,0.0,0.0,0.0,0.0,0.0,0.0,0.0,0.0,0.0,244.1348599968478
350,21000000000000,4.0,9.0,4.527065527065527,4.0,6.0,351,0.0,0.0,0.0,0.0,0.0,0,0.0,0.0,0.0,0.0,0.0,0,1.0,1.0,1.0,1.0,1.0,552,0.9999999999999998,1.0000000000000002,1.0,1.0,1.0,552,0.0,0.0,0.0,0.0,0.0,0.0,0.0,0.0,0.0,0.0,0.0,0.0,0.0,241.7263549978088
351,21060000000000,4.0,9.0,4.52991452991453,4.0,6.0,351,0.0,0.0,0.0,0.0,0.0,0,0.0,0.0,0.0,0.0,0.0,0,1.0,1.0,1.0,1.0,1.0,552,0.9999999999999998,1.0000000000000002,1.0,1.0,1.0,552,0.0,0.0,0.0,0.0,0.0,0.0,0.0,0.0,0.0,0.0,0.0,0.0,0.0,248.16618000113522
352,21120000000000,4.0,9.0,4.547008547008547,4.0,6.0,351,0.0,0.0,0.0,0.0,0.0,0,0.0,0.0,0.0,0.0,0.0,0,1.0,1.0,1.0,1.0,1.0,552,0.9999999999999998,1.0000000000000004,1.0,1.0,1.0,552,0.0,0.0,0.0,0.0,0.0,0.0,0.0,0.0,0.0,0.0,0.0,0.0,0.0,276.01080300155445
353,21180000000000,4.0,9.0,4.532763532763533,4.0,6.0,351,0.0,0.0,0.0,0.0,0.0,0,0.0,0.0,0.0,0.0,0.0,0,1.0,1.0,1.0,1.0,1.0,552,0.9999999999999998,1.0000000000000002,1.0,1.0,1.0000000000000002,552,0.0,0.0,0.0,0.0,0.0,0.0,0.0,0.0,0.0,0.0,0.0,0.0,0.0,244.03300900303293
354,21240000000000,4.0,9.0,4.524216524216524,4.0,6.0,351,0.0,0.0,0.0,0.0,0.0,0,0.0,0.0,0.0,0.0,0.0,0,1.0,1.0,1.0,1.0,1.0,552,0.9999999999999998,1.0000000000000002,1.0,1.0,1.0000000000000002,552,0.0,0.0,0.0,0.0,0.0,0.0,0.0,0.0,0.0,0.0,0.0,0.0,0.0,241.19800399785163
355,21300000000000,4.0,9.0,4.527065527065527,4.0,6.0,351,0.0,0.0,0.0,0.0,0.0,0,0.0,0.0,0.0,0.0,0.0,0,1.0,1.0,1.0,1.0,1.0,552,0.9999999999999998,1.0000000000000002,1.0,1.0,1.0000000000000002,552,0.0,0.0,0.0,0.0,0.0,0.0,0.0,0.0,0.0,0.0,0.0,0.0,0.0,251.77146100031678
356,21360000000000,4.0,9.0,4.507122507122507,4.0,6.0,351,0.0,0.0,0.0,0.0,0.0,0,0.0,0.0,0.0,0.0,0.0,0,1.0,1.0,1.0,1.0,1.0,552,0.9999999999999998,1.0000000000000002,1.0,1.0,1.0,552,0.0,0.0,0.0,0.0,0.0,0.0,0.0,0.0,0.0,0.0,0.0,0.0,0.0,239.33777599813766
357,21420000000000,4.0,9.0,4.512820512820513,4.0,6.0,351,0.0,0.0,0.0,0.0,0.0,0,0.0,0.0,0.0,0.0,0.0,0,1.0,1.0,1.0,1.0,1.0,552,0.9999999999999998,1.0000000000000004,1.0,1.0,1.0,552,0.0,0.0,0.0,0.0,0.0,0.0,0.0,0.0,0.0,0.0,0.0,0.0,0.0,243.69819999992615
358,21480000000000,4.0,9.0,4.515669515669516,4.0,6.0,351,0.0,0.0,0.0,0.0,0.0,0,0.0,0.0,0.0,0.0,0.0,0,1.0,1.0,1.0,1.0,1.0,552,0.9999999999999998,1.0000000000000002,1.0,1.0,1.0,552,0.0,0.0,0.0,0.0,0.0,0.0,0.0,0.0,0.0,0.0,0.0,0.0,0.0,242.9264830025204
359,21540000000000,4.0,9.0,4.52991452991453,4.0,6.0,351,0.0,0.0,0.0,0.0,0.0,0,0.0,0.0,0.0,0.0,0.0,0,1.0,1.0,1.0,1.0,1.0,552,0.9999999999999997,1.0000000000000004,1.0,1.0,1.0,552,0.0,0.0,0.0,0.0,0.0,0.0,0.0,0.0,0.0,0.0,0.0,0.0,0.0,268.71663899873965
