time_index,time_since_epoch_ns,fstate_size_min,fstate_size_max,fstate_size_mean,fstate_size_median,fstate_size_p95,fstate_size_count,fstate_installed_min,fstate_installed_max,fstate_installed_mean,fstate_installed_median,fstate_installed_p95,fstate_installed_count,fstate_markers_min,fstate_markers_max,fstate_markers_mean,fstate_markers_median,fstate_markers_p95,fstate_markers_count,fstate_neighbors_min,fstate_neighbors_max,fstate_neighbors_mean,fstate_neighbors_median,fstate_neighbors_p95,fstate_neighbors_count,strict_header_bytes_min,strict_header_bytes_max,strict_header_bytes_mean,strict_header_bytes_median,strict_header_bytes_p95,strict_header_bytes_count,srv6_srh_bytes_min,srv6_srh_bytes_max,srv6_srh_bytes_mean,srv6_srh_bytes_median,srv6_srh_bytes_p95,srv6_srh_bytes_count,delay_ms_min,delay_ms_max,delay_ms_mean,delay_ms_median,delay_ms_p95,delay_ms_count,delay_best_ms_min,delay_best_ms_max,delay_best_ms_mean,delay_best_ms_median,delay_best_ms_p95,delay_best_ms_count,delay_extra_ms_min,delay_extra_ms_max,delay_extra_ms_mean,delay_extra_ms_median,delay_extra_ms_p95,delay_extra_ms_count,stretch_hop_min,stretch_hop_max,stretch_hop_mean,stretch_hop_median,stretch_hop_p95,stretch_hop_count,stretch_dist_min,stretch_dist_max,stretch_dist_mean,stretch_dist_median,stretch_dist_p95,stretch_dist_count,stretch_hop_shared_min,stretch_hop_shared_max,stretch_hop_shared_mean,stretch_hop_shared_median,stretch_hop_shared_p95,stretch_hop_shared_count,stretch_dist_shared_min,stretch_dist_shared_max,stretch_dist_shared_mean,stretch_dist_shared_median,stretch_dist_shared_p95,stretch_dist_shared_count,stretch_hop_egress_min,stretch_hop_egress_max,stretch_hop_egress_mean,stretch_hop_egress_median,stretch_hop_egress_p95,stretch_hop_egress_count,stretch_dist_egress_min,stretch_dist_egress_max,stretch_dist_egress_mean,stretch_dist_egress_median,stretch_dist_egress_p95,stretch_dist_egress_count,delivery_total_pairs,delivery_no_src_visibility,delivery_no_dst_visibility,delivery_disconnected,delivery_deliverable,delivery_delivered,delivery_forwarding_failure,delivery_failure_loop,delivery_failure_dead_end,delivery_failure_link_down,delivery_failure_hop_limit,delivery_failure_egress_lost,delivery_delivery_rate,delivery_non_optimal_egress,delivery_non_optimal_egress_rate,delivery_source_selected_egress,delivery_switched_egress,delivery_switched_egress_rate,aux_geometry_build_ms,aux_geometry_row_edge_entries,aux_geometry_plane_edge_entries,aux_path_cost_row_entries,aux_path_cost_plane_entries,aux_geometry_derived,aux_geometry_required_entries,aux_gs_renumberings,aux_gs_address_additions,aux_gs_address_removals,aux_gs_current_address_changes,aux_flow_allocations,aux_flow_updates,aux_flow_update_messages,aux_exception_entries,aux_exception_satellites,aux_exception_unresolved,aux_exception_hops_to_failure_mean,aux_exception_hops_to_failure_max,aux_exception_entries_in_use,aux_exception_region_entries,aux_exception_region_max_per_satellite,aux_exception_entries_max_per_satellite,aux_exception_destinations,aux_exception_entries_on_flow_paths,aux_exception_unresolved_walks,aux_exception_rule_steps,aux_exception_shortest_path_runs,aux_exception_compute_ms,aux_live_isls,aux_decisions_per_sat_mean,aux_decisions_per_sat_max,aux_distance_evals_per_sat_mean,aux_distance_evals_per_sat_max,aux_cache_pairs_per_sat_mean,aux_cache_pairs_per_sat_max,aux_forwarding_exceptions_isolated,aux_forwarding_exceptions,aux_local_detour_entries,aux_pivot_cache_entries,aux_gs_attachment_requested,aux_gs_attachment_assigned,aux_gs_attachment_shortfall,aux_gs_fully_attached,aux_gs_attachment_conflicts_unconstrained,explicit_failover_count,explicit_failover_delivered_count,explicit_failover_delivered_rate,explicit_failover_protected_repair_count,explicit_failover_protected_repair_rate,explicit_failover_broken_adj_count,explicit_failover_broken_adj_rate,explicit_failover_egress_not_visible_count,explicit_failover_egress_not_visible_rate,explicit_failover_dynamic_egress_repair_count,explicit_failover_dynamic_egress_repair_rate,explicit_failover_dynamic_egress_unavailable_count,explicit_failover_dynamic_egress_unavailable_rate,failure_isls_removed,failure_satellites_down,failure_events,fixed_address_forwarding,compute_time_ms
0,0,0.0,9.0,4.230769230769231,4.0,6.0,351,0.0,24.0,22.905982905982906,24.0,24.0,351,0.0,0.0,0.0,0.0,0.0,351,0.0,9.0,4.230769230769231,4.0,6.0,351,0.0,0.0,0.0,0.0,0.0,0,0.0,0.0,0.0,0.0,0.0,0,7.957253214155242,151.64411947404255,59.18009457284384,62.112287968303825,93.6264064877926,552,7.957253214155242,147.0121131577989,58.43151824709371,60.81699179400723,93.37227810426305,552,-126.34523498125029,60.70753985936966,0.7485763257501248,0.1880350885355604,15.444927977933798,552,1.0,1.3076923076923077,1.0018876051484749,1.0,1.0,552,1.0,1.413231572149105,1.002423603103823,1.0,1.0000000054580407,552,0.15789473684210525,2.0,1.0751771575212652,1.0,1.5,552,0.14057942391703013,3.0059146473842464,1.0692338436897457,1.0033012194852948,1.4724209712656233,552,0.15789473684210525,2.0,1.0730334377145017,1.0,1.5,552,0.14057942391703013,3.0059146473842464,1.0664201952064858,1.0033012194852948,1.4367079812660297,552,552.0,0.0,0.0,0.0,552.0,552.0,0.0,0.0,0.0,0.0,0.0,0.0,1.0,280.0,0.5072463768115942,552.0,0.0,0.0,103.2634824514389,351.0,351.0,4563.0,9477.0,1.0,7.0,0.0,0.0,0.0,0.0,552.0,0.0,0.0,206.0,36.0,0.0,0.5339805825242718,4.0,27.0,72.0,5.0,18.0,100.0,9.0,0.0,82384.0,351.0,3579.4960260391235,662.0,24.0,24.0,343.5897435897436,360.0,78.18233618233619,88.0,384.0,11.0,0.0,102678.0,48.0,48.0,0.0,24.0,7.0,0.0,0.0,0.0,0.0,0.0,0.0,0.0,0.0,0.0,0.0,0.0,0.0,0.0,40.0,16.0,16.0,1.0,4535.188212990761
1,60000000000,0.0,9.0,4.222222222222222,4.0,6.0,351,0.0,24.0,22.905982905982906,24.0,24.0,351,0.0,0.0,0.0,0.0,0.0,351,0.0,9.0,4.222222222222222,4.0,6.0,351,0.0,0.0,0.0,0.0,0.0,0,0.0,0.0,0.0,0.0,0.0,0,8.50398561394096,152.7632656894004,62.164849110548474,63.66824956190827,98.31586435114401,552,8.50398561394096,103.17374263362443,57.01285523163717,58.37936136787364,92.12926582561477,552,-28.281698736836255,74.16706357434222,5.151993878911304,3.464701908334874,20.19013398075132,552,1.0,1.4,1.0033368805107936,1.0,1.0,552,1.0,1.6079748941411034,1.0045198435736358,1.0,1.0,552,0.5555555555555556,2.5,1.137082462625941,1.0909090909090908,1.5,552,0.5321562115586608,2.7787506794977395,1.1379436732947699,1.0596463048739362,1.6558689751203446,552,0.5555555555555556,2.5,1.1332277927386623,1.0909090909090908,1.5,552,0.5321562115586608,2.7787506794977395,1.1322281360798783,1.059312793485108,1.6331943562669422,552,552.0,0.0,0.0,0.0,552.0,552.0,0.0,0.0,0.0,0.0,0.0,0.0,1.0,346.0,0.6268115942028986,552.0,0.0,0.0,119.20929700136185,351.0,351.0,4563.0,9477.0,1.0,7.0,7.0,10.0,10.0,3.0,0.0,151.0,151.0,197.0,38.0,0.0,0.6294416243654822,4.0,25.0,65.0,4.0,15.0,89.0,9.0,0.0,80220.0,351.0,3306.260135024786,662.0,24.0,24.0,343.5897435897436,360.0,76.27350427350427,88.0,384.0,11.0,0.0,102133.0,48.0,48.0,0.0,24.0,8.0,0.0,0.0,0.0,0.0,0.0,0.0,0.0,0.0,0.0,0.0,0.0,0.0,0.0,40.0,16.0,0.0,1.0,4264.618722721934
2,120000000000,0.0,8.0,4.227920227920228,4.0,6.0,351,0.0,24.0,22.905982905982906,24.0,24.0,351,0.0,0.0,0.0,0.0,0.0,351,0.0,8.0,4.227920227920228,4.0,6.0,351,0.0,0.0,0.0,0.0,0.0,0,0.0,0.0,0.0,0.0,0.0,0,8.165619863592433,131.89740506071314,63.451483723976814,66.27640108155295,98.36173082856722,552,8.165619863592433,107.0498040227801,57.2738076803201,58.56595168328039,92.33681725953025,552,-32.911835563272554,74.48562035005715,6.177676043656717,4.37233847730684,22.800279945925777,552,1.0,1.4,1.0010540184453227,1.0,1.0,552,1.0,1.5892784562431388,1.001400172758924,1.0,1.0,552,0.5,2.6666666666666665,1.1749145027677637,1.125,1.6666666666666667,552,0.43385478737631195,3.652849917148095,1.1751338175033528,1.0718916873776372,1.8950168972193593,552,0.5,2.6666666666666665,1.1735558071155896,1.125,1.6666666666666667,552,0.43385478737631195,3.652849917148095,1.1731659864334831,1.0718916873776372,1.8562274256816804,552,552.0,0.0,0.0,0.0,552.0,552.0,0.0,0.0,0.0,0.0,0.0,0.0,1.0,374.0,0.677536231884058,552.0,0.0,0.0,101.00479051470757,351.0,351.0,4563.0,9477.0,1.0,7.0,11.0,13.0,13.0,6.0,0.0,202.0,202.0,200.0,38.0,0.0,0.62,4.0,27.0,68.0,4.0,15.0,92.0,7.0,0.0,82045.0,351.0,3665.2525328099728,662.0,24.0,24.0,343.5897435897436,360.0,74.27065527065527,88.0,384.0,12.0,0.0,103766.0,48.0,48.0,0.0,24.0,9.0,0.0,0.0,0.0,0.0,0.0,0.0,0.0,0.0,0.0,0.0,0.0,0.0,0.0,40.0,16.0,0.0,1.0,4623.706918209791
3,180000000000,0.0,8.0,4.2250712250712255,4.0,6.0,351,0.0,24.0,22.905982905982906,24.0,24.0,351,0.0,0.0,0.0,0.0,0.0,351,0.0,8.0,4.2250712250712255,4.0,6.0,351,0.0,0.0,0.0,0.0,0.0,0,0.0,0.0,0.0,0.0,0.0,0,7.839934552322861,121.68779611121955,63.83788332282526,65.00972649334841,98.5277942712489,552,7.839934552322861,107.25432149959198,57.875013243523625,59.316519595132945,93.01300757152464,552,-56.69270582576267,56.69270582576267,5.962870079301633,4.492403381919916,24.890532880394538,552,1.0,1.1818181818181819,1.0008124725516028,1.0,1.0,552,1.0,1.2760569563225042,1.0011121028204695,1.0,1.0,552,0.3333333333333333,3.0,1.1779727921032268,1.125,1.6666666666666667,552,0.2305627362068702,4.337214315078043,1.1644981025827448,1.0708055781385601,1.7676395357727779,552,0.3333333333333333,3.0,1.1771676391241608,1.125,1.6666666666666667,552,0.2305627362068702,4.337214315078043,1.163378658470923,1.0704410820165335,1.7676395357727779,552,552.0,0.0,0.0,0.0,552.0,552.0,0.0,0.0,0.0,0.0,0.0,0.0,1.0,388.0,0.7028985507246377,552.0,0.0,0.0,108.85115154087543,351.0,351.0,4563.0,9477.0,1.0,7.0,12.0,13.0,13.0,6.0,0.0,165.0,165.0,200.0,38.0,0.0,0.63,4.0,26.0,66.0,4.0,14.0,90.0,5.0,0.0,81970.0,351.0,3374.8863246291876,662.0,24.0,24.0,343.5897435897436,360.0,74.42735042735043,88.0,384.0,12.0,0.0,103868.0,48.0,48.0,0.0,24.0,9.0,0.0,0.0,0.0,0.0,0.0,0.0,0.0,0.0,0.0,0.0,0.0,0.0,0.0,40.0,16.0,0.0,1.0,4340.2749840170145
4,240000000000,0.0,8.0,4.216524216524217,4.0,6.0,351,0.0,24.0,22.905982905982906,24.0,24.0,351,0.0,0.0,0.0,0.0,0.0,351,0.0,8.0,4.216524216524217,4.0,6.0,351,0.0,0.0,0.0,0.0,0.0,0,0.0,0.0,0.0,0.0,0.0,0,7.422183882958123,128.7160965420565,63.71509411809677,64.63992820718872,98.93866087385105,552,7.422183882958123,107.16108738731317,58.00265296616287,60.5785212502457,93.49903351202694,552,-55.40424999276543,55.40424999276543,5.712441151933897,4.691925709239502,21.111777955133597,552,1.0,1.1818181818181819,1.0007892469848991,1.0,1.0,552,1.0,1.2528384176491718,1.0010126422809096,1.0,1.0,552,0.3333333333333333,3.0,1.1590493443754313,1.1111111111111112,1.6,552,0.23384949541529096,4.276254683483965,1.1522116217042366,1.0777449404122004,1.6563905229176616,552,0.3333333333333333,3.0,1.1582441913963653,1.1111111111111112,1.6,552,0.23384949541529096,4.276254683483965,1.1511684737991474,1.0773993174116874,1.6563905229176616,552,552.0,0.0,0.0,0.0,552.0,552.0,0.0,0.0,0.0,0.0,0.0,0.0,1.0,392.0,0.7101449275362319,552.0,0.0,0.0,117.75812692940235,351.0,351.0,4563.0,9477.0,1.0,7.0,9.0,11.0,11.0,4.0,0.0,101.0,101.0,184.0,40.0,0.0,0.6521739130434783,4.0,20.0,64.0,3.0,12.0,80.0,4.0,0.0,78732.0,351.0,3590.431859716773,662.0,24.0,24.0,343.5897435897436,360.0,70.55840455840456,84.0,384.0,10.0,0.0,102302.0,48.0,48.0,0.0,24.0,11.0,0.0,0.0,0.0,0.0,0.0,0.0,0.0,0.0,0.0,0.0,0.0,0.0,0.0,40.0,16.0,0.0,1.0,4653.4967087209225
5,300000000000,0.0,8.0,4.2250712250712255,4.0,6.0,351,0.0,24.0,22.905982905982906,24.0,24.0,351,0.0,0.0,0.0,0.0,0.0,351,0.0,8.0,4.2250712250712255,4.0,6.0,351,0.0,0.0,0.0,0.0,0.0,0,0.0,0.0,0.0,0.0,0.0,0,7.325503457128331,127.22409889296493,64.0338899710976,65.54619600864129,98.78097329823633,552,7.325503457128331,104.73327371935268,57.895656531867765,60.48868078532329,93.0680464117001,552,-40.04469898852494,40.04469898852494,6.138233439229833,4.578921848432255,20.485706259070565,552,1.0,1.2222222222222223,1.0011918234744324,1.0,1.0,552,1.0,1.3348362462666856,1.0015622541149207,1.0,1.0,552,0.5555555555555556,2.0,1.1679588778773562,1.125,1.6299999999999955,552,0.4412853294931995,3.6394545279488235,1.1651456252593733,1.0748287079462515,1.7046531613090696,552,0.5555555555555556,2.0,1.1666733779505518,1.125,1.6299999999999955,552,0.4412853294931995,3.6394545279488235,1.1633791388526613,1.074353667910017,1.7046531613090696,552,552.0,0.0,0.0,0.0,552.0,552.0,0.0,0.0,0.0,0.0,0.0,0.0,1.0,394.0,0.7137681159420289,552.0,0.0,0.0,120.0039554387331,351.0,351.0,4563.0,9477.0,1.0,7.0,12.0,13.0,13.0,7.0,0.0,180.0,180.0,192.0,38.0,0.0,0.6145833333333334,4.0,21.0,64.0,4.0,14.0,90.0,4.0,0.0,81231.0,351.0,3388.4618263691664,662.0,24.0,24.0,343.5897435897436,360.0,75.61538461538461,88.0,384.0,12.0,0.0,103706.0,48.0,48.0,0.0,24.0,8.0,0.0,0.0,0.0,0.0,0.0,0.0,0.0,0.0,0.0,0.0,0.0,0.0,0.0,40.0,16.0,0.0,1.0,4365.072440356016
6,360000000000,0.0,8.0,4.236467236467236,4.0,6.0,351,0.0,24.0,22.905982905982906,24.0,24.0,351,0.0,0.0,0.0,0.0,0.0,351,0.0,8.0,4.236467236467236,4.0,6.0,351,0.0,0.0,0.0,0.0,0.0,0,0.0,0.0,0.0,0.0,0.0,0,7.767596591772832,126.3963910102037,64.95354606841933,66.69746820243236,101.28663645084352,552,7.767596591772832,104.36501379009962,57.72971225219752,59.29208060302048,92.4423588009372,552,-33.27585314882794,38.32635734356962,7.22383381622181,6.331759777957503,25.121590595582145,552,1.0,1.2222222222222223,1.001175354436224,1.0,1.0,552,1.0,1.3352024271911385,1.0015458052107433,1.0,1.0,552,0.5555555555555556,2.3333333333333335,1.1976509400422444,1.1666666666666667,1.6666666666666667,552,0.49718483034650873,2.8386096303625963,1.194682670333707,1.1225349893750511,1.7525746874608108,552,0.5555555555555556,2.3333333333333335,1.19636544011544,1.1547619047619047,1.6666666666666667,552,0.49718483034650873,2.8386096303625963,1.192937757093989,1.1209495033868948,1.7525746874608108,552,552.0,0.0,0.0,0.0,552.0,552.0,0.0,0.0,0.0,0.0,0.0,0.0,1.0,404.0,0.7318840579710145,552.0,0.0,0.0,114.75779674947262,351.0,351.0,4563.0,9477.0,1.0,7.0,13.0,13.0,13.0,9.0,0.0,207.0,207.0,189.0,38.0,0.0,0.582010582010582,4.0,22.0,65.0,4.0,15.0,91.0,6.0,0.0,83431.0,351.0,3563.551362603903,662.0,24.0,24.0,343.5897435897436,360.0,77.60113960113961,88.0,384.0,11.0,0.0,104918.0,48.0,48.0,0.0,24.0,7.0,0.0,0.0,0.0,0.0,0.0,0.0,0.0,0.0,0.0,0.0,0.0,0.0,0.0,40.0,16.0,0.0,1.0,4546.817613765597
7,420000000000,0.0,9.0,4.2421652421652425,4.0,6.0,351,0.0,24.0,22.905982905982906,24.0,24.0,351,0.0,0.0,0.0,0.0,0.0,351,0.0,9.0,4.2421652421652425,4.0,6.0,351,0.0,0.0,0.0,0.0,0.0,0,0.0,0.0,0.0,0.0,0.0,0,8.018058613068911,114.33986256794087,63.3835349427277,65.20168793758069,99.05747107193078,552,7.872835229897611,105.21402453633105,57.212207118687175,59.323972950841735,90.72666257540322,552,-33.03403273631466,43.598714749170895,6.171327824040532,5.153377836236327,19.48432727949372,552,1.0,1.0,1.0,1.0,1.0,552,1.0,1.0025214519324506,1.0000045678477036,1.0,1.0,552,0.5714285714285714,2.3333333333333335,1.1806315212565215,1.125,1.6666666666666667,552,0.4842877593849218,2.8188044941143358,1.168578933351095,1.0961175276601693,1.7952336339801998,552,0.5714285714285714,2.3333333333333335,1.1806315212565215,1.125,1.6666666666666667,552,0.4842877593849218,2.8188044941143358,1.168573128558398,1.0961175276601693,1.7952336339801998,552,552.0,0.0,0.0,0.0,552.0,552.0,0.0,0.0,0.0,0.0,0.0,0.0,1.0,397.0,0.7192028985507246,552.0,0.0,0.0,117.13584512472153,351.0,351.0,4563.0,9477.0,1.0,7.0,9.0,11.0,11.0,5.0,0.0,115.0,115.0,197.0,38.0,0.0,0.6294416243654822,4.0,25.0,65.0,4.0,15.0,89.0,0.0,0.0,83390.0,351.0,3398.494442924857,662.0,24.0,24.0,343.5897435897436,360.0,81.3076923076923,92.0,384.0,11.0,0.0,104163.0,48.0,48.0,0.0,24.0,5.0,0.0,0.0,0.0,0.0,0.0,0.0,0.0,0.0,0.0,0.0,0.0,0.0,0.0,40.0,16.0,0.0,1.0,4360.003588721156
8,480000000000,0.0,9.0,4.247863247863248,4.0,6.0,351,0.0,24.0,22.905982905982906,24.0,24.0,351,0.0,0.0,0.0,0.0,0.0,351,0.0,9.0,4.247863247863248,4.0,6.0,351,0.0,0.0,0.0,0.0,0.0,0,0.0,0.0,0.0,0.0,0.0,0,8.18547568331422,124.22816337402813,64.14982336047852,67.16253392674383,99.3881619339608,552,8.18547568331422,106.80947747575001,56.8842889831873,58.884684981453944,90.7791716524262,552,-23.858208060077448,63.81292789431219,7.265534377291226,4.7087869082163305,23.75383260711534,552,1.0,1.1666666666666667,1.0008825715347456,1.0,1.0,552,1.0,1.2236282280512887,1.0011653174903439,1.0,1.0,552,0.6,2.8,1.1998907091298394,1.125,1.8,552,0.4667358213256537,3.3935320220347847,1.1998842673683106,1.0877778629674255,1.901505467432093,552,0.6,2.8,1.1986082154560416,1.125,1.8,552,0.4667358213256537,3.3935320220347847,1.1983151498814086,1.0877778629674255,1.9004329411991912,552,552.0,0.0,0.0,0.0,552.0,552.0,0.0,0.0,0.0,0.0,0.0,0.0,1.0,403.0,0.730072463768116,552.0,0.0,0.0,116.67380668222904,351.0,351.0,4563.0,9477.0,1.0,7.0,10.0,11.0,11.0,8.0,0.0,184.0,184.0,203.0,38.0,0.0,0.6305418719211823,4.0,24.0,67.0,5.0,18.0,93.0,4.0,0.0,83169.0,351.0,3367.4026150256395,662.0,24.0,24.0,343.5897435897436,360.0,79.63532763532764,88.0,384.0,10.0,0.0,104323.0,48.0,48.0,0.0,24.0,6.0,0.0,0.0,0.0,0.0,0.0,0.0,0.0,0.0,0.0,0.0,0.0,0.0,0.0,40.0,16.0,0.0,1.0,4417.175527662039
9,540000000000,0.0,9.0,4.247863247863248,4.0,6.0,351,0.0,24.0,22.905982905982906,24.0,24.0,351,0.0,0.0,0.0,0.0,0.0,351,0.0,9.0,4.247863247863248,4.0,6.0,351,0.0,0.0,0.0,0.0,0.0,0,0.0,0.0,0.0,0.0,0.0,0,7.9431105134739575,124.68246734115318,63.173339604370916,67.36410448330906,98.66988831088442,552,7.9431105134739575,103.73315126291381,56.20612864893349,57.784287433869565,91.34014125768896,552,-20.765050755837436,52.04838336236353,6.9672109554374275,4.647456162485788,23.169246361311636,552,1.0,1.1666666666666667,1.0008825715347456,1.0,1.0,552,1.0,1.223884624091277,1.0011668237225908,1.0,1.0,552,0.6,2.5,1.1948245645256512,1.125,1.8,552,0.5515092822659812,3.4205618737542247,1.192951752998637,1.0931024766660435,1.7702392010461774,552,0.6,2.5,1.1934658688734776,1.125,1.8,552,0.5515092822659812,3.4205618737542247,1.1913974670399667,1.090897741025128,1.751756081133698,552,552.0,0.0,0.0,0.0,552.0,552.0,0.0,0.0,0.0,0.0,0.0,0.0,1.0,396.0,0.717391304347826,552.0,0.0,0.0,116.69812351465225,351.0,351.0,4563.0,9477.0,1.0,7.0,13.0,13.0,13.0,7.0,0.0,161.0,161.0,191.0,36.0,0.0,0.5445026178010471,4.0,22.0,59.0,4.0,18.0,89.0,6.0,0.0,83844.0,351.0,3432.021092623472,662.0,24.0,24.0,343.5897435897436,360.0,76.3931623931624,88.0,384.0,11.0,0.0,104641.0,48.0,48.0,0.0,24.0,8.0,0.0,0.0,0.0,0.0,0.0,0.0,0.0,0.0,0.0,0.0,0.0,0.0,0.0,40.0,16.0,0.0,1.0,4421.63466848433
10,600000000000,0.0,8.0,4.2421652421652425,4.0,6.0,351,0.0,24.0,22.905982905982906,24.0,24.0,351,0.0,0.0,0.0,0.0,0.0,351,0.0,8.0,4.2421652421652425,4.0,6.0,351,0.0,0.0,0.0,0.0,0.0,0,0.0,0.0,0.0,0.0,0.0,0,7.861971881227246,121.29809641435318,62.22588949024746,65.56507091787837,98.14892935726063,552,7.861971881227246,104.2506601704273,56.47967978940618,58.112316735648655,91.63320404543732,552,-23.83229000411805,40.805608600399424,5.74620970084128,4.28886357313689,20.7961668938972,552,1.0,1.1666666666666667,1.0003019323671498,1.0,1.0,552,1.0,1.2691275685055528,1.0004875499429449,1.0,1.0,552,0.6,3.0,1.173126390517695,1.125,1.6666666666666667,552,0.4920073836147822,3.583076126470268,1.1616332523503698,1.0716474994164855,1.689415979874764,552,0.6,3.0,1.172824458150545,1.1180555555555556,1.6666666666666667,552,0.4920073836147822,3.583076126470268,1.1611119031608192,1.0712775317606709,1.689415979874764,552,552.0,0.0,0.0,0.0,552.0,552.0,0.0,0.0,0.0,0.0,0.0,0.0,1.0,374.0,0.677536231884058,552.0,0.0,0.0,121.50325626134872,351.0,351.0,4563.0,9477.0,1.0,7.0,10.0,10.0,10.0,6.0,0.0,138.0,138.0,190.0,36.0,0.0,0.5473684210526316,4.0,20.0,62.0,4.0,16.0,88.0,4.0,0.0,81072.0,351.0,3338.027836754918,662.0,24.0,24.0,343.5897435897436,360.0,72.28774928774929,80.0,384.0,11.0,0.0,103206.0,48.0,48.0,0.0,24.0,10.0,0.0,0.0,0.0,0.0,0.0,0.0,0.0,0.0,0.0,0.0,0.0,0.0,0.0,40.0,16.0,0.0,1.0,4324.678858742118
11,660000000000,0.0,8.0,4.236467236467236,4.0,6.0,351,0.0,24.0,22.905982905982906,24.0,24.0,351,0.0,0.0,0.0,0.0,0.0,351,0.0,8.0,4.236467236467236,4.0,6.0,351,0.0,0.0,0.0,0.0,0.0,0,0.0,0.0,0.0,0.0,0.0,0,7.407215194186105,111.44850815140042,62.86578304477268,65.55699524562371,98.72098458676781,552,7.407215194186105,102.62071567141538,56.957814472418015,59.54005595633069,93.02060750843835,552,-21.82402796520526,47.027514554001435,5.907968572354666,4.21038736176644,23.364594580132195,552,1.0,1.0,1.0,1.0,1.0,552,1.0,1.0026972278692832,1.0000048862823718,1.0,1.0,552,0.6,2.3333333333333335,1.1755491690274298,1.125,1.6666666666666667,552,0.5144893359443421,3.4383732384331345,1.1576680341454146,1.0729952030338583,1.7284030410709035,552,0.6,2.3333333333333335,1.1755491690274298,1.125,1.6666666666666667,552,0.5144893359443421,3.4383732384331345,1.1576628388020749,1.0729952030338583,1.7284030410709035,552,552.0,0.0,0.0,0.0,552.0,552.0,0.0,0.0,0.0,0.0,0.0,0.0,1.0,384.0,0.6956521739130435,552.0,0.0,0.0,117.6167968660593,351.0,351.0,4563.0,9477.0,1.0,7.0,14.0,15.0,15.0,10.0,0.0,230.0,230.0,186.0,36.0,0.0,0.5483870967741935,4.0,23.0,62.0,4.0,16.0,86.0,4.0,0.0,82317.0,351.0,3304.1505441069603,662.0,24.0,24.0,343.5897435897436,360.0,72.55270655270655,84.0,384.0,9.0,0.0,104584.0,48.0,48.0,0.0,24.0,10.0,0.0,0.0,0.0,0.0,0.0,0.0,0.0,0.0,0.0,0.0,0.0,0.0,0.0,40.0,16.0,0.0,1.0,4246.515054255724
12,720000000000,0.0,8.0,4.233618233618234,4.0,6.0,351,0.0,24.0,22.905982905982906,24.0,24.0,351,0.0,0.0,0.0,0.0,0.0,351,0.0,8.0,4.233618233618234,4.0,6.0,351,0.0,0.0,0.0,0.0,0.0,0,0.0,0.0,0.0,0.0,0.0,0,7.168337853916259,111.71476079364813,63.55998194550752,66.23534169860025,99.90505342028052,552,7.168337853916259,105.19535101272183,57.60189901845232,60.18138288529699,92.9276208110923,552,-16.590287076881815,36.59202163989579,5.9580829270551945,4.366477830262994,21.30340053325416,552,1.0,1.0,1.0,1.0,1.0,552,1.0,1.0,1.0,1.0,1.0,552,0.6363636363636364,2.5,1.172362601166949,1.1180555555555556,1.6666666666666667,552,0.7229202798817971,3.2289354458650337,1.1533450494940822,1.0801365446705335,1.6872839287959207,552,0.6363636363636364,2.5,1.172362601166949,1.1180555555555556,1.6666666666666667,552,0.7229202798817971,3.2289354458650337,1.1533450494940822,1.0801365446705335,1.6872839287959207,552,552.0,0.0,0.0,0.0,552.0,552.0,0.0,0.0,0.0,0.0,0.0,0.0,1.0,393.0,0.7119565217391305,552.0,0.0,0.0,220.3989364206791,351.0,351.0,4563.0,9477.0,1.0,7.0,9.0,11.0,11.0,6.0,0.0,138.0,138.0,178.0,40.0,0.0,0.5955056179775281,4.0,22.0,60.0,3.0,13.0,76.0,4.0,0.0,81070.0,351.0,3354.398611932993,662.0,24.0,24.0,343.5897435897436,360.0,74.01709401709402,88.0,384.0,9.0,0.0,103789.0,48.0,48.0,0.0,24.0,9.0,0.0,0.0,0.0,0.0,0.0,0.0,0.0,0.0,0.0,0.0,0.0,0.0,0.0,40.0,16.0,0.0,1.0,4463.886151090264
13,780000000000,0.0,8.0,4.256410256410256,4.0,6.0,351,0.0,24.0,22.905982905982906,24.0,24.0,351,0.0,0.0,0.0,0.0,0.0,351,0.0,8.0,4.256410256410256,4.0,6.0,351,0.0,0.0,0.0,0.0,0.0,0,0.0,0.0,0.0,0.0,0.0,0,7.69084682910869,113.06500341585607,63.72111981628739,65.49228283427618,102.76166321981967,552,7.69084682910869,104.00976654606384,56.86343734320759,58.5082059787581,92.50777122009882,552,-23.224955822481135,35.28638050138696,6.857682473079803,4.7072609753225905,22.42873434917099,552,1.0,1.0,1.0,1.0,1.0,552,1.0,1.0,1.0,1.0,1.0,552,0.7,3.0,1.185142725631856,1.125,1.6666666666666667,552,0.7206182158643739,3.1200328831693787,1.1677613174615395,1.0846566860685156,1.6061354117692328,552,0.7,3.0,1.185142725631856,1.125,1.6666666666666667,552,0.7206182158643739,3.1200328831693787,1.1677613174615395,1.0846566860685156,1.6061354117692328,552,552.0,0.0,0.0,0.0,552.0,552.0,0.0,0.0,0.0,0.0,0.0,0.0,1.0,403.0,0.730072463768116,552.0,0.0,0.0,120.07461488246918,351.0,351.0,4563.0,9477.0,1.0,7.0,10.0,13.0,13.0,9.0,0.0,207.0,207.0,178.0,36.0,0.0,0.48314606741573035,3.0,22.0,58.0,3.0,13.0,80.0,0.0,0.0,82965.0,351.0,3259.2731714248657,662.0,24.0,24.0,343.5897435897436,360.0,71.97435897435898,84.0,384.0,9.0,0.0,104930.0,48.0,48.0,0.0,24.0,10.0,0.0,0.0,0.0,0.0,0.0,0.0,0.0,0.0,0.0,0.0,0.0,0.0,0.0,40.0,16.0,0.0,1.0,4201.36740244925
14,840000000000,0.0,8.0,4.250712250712251,4.0,6.0,351,0.0,24.0,22.905982905982906,24.0,24.0,351,0.0,0.0,0.0,0.0,0.0,351,0.0,8.0,4.250712250712251,4.0,6.0,351,0.0,0.0,0.0,0.0,0.0,0,0.0,0.0,0.0,0.0,0.0,0,8.137479145656158,110.37901750937921,64.12286356620042,65.1845621396572,100.90106866798233,552,8.137479145656158,104.2370299551463,57.05572730695429,58.68361908715728,91.56184618463249,552,-22.231253879702194,38.01462123676627,7.067136259246127,6.141987554232898,19.886207437786084,552,1.0,1.0,1.0,1.0,1.0,552,1.0,1.0,1.0,1.0,1.0,552,0.7,2.0,1.194760513238774,1.1666666666666667,1.6666666666666667,552,0.6558055775078128,2.9091407299928673,1.1788008457522035,1.1063046749020247,1.6762820424902747,552,0.7,2.0,1.194760513238774,1.1666666666666667,1.6666666666666667,552,0.6558055775078128,2.9091407299928673,1.1788008457522035,1.1063046749020247,1.6762820424902747,552,552.0,0.0,0.0,0.0,552.0,552.0,0.0,0.0,0.0,0.0,0.0,0.0,1.0,410.0,0.7427536231884058,552.0,0.0,0.0,108.41687209904194,351.0,351.0,4563.0,9477.0,1.0,7.0,11.0,11.0,11.0,5.0,0.0,115.0,115.0,177.0,36.0,0.0,0.4745762711864407,3.0,24.0,61.0,4.0,13.0,81.0,0.0,0.0,84600.0,351.0,3264.1073744744062,662.0,24.0,24.0,343.5897435897436,360.0,77.74928774928775,84.0,384.0,8.0,0.0,105761.0,48.0,48.0,0.0,24.0,7.0,0.0,0.0,0.0,0.0,0.0,0.0,0.0,0.0,0.0,0.0,0.0,0.0,0.0,40.0,16.0,0.0,1.0,4203.93986441195
15,900000000000,0.0,10.0,4.253561253561253,4.0,6.0,351,0.0,24.0,22.905982905982906,24.0,24.0,351,0.0,0.0,0.0,0.0,0.0,351,0.0,10.0,4.253561253561253,4.0,6.0,351,0.0,0.0,0.0,0.0,0.0,0,0.0,0.0,0.0,0.0,0.0,0,8.44831418340751,114.19893668300799,64.38779152271161,66.69286784132372,100.304051351162,552,8.355660501639438,104.75283960245868,57.22967764053576,59.97925805915507,90.92730219638443,552,-29.056268227594146,37.49617485690317,7.158113882175862,6.894369173151324,22.057126059998602,552,1.0,1.0,1.0,1.0,1.0,552,1.0,1.0038145152824,1.0000128773714698,1.0,1.0,552,0.5555555555555556,2.0,1.1954232412112846,1.1428571428571428,1.704166666666661,552,0.5305772808866371,2.9443966903198326,1.1943633514089012,1.119222567940242,1.8058827458476152,552,0.5555555555555556,2.0,1.1954232412112846,1.1428571428571428,1.704166666666661,552,0.5305772808866371,2.9443966903198326,1.194346247888119,1.119222567940242,1.8058827458476152,552,552.0,0.0,0.0,0.0,552.0,552.0,0.0,0.0,0.0,0.0,0.0,0.0,1.0,407.0,0.7373188405797102,552.0,0.0,0.0,95.19480913877487,351.0,351.0,4563.0,9477.0,1.0,7.0,11.0,12.0,12.0,7.0,0.0,161.0,161.0,173.0,38.0,0.0,0.48554913294797686,3.0,26.0,63.0,3.0,13.0,81.0,0.0,0.0,84248.0,351.0,3304.8035353422165,662.0,24.0,24.0,343.5897435897436,360.0,81.22792022792022,92.0,384.0,9.0,0.0,104905.0,48.0,48.0,0.0,24.0,5.0,0.0,0.0,0.0,0.0,0.0,0.0,0.0,0.0,0.0,0.0,0.0,0.0,0.0,40.0,16.0,0.0,1.0,4112.212536856532
16,960000000000,0.0,9.0,4.253561253561253,4.0,6.0,351,0.0,24.0,22.905982905982906,24.0,24.0,351,0.0,0.0,0.0,0.0,0.0,351,0.0,9.0,4.253561253561253,4.0,6.0,351,0.0,0.0,0.0,0.0,0.0,0,0.0,0.0,0.0,0.0,0.0,0,7.813592370292385,127.37154608351464,63.85355861188301,67.53340280456626,96.99857377767171,552,7.813592370292385,105.99542708951283,57.00343943549659,58.70638228595914,91.50932701543071,552,-16.109211192144812,63.20760783947121,6.850119176386408,5.006472349876972,20.01407332078308,552,1.0,1.0,1.0,1.0,1.0,552,1.0,1.0,1.0,1.0,1.0,552,0.6,2.0,1.1837716178748787,1.125,1.6666666666666667,552,0.6069284834745955,3.1052069918944745,1.1843862995956282,1.0899802671301093,1.774278568869972,552,0.6,2.0,1.1837716178748787,1.125,1.6666666666666667,552,0.6069284834745955,3.1052069918944745,1.1843862995956282,1.0899802671301093,1.774278568869972,552,552.0,0.0,0.0,0.0,552.0,552.0,0.0,0.0,0.0,0.0,0.0,0.0,1.0,407.0,0.7373188405797102,552.0,0.0,0.0,118.52135509252548,351.0,351.0,4563.0,9477.0,1.0,7.0,14.0,14.0,14.0,10.0,0.0,230.0,230.0,179.0,36.0,0.0,0.49162011173184356,3.0,23.0,67.0,5.0,14.0,83.0,4.0,0.0,83919.0,351.0,3301.31671205163,662.0,24.0,24.0,343.5897435897436,360.0,79.88319088319088,92.0,384.0,10.0,0.0,104974.0,48.0,48.0,0.0,24.0,6.0,0.0,0.0,0.0,0.0,0.0,0.0,0.0,0.0,0.0,0.0,0.0,0.0,0.0,40.0,16.0,0.0,1.0,4305.480010807514
17,1020000000000,0.0,9.0,4.262108262108262,4.0,6.0,351,0.0,24.0,22.905982905982906,24.0,24.0,351,0.0,0.0,0.0,0.0,0.0,351,0.0,9.0,4.262108262108262,4.0,6.0,351,0.0,0.0,0.0,0.0,0.0,0,0.0,0.0,0.0,0.0,0.0,0,7.507119308518428,127.43033380068746,62.82056960171997,66.6944831819767,96.36215487855513,552,7.507119308518428,102.12839493081326,56.33404425149742,57.834872960543464,91.20775971147938,552,-19.288280756346268,64.672823924798,6.4865253502225535,4.71088000851317,20.752363526142872,552,1.0,1.0,1.0,1.0,1.0,552,1.0,1.0,1.0,1.0,1.0,552,0.6666666666666666,2.4,1.1992165041078084,1.125,1.7724999999999966,552,0.6133926928738516,3.422087034091203,1.1881716062190675,1.0899173915682128,1.830578669719511,552,0.6666666666666666,2.4,1.1992165041078084,1.125,1.7724999999999966,552,0.6133926928738516,3.422087034091203,1.1881716062190675,1.0899173915682128,1.830578669719511,552,552.0,0.0,0.0,0.0,552.0,552.0,0.0,0.0,0.0,0.0,0.0,0.0,1.0,392.0,0.7101449275362319,552.0,0.0,0.0,114.73254300653934,351.0,351.0,4563.0,9477.0,1.0,7.0,9.0,9.0,9.0,5.0,0.0,115.0,115.0,167.0,30.0,0.0,0.40718562874251496,3.0,22.0,53.0,3.0,14.0,81.0,3.0,0.0,83404.0,351.0,2877.2065583616495,662.0,24.0,24.0,343.5897435897436,360.0,78.41595441595442,92.0,384.0,11.0,0.0,104061.0,48.0,48.0,0.0,24.0,7.0,0.0,0.0,0.0,0.0,0.0,0.0,0.0,0.0,0.0,0.0,0.0,0.0,0.0,40.0,16.0,0.0,1.0,3805.555831640959
18,1080000000000,0.0,8.0,4.250712250712251,4.0,6.0,351,0.0,24.0,22.905982905982906,24.0,24.0,351,0.0,0.0,0.0,0.0,0.0,351,0.0,8.0,4.250712250712251,4.0,6.0,351,0.0,0.0,0.0,0.0,0.0,0,0.0,0.0,0.0,0.0,0.0,0,7.4368873882744575,125.59332780661045,62.82069331309854,66.49054763717692,94.44613947648561,552,7.4368873882744575,101.89420479848633,56.471842460803074,57.97299545200568,91.26881724259592,552,-21.576023739887532,57.05464259924213,6.348850852295461,5.068467500681443,22.017691703197762,552,1.0,1.0,1.0,1.0,1.0,552,1.0,1.0,1.0,1.0,1.0,552,0.7,2.6666666666666665,1.183769657275092,1.125,1.6666666666666667,552,0.637029506548139,3.4085513386978543,1.1739425951800548,1.0916263114903813,1.6861021169895976,552,0.7,2.6666666666666665,1.183769657275092,1.125,1.6666666666666667,552,0.637029506548139,3.4085513386978543,1.1739425951800548,1.0916263114903813,1.6861021169895976,552,552.0,0.0,0.0,0.0,552.0,552.0,0.0,0.0,0.0,0.0,0.0,0.0,1.0,380.0,0.6884057971014492,552.0,0.0,0.0,114.6753542125225,351.0,351.0,4563.0,9477.0,1.0,7.0,8.0,9.0,9.0,4.0,0.0,92.0,92.0,161.0,28.0,0.0,0.34782608695652173,2.0,19.0,51.0,4.0,14.0,79.0,3.0,0.0,83107.0,351.0,3324.174400418997,662.0,24.0,24.0,343.5897435897436,360.0,72.32193732193733,88.0,384.0,10.0,0.0,104076.0,48.0,48.0,0.0,24.0,10.0,0.0,0.0,0.0,0.0,0.0,0.0,0.0,0.0,0.0,0.0,0.0,0.0,0.0,40.0,16.0,0.0,1.0,4268.296204507351
19,1140000000000,0.0,8.0,4.267806267806268,4.0,6.0,351,0.0,24.0,22.905982905982906,24.0,24.0,351,0.0,0.0,0.0,0.0,0.0,351,0.0,8.0,4.267806267806268,4.0,6.0,351,0.0,0.0,0.0,0.0,0.0,0,0.0,0.0,0.0,0.0,0.0,0,7.524485906179802,141.17557941028343,62.48776961527924,63.416847310312775,99.35941798157552,552,7.123785990973796,101.45539393911643,56.779539242914126,59.494098941959265,92.03216572631602,552,-23.80575204597865,54.729408460439984,5.7082303723651036,4.082877809106446,22.170050045175252,552,1.0,1.3076923076923077,1.000557413600892,1.0,1.0,552,1.0,1.3559373967051989,1.0006529031768385,1.0,1.0,552,0.625,2.5,1.1676186032164293,1.1111111111111112,1.6666666666666667,552,0.49868880141871996,3.359614697065207,1.1521667790444547,1.0662431765212805,1.6597381159353304,552,0.625,2.5,1.1669598416881024,1.1111111111111112,1.6666666666666667,552,0.49868880141871996,3.359614697065207,1.1514654104387112,1.0662431765212805,1.6597381159353304,552,552.0,0.0,0.0,0.0,552.0,552.0,0.0,0.0,0.0,0.0,0.0,0.0,1.0,380.0,0.6884057971014492,552.0,0.0,0.0,123.85850585997105,351.0,351.0,4563.0,9477.0,1.0,7.0,12.0,16.0,16.0,11.0,0.0,253.0,253.0,147.0,26.0,0.0,0.29931972789115646,2.0,17.0,47.0,3.0,14.0,77.0,5.0,0.0,82810.0,351.0,3306.183284148574,662.0,24.0,24.0,343.5897435897436,360.0,70.26780626780626,84.0,384.0,8.0,0.0,103972.0,48.0,48.0,0.0,24.0,11.0,0.0,0.0,0.0,0.0,0.0,0.0,0.0,0.0,0.0,0.0,0.0,0.0,0.0,40.0,16.0,0.0,1.0,4238.103402778506
20,1200000000000,0.0,8.0,4.267806267806268,4.0,6.0,351,0.0,24.0,22.905982905982906,24.0,24.0,351,0.0,0.0,0.0,0.0,0.0,351,0.0,8.0,4.267806267806268,4.0,6.0,351,0.0,0.0,0.0,0.0,0.0,0,0.0,0.0,0.0,0.0,0.0,0,7.090952234695644,111.52687741121609,63.17320329778881,64.61440945168533,100.0122223642767,552,7.090952234695644,104.46982721833031,57.246247689534464,59.372599914073845,93.3304660637806,552,-22.849032810207063,33.47232636059492,5.926955608254353,4.303155416267547,22.16617807334149,552,1.0,1.0,1.0,1.0,1.0,552,1.0,1.0,1.0,1.0,1.0,552,0.7142857142857143,3.0,1.1843504271493401,1.125,1.6666666666666667,552,0.7350446769240977,4.033625569388588,1.166037334684165,1.063906937431907,1.751312213524578,552,0.7142857142857143,3.0,1.1843504271493401,1.125,1.6666666666666667,552,0.7350446769240977,4.033625569388588,1.166037334684165,1.063906937431907,1.751312213524578,552,552.0,0.0,0.0,0.0,552.0,552.0,0.0,0.0,0.0,0.0,0.0,0.0,1.0,381.0,0.6902173913043478,552.0,0.0,0.0,79.85975407063961,351.0,351.0,4563.0,9477.0,1.0,7.0,11.0,11.0,11.0,7.0,0.0,161.0,161.0,143.0,26.0,0.0,0.2937062937062937,2.0,19.0,43.0,3.0,14.0,77.0,0.0,0.0,82107.0,351.0,2591.640470549464,662.0,24.0,24.0,343.5897435897436,360.0,73.86894586894587,88.0,384.0,9.0,0.0,104405.0,48.0,48.0,0.0,24.0,9.0,0.0,0.0,0.0,0.0,0.0,0.0,0.0,0.0,0.0,0.0,0.0,0.0,0.0,40.0,16.0,0.0,1.0,3307.581363245845
21,1260000000000,0.0,10.0,4.282051282051282,4.0,6.0,351,0.0,24.0,22.905982905982906,24.0,24.0,351,0.0,0.0,0.0,0.0,0.0,351,0.0,10.0,4.282051282051282,4.0,6.0,351,0.0,0.0,0.0,0.0,0.0,0,0.0,0.0,0.0,0.0,0.0,0,7.617988091615033,134.81236986671107,63.74347619610791,64.45846183938694,100.0425328717142,552,7.617988091615033,104.42110704601954,56.902404846457976,58.44865802430311,93.50717233302554,552,-16.45898693729238,64.20246803244463,6.841071349649929,4.977175801443181,21.306603518024588,552,1.0,1.0,1.0,1.0,1.0,552,1.0,1.0953516593361425,1.00017273851329,1.0,1.0,552,0.6666666666666666,3.0,1.2011835688466121,1.125,1.7142857142857142,552,0.6783829237436769,3.838163525089798,1.1764020009004648,1.0851457584194222,1.6537048325430785,552,0.6666666666666666,3.0,1.2011835688466121,1.125,1.7142857142857142,552,0.6783829237436769,3.838163525089798,1.176100908535816,1.0851457584194222,1.6537048325430785,552,552.0,0.0,0.0,0.0,552.0,552.0,0.0,0.0,0.0,0.0,0.0,0.0,1.0,409.0,0.7409420289855072,552.0,0.0,0.0,118.08097548782825,351.0,351.0,4563.0,9477.0,1.0,7.0,9.0,9.0,9.0,5.0,0.0,115.0,115.0,128.0,26.0,0.0,0.1484375,2.0,15.0,44.0,3.0,18.0,81.0,2.0,0.0,84789.0,351.0,3351.2978069484234,662.0,24.0,24.0,343.5897435897436,360.0,75.6923076923077,84.0,384.0,9.0,0.0,105591.0,48.0,48.0,0.0,24.0,8.0,0.0,0.0,0.0,0.0,0.0,0.0,0.0,0.0,0.0,0.0,0.0,0.0,0.0,40.0,16.0,0.0,1.0,4279.820224270225
22,1320000000000,0.0,9.0,4.267806267806268,4.0,6.0,351,0.0,24.0,22.905982905982906,24.0,24.0,351,0.0,0.0,0.0,0.0,0.0,351,0.0,9.0,4.267806267806268,4.0,6.0,351,0.0,0.0,0.0,0.0,0.0,0,0.0,0.0,0.0,0.0,0.0,0,8.153356796587591,133.48189256143928,64.05874400428678,64.75812462425507,100.600303904185,552,8.153356796587591,103.70561370790261,56.79005545919364,58.36448815646741,92.04419288381447,552,-13.01009551447276,64.25203017861818,7.268688545093136,5.800435970177865,21.279756776403573,552,1.0,1.0,1.0,1.0,1.0,552,1.0,1.097282658446804,1.0001762367000848,1.0,1.0,552,0.7,2.5,1.2004153857414726,1.1428571428571428,1.6666666666666667,552,0.6632207063631047,3.5259497029812366,1.1857676239891477,1.1072582007042269,1.6997689984596678,552,0.7,2.5,1.2004153857414726,1.1428571428571428,1.6666666666666667,552,0.6632207063631047,3.5259497029812366,1.1854579485771626,1.1072582007042269,1.6997689984596678,552,552.0,0.0,0.0,0.0,552.0,552.0,0.0,0.0,0.0,0.0,0.0,0.0,1.0,407.0,0.7373188405797102,552.0,0.0,0.0,104.06981222331524,351.0,351.0,4563.0,9477.0,1.0,7.0,13.0,13.0,13.0,8.0,0.0,184.0,184.0,126.0,20.0,0.0,0.06349206349206349,1.0,16.0,38.0,3.0,19.0,82.0,2.0,0.0,85048.0,351.0,2965.371223166585,662.0,24.0,24.0,343.5897435897436,360.0,81.51566951566952,92.0,384.0,7.0,0.0,105939.0,48.0,48.0,0.0,24.0,5.0,0.0,0.0,0.0,0.0,0.0,0.0,0.0,0.0,0.0,0.0,0.0,0.0,0.0,40.0,16.0,0.0,1.0,3789.3124613910913
23,1380000000000,0.0,9.0,4.253561253561253,4.0,6.0,351,0.0,24.0,22.905982905982906,24.0,24.0,351,0.0,0.0,0.0,0.0,0.0,351,0.0,9.0,4.253561253561253,4.0,6.0,351,0.0,0.0,0.0,0.0,0.0,0,0.0,0.0,0.0,0.0,0.0,0,8.74098248662413,132.987330300211,63.809746341574865,64.58941802930525,100.16978186780028,552,8.74098248662413,104.4179134306807,57.21760085650751,59.4335160538233,92.6104932055878,552,-29.752393986855417,64.39476805978032,6.592145485067355,5.634573642736719,21.478656473869833,552,1.0,1.0,1.0,1.0,1.0,552,1.0,1.096742477330342,1.0003328352865435,1.0,1.0,552,0.5555555555555556,2.0,1.1827710333145114,1.125,1.6666666666666667,552,0.5840283040720597,2.7866723582899726,1.1727748242341742,1.0951276360536357,1.7586865237504294,552,0.5555555555555556,2.0,1.1827710333145114,1.125,1.6666666666666667,552,0.5840283040720597,2.7866723582899726,1.1722028201393833,1.0951276360536357,1.7586865237504294,552,552.0,0.0,0.0,0.0,552.0,552.0,0.0,0.0,0.0,0.0,0.0,0.0,1.0,392.0,0.7101449275362319,552.0,0.0,0.0,118.1095764040947,351.0,351.0,4563.0,9477.0,1.0,7.0,12.0,15.0,15.0,10.0,0.0,230.0,230.0,132.0,22.0,0.0,0.12121212121212122,1.0,19.0,38.0,2.0,18.0,80.0,6.0,0.0,84469.0,351.0,2875.138407573104,662.0,24.0,24.0,343.5897435897436,360.0,77.8119658119658,88.0,384.0,6.0,0.0,105174.0,48.0,48.0,0.0,24.0,7.0,0.0,0.0,0.0,0.0,0.0,0.0,0.0,0.0,0.0,0.0,0.0,0.0,0.0,40.0,16.0,0.0,1.0,3724.049512296915
24,1440000000000,0.0,9.0,4.262108262108262,4.0,6.0,351,0.0,24.0,22.905982905982906,24.0,24.0,351,0.0,0.0,0.0,0.0,0.0,351,0.0,9.0,4.262108262108262,4.0,6.0,351,0.0,0.0,0.0,0.0,0.0,0,0.0,0.0,0.0,0.0,0.0,0,7.533739808090836,139.97517257685953,63.82961101267813,66.74593943491001,98.32301756052937,552,7.533739808090836,105.26332646069108,56.943901548048075,58.99861800918665,91.39944487159065,552,-27.323636722728523,75.73803144856257,6.885709464630058,4.597946726197598,24.98323794498486,552,1.0,1.0,1.0,1.0,1.0,552,1.0,1.104334104450174,1.0007880124275923,1.0,1.0,552,0.6,3.2,1.1974802371541502,1.125,1.8149999999999977,552,0.6085920018658802,3.2340528980018437,1.1888413361804304,1.0811180651705752,1.8825384616718377,552,0.6,3.2,1.1974802371541502,1.125,1.8149999999999977,552,0.6085920018658802,3.2340528980018437,1.1874065796587483,1.0811180651705752,1.8543473892989846,552,552.0,0.0,0.0,0.0,552.0,552.0,0.0,0.0,0.0,0.0,0.0,0.0,1.0,395.0,0.7155797101449275,552.0,0.0,0.0,80.80828376114368,351.0,351.0,4563.0,9477.0,1.0,7.0,13.0,16.0,16.0,8.0,0.0,184.0,184.0,131.0,22.0,0.0,0.11450381679389313,1.0,21.0,37.0,3.0,20.0,78.0,8.0,0.0,83800.0,351.0,3316.4972066879272,662.0,24.0,24.0,343.5897435897436,360.0,81.41310541310541,92.0,384.0,9.0,0.0,104531.0,48.0,48.0,0.0,24.0,5.0,0.0,0.0,0.0,0.0,0.0,0.0,0.0,0.0,0.0,0.0,0.0,0.0,0.0,40.0,16.0,0.0,1.0,4261.29624992609
25,1500000000000,0.0,9.0,4.2592592592592595,4.0,6.0,351,0.0,24.0,22.905982905982906,24.0,24.0,351,0.0,0.0,0.0,0.0,0.0,351,0.0,9.0,4.2592592592592595,4.0,6.0,351,0.0,0.0,0.0,0.0,0.0,0,0.0,0.0,0.0,0.0,0.0,0,7.220944664325078,139.67890565410414,63.167557929726726,66.70464383887892,97.27241320161156,552,7.220944664325078,102.26688199907147,56.1520843380979,57.51593025051879,91.24085766625429,552,-19.11164736130229,69.19308755390597,7.0154735916288296,5.668989522849678,22.996702535601337,552,1.0,1.1666666666666667,1.0003019323671498,1.0,1.0,552,1.0,1.1917029431360846,1.0007732902203736,1.0,1.0,552,0.6666666666666666,2.4,1.1964488560955953,1.1428571428571428,1.6666666666666667,552,0.6158036946602351,3.099334730559645,1.1857861616908005,1.1075908792468296,1.7345357744048617,552,0.6666666666666666,2.4,1.1961469237284454,1.1428571428571428,1.6666666666666667,552,0.6158036946602351,3.099334730559645,1.1847507685463425,1.1064532731792451,1.7345357744048617,552,552.0,0.0,0.0,0.0,552.0,552.0,0.0,0.0,0.0,0.0,0.0,0.0,1.0,396.0,0.717391304347826,552.0,0.0,0.0,117.3645555973053,351.0,351.0,4563.0,9477.0,1.0,7.0,10.0,10.0,10.0,4.0,0.0,92.0,92.0,132.0,22.0,0.0,0.12121212121212122,1.0,20.0,38.0,2.0,18.0,80.0,6.0,0.0,84204.0,351.0,3067.368485033512,662.0,24.0,24.0,343.5897435897436,360.0,78.23646723646723,92.0,384.0,8.0,0.0,104244.0,48.0,48.0,0.0,24.0,7.0,0.0,0.0,0.0,0.0,0.0,0.0,0.0,0.0,0.0,0.0,0.0,0.0,0.0,40.0,16.0,0.0,1.0,3891.0177387297153
26,1560000000000,0.0,8.0,4.273504273504273,4.0,6.0,351,0.0,24.0,22.905982905982906,24.0,24.0,351,0.0,0.0,0.0,0.0,0.0,351,0.0,8.0,4.273504273504273,4.0,6.0,351,0.0,0.0,0.0,0.0,0.0,0,0.0,0.0,0.0,0.0,0.0,0,7.136712642050521,119.48473200440654,63.216118038889775,65.95404992559168,97.34296440218846,552,7.136712642050521,102.06824759867784,56.175803620057465,57.55698571860603,91.08268290062276,552,-21.945598218486012,50.912044677466156,7.040314418832306,5.48526866923825,23.18460096789723,552,1.0,1.1666666666666667,1.0003019323671498,1.0,1.0,552,1.0,1.2032781730238904,1.0006037379754658,1.0,1.0,552,0.6666666666666666,2.6666666666666665,1.2061127831508265,1.1428571428571428,1.6666666666666667,552,0.5184191057510209,3.4480419434980765,1.1898579890009173,1.1029624596934169,1.7313315612120108,552,0.6666666666666666,2.6666666666666665,1.205810850783677,1.1428571428571428,1.6666666666666667,552,0.5184191057510209,3.4480419434980765,1.1891087112805514,1.1017268240031879,1.7228656980396984,552,552.0,0.0,0.0,0.0,552.0,552.0,0.0,0.0,0.0,0.0,0.0,0.0,1.0,392.0,0.7101449275362319,552.0,0.0,0.0,121.48515693843365,351.0,351.0,4563.0,9477.0,1.0,7.0,9.0,10.0,10.0,7.0,0.0,161.0,161.0,122.0,20.0,0.0,0.06557377049180328,1.0,17.0,34.0,2.0,18.0,80.0,4.0,0.0,83778.0,351.0,2801.2181110680103,662.0,24.0,24.0,343.5897435897436,360.0,72.56695156695157,88.0,384.0,6.0,0.0,104273.0,48.0,48.0,0.0,24.0,10.0,0.0,0.0,0.0,0.0,0.0,0.0,0.0,0.0,0.0,0.0,0.0,0.0,0.0,40.0,16.0,0.0,1.0,3642.6173467189074
27,1620000000000,0.0,8.0,4.262108262108262,4.0,6.0,351,0.0,24.0,22.905982905982906,24.0,24.0,351,0.0,0.0,0.0,0.0,0.0,351,0.0,8.0,4.262108262108262,4.0,6.0,351,0.0,0.0,0.0,0.0,0.0,0,0.0,0.0,0.0,0.0,0.0,0,7.822785605233605,110.04548891626489,62.48750512469591,64.28190808964271,96.75743179025473,552,6.9685021062137595,106.70635315245048,56.74143711718875,59.704397476750316,92.64459155056544,552,-23.950571860549225,42.245278091635484,5.746068007507148,4.408924079794794,21.584968590471696,552,1.0,1.0,1.0,1.0,1.0,552,1.0,1.004285405302726,1.0000114477532351,1.0,1.0,552,0.625,3.0,1.1772730339306425,1.125,1.6666666666666667,552,0.5504759971212576,4.080223558014884,1.160079116060334,1.07781941101782,1.6657186678772051,552,0.625,3.0,1.1772730339306425,1.125,1.6666666666666667,552,0.5504759971212576,4.080223558014884,1.1600642025447587,1.07781941101782,1.6657186678772051,552,552.0,0.0,0.0,0.0,552.0,552.0,0.0,0.0,0.0,0.0,0.0,0.0,1.0,386.0,0.6992753623188406,552.0,0.0,0.0,119.35567669570446,351.0,351.0,4563.0,9477.0,1.0,7.0,8.0,10.0,10.0,6.0,0.0,138.0,138.0,117.0,20.0,0.0,0.05128205128205128,1.0,14.0,31.0,2.0,17.0,77.0,2.0,0.0,82794.0,351.0,3179.5478276908398,662.0,24.0,24.0,343.5897435897436,360.0,68.15099715099716,80.0,384.0,6.0,0.0,104010.0,48.0,48.0,0.0,24.0,12.0,0.0,0.0,0.0,0.0,0.0,0.0,0.0,0.0,0.0,0.0,0.0,0.0,0.0,40.0,16.0,0.0,1.0,4098.2708018273115
28,1680000000000,0.0,9.0,4.267806267806268,4.0,6.0,351,0.0,24.0,22.905982905982906,24.0,24.0,351,0.0,0.0,0.0,0.0,0.0,351,0.0,9.0,4.267806267806268,4.0,6.0,351,0.0,0.0,0.0,0.0,0.0,0,0.0,0.0,0.0,0.0,0.0,0,7.190519866246936,111.45645963645597,62.862542758237936,63.91961780056556,99.11426814117469,552,7.190519866246936,103.87862309708103,57.14912410013202,59.794210910643116,92.84536757862679,552,-28.257209575074604,44.57923003677556,5.713418658105908,4.267520487059777,20.794267993493648,552,1.0,1.0,1.0,1.0,1.0,552,1.0,1.0287742126589408,1.000104089303146,1.0,1.0,552,0.5,3.0,1.1827802280247932,1.1111111111111112,1.6666666666666667,552,0.5452796016930543,4.023804900633517,1.1581428102501619,1.0654230433803686,1.7410387334336237,552,0.5,3.0,1.1827802280247932,1.1111111111111112,1.6666666666666667,552,0.5452796016930543,4.023804900633517,1.157955716958786,1.0654230433803686,1.7410387334336237,552,552.0,0.0,0.0,0.0,552.0,552.0,0.0,0.0,0.0,0.0,0.0,0.0,1.0,389.0,0.7047101449275363,552.0,0.0,0.0,118.52791532874107,351.0,351.0,4563.0,9477.0,1.0,7.0,12.0,13.0,13.0,9.0,0.0,207.0,207.0,115.0,22.0,0.0,0.06956521739130435,1.0,13.0,33.0,2.0,15.0,75.0,2.0,0.0,82466.0,351.0,3279.397686943412,662.0,24.0,24.0,343.5897435897436,360.0,75.91452991452991,88.0,384.0,6.0,0.0,104100.0,48.0,48.0,0.0,24.0,8.0,0.0,0.0,0.0,0.0,0.0,0.0,0.0,0.0,0.0,0.0,0.0,0.0,0.0,40.0,16.0,0.0,1.0,4244.016544893384
29,1740000000000,0.0,10.0,4.262108262108262,4.0,6.0,351,0.0,24.0,22.905982905982906,24.0,24.0,351,0.0,0.0,0.0,0.0,0.0,351,0.0,10.0,4.262108262108262,4.0,6.0,351,0.0,0.0,0.0,0.0,0.0,0,0.0,0.0,0.0,0.0,0.0,0,7.673813378587395,112.72026929062584,63.8797420563329,65.06496755596513,98.90520248341296,552,7.673813378587395,110.41706747201096,57.37831288156485,59.10768863860166,93.38510615692513,552,-15.855038306355496,32.73464009760809,6.501429174768049,5.065583343042476,20.54847053664287,552,1.0,1.0,1.0,1.0,1.0,552,1.0,1.0305337803909562,1.0001106089873433,1.0,1.0,552,0.7142857142857143,3.0,1.1979866801877672,1.125,1.6666666666666667,552,0.7570461099980826,3.8465407269536436,1.171122979100425,1.0859413704419896,1.69865807237639,552,0.7142857142857143,3.0,1.1979866801877672,1.125,1.6666666666666667,552,0.7570461099980826,3.8465407269536436,1.170982174630107,1.0859413704419896,1.69865807237639,552,552.0,0.0,0.0,0.0,552.0,552.0,0.0,0.0,0.0,0.0,0.0,0.0,1.0,404.0,0.7318840579710145,552.0,0.0,0.0,151.06707625091076,351.0,351.0,4563.0,9477.0,1.0,7.0,7.0,8.0,8.0,5.0,0.0,115.0,115.0,112.0,22.0,0.0,0.07142857142857142,1.0,12.0,32.0,2.0,14.0,72.0,2.0,0.0,85399.0,351.0,3381.1970967799425,662.0,24.0,24.0,343.5897435897436,360.0,77.8945868945869,88.0,384.0,6.0,0.0,105727.0,48.0,48.0,0.0,24.0,7.0,0.0,0.0,0.0,0.0,0.0,0.0,0.0,0.0,0.0,0.0,0.0,0.0,0.0,40.0,16.0,0.0,1.0,4335.237871855497
30,1800000000000,0.0,9.0,4.256410256410256,4.0,6.0,351,0.0,24.0,22.905982905982906,24.0,24.0,351,0.0,0.0,0.0,0.0,0.0,351,0.0,9.0,4.256410256410256,4.0,6.0,351,0.0,0.0,0.0,0.0,0.0,0,0.0,0.0,0.0,0.0,0.0,0,8.214083807938891,130.12222213909135,64.50262672649747,64.97797758296996,100.34365246859869,552,8.214083807938891,110.29218160864596,57.524310647718494,59.320086308486594,93.17601103512922,552,-25.008472844594813,34.40501981418284,6.978316078778984,5.430392208598857,21.809113120786954,552,1.0,1.1428571428571428,1.0002587991718426,1.0,1.0,552,1.0,1.2414782014324746,1.0005322258293203,1.0,1.0,552,0.5714285714285714,2.3333333333333335,1.2036000080837037,1.1428571428571428,1.7142857142857142,552,0.524714787989729,3.5231137716371803,1.186557183686226,1.1041039841166698,1.7239047529578395,552,0.5714285714285714,2.3333333333333335,1.203298075716554,1.1428571428571428,1.7142857142857142,552,0.524714787989729,3.5231137716371803,1.1859750970887988,1.0997359102626798,1.7239047529578395,552,552.0,0.0,0.0,0.0,552.0,552.0,0.0,0.0,0.0,0.0,0.0,0.0,1.0,411.0,0.7445652173913043,552.0,0.0,0.0,117.79436469078064,351.0,351.0,4563.0,9477.0,1.0,7.0,14.0,15.0,15.0,9.0,0.0,207.0,207.0,115.0,22.0,0.0,0.06956521739130435,1.0,14.0,33.0,2.0,14.0,75.0,4.0,0.0,85896.0,351.0,3389.3461488187313,662.0,24.0,24.0,343.5897435897436,360.0,83.47863247863248,92.0,384.0,7.0,0.0,105906.0,48.0,48.0,0.0,24.0,4.0,0.0,0.0,0.0,0.0,0.0,0.0,0.0,0.0,0.0,0.0,0.0,0.0,0.0,40.0,16.0,0.0,1.0,4322.971308603883
31,1860000000000,0.0,9.0,4.262108262108262,4.0,6.0,351,0.0,24.0,22.905982905982906,24.0,24.0,351,0.0,0.0,0.0,0.0,0.0,351,0.0,9.0,4.262108262108262,4.0,6.0,351,0.0,0.0,0.0,0.0,0.0,0,0.0,0.0,0.0,0.0,0.0,0,8.650139640937864,130.5445347257432,64.04202943705945,66.55022242099987,100.02775055225975,552,8.577142057389581,110.12088950257794,56.86354854772871,58.77911738536625,92.39927284344694,552,-28.30956944597456,43.55474521654455,7.178480889330746,5.609680800141565,23.741478802641048,552,1.0,1.1428571428571428,1.0002587991718426,1.0,1.0,552,1.0,1.2545781815439199,1.0007850620207102,1.0,1.0,552,0.6,2.3333333333333335,1.2082489169445692,1.125,2.0,552,0.6228655567436516,3.259348079480593,1.1979243086944722,1.0990033740938292,1.9130162053159536,552,0.6,2.3333333333333335,1.2079469845774196,1.125,2.0,552,0.6228655567436516,3.259348079480593,1.1970146194116813,1.0983705498515706,1.9130162053159536,552,552.0,0.0,0.0,0.0,552.0,552.0,0.0,0.0,0.0,0.0,0.0,0.0,1.0,406.0,0.7355072463768116,552.0,0.0,0.0,80.04291355609894,351.0,351.0,4563.0,9477.0,1.0,7.0,13.0,17.0,17.0,11.0,0.0,253.0,253.0,115.0,22.0,0.0,0.06956521739130435,1.0,15.0,33.0,2.0,14.0,75.0,5.0,0.0,84944.0,351.0,2554.8256393522024,662.0,24.0,24.0,343.5897435897436,360.0,79.7948717948718,96.0,384.0,7.0,0.0,105379.0,48.0,48.0,0.0,24.0,6.0,0.0,0.0,0.0,0.0,0.0,0.0,0.0,0.0,0.0,0.0,0.0,0.0,0.0,40.0,16.0,0.0,1.0,3245.479427278042
32,1920000000000,0.0,9.0,4.262108262108262,4.0,6.0,351,0.0,24.0,22.905982905982906,24.0,24.0,351,0.0,0.0,0.0,0.0,0.0,351,0.0,9.0,4.262108262108262,4.0,6.0,351,0.0,0.0,0.0,0.0,0.0,0,0.0,0.0,0.0,0.0,0.0,0,7.4297476572943,131.97090006934295,64.00087496639217,66.45861447405537,100.88214998507185,552,7.4297476572943,110.34429209980733,56.827125120599476,59.72607744954745,92.2751050097312,552,-23.0296821962379,43.528063957049014,7.173749845792703,6.429206250210264,22.816079385971122,552,1.0,1.1428571428571428,1.0002587991718426,1.0,1.0,552,1.0,1.2647111459347005,1.0008505004206232,1.0,1.0,552,0.6,2.3333333333333335,1.2093393371925982,1.125,1.9312499999999915,552,0.6118361734995522,3.227708257349924,1.2080505794120469,1.103522283540874,1.8713559467284926,552,0.6,2.3333333333333335,1.2090374048254482,1.125,1.9312499999999915,552,0.6118361734995522,3.227708257349924,1.2070699238927474,1.1026059288944507,1.8713559467284926,552,552.0,0.0,0.0,0.0,552.0,552.0,0.0,0.0,0.0,0.0,0.0,0.0,1.0,403.0,0.730072463768116,552.0,0.0,0.0,77.33534090220928,351.0,351.0,4563.0,9477.0,1.0,7.0,11.0,12.0,12.0,4.0,0.0,92.0,92.0,114.0,22.0,0.0,0.07017543859649122,1.0,15.0,34.0,2.0,15.0,74.0,6.0,0.0,85015.0,351.0,3051.6651775687933,662.0,24.0,24.0,343.5897435897436,360.0,81.32193732193733,92.0,384.0,8.0,0.0,105181.0,48.0,48.0,0.0,24.0,5.0,0.0,0.0,0.0,0.0,0.0,0.0,0.0,0.0,0.0,0.0,0.0,0.0,0.0,40.0,16.0,0.0,1.0,3793.3498919010162
33,1980000000000,0.0,9.0,4.2592592592592595,4.0,6.0,351,0.0,24.0,22.905982905982906,24.0,24.0,351,0.0,0.0,0.0,0.0,0.0,351,0.0,9.0,4.2592592592592595,4.0,6.0,351,0.0,0.0,0.0,0.0,0.0,0,0.0,0.0,0.0,0.0,0.0,0,7.104691739776856,116.33585089583336,62.81226317960816,64.13874005253282,96.85016602543578,552,7.104691739776856,102.53784145871136,56.18511108061245,57.896005011584435,91.12522089393946,552,-22.551211956289407,43.757308902689886,6.627152098995695,4.987914979198344,21.582067292691455,552,1.0,1.0,1.0,1.0,1.0,552,1.0,1.0466199869518478,1.0003365923677348,1.0,1.0,552,0.625,2.4,1.1926950917440047,1.125,1.752857142857137,552,0.6473468366493422,3.1836945821506033,1.1933350844271589,1.098835149437515,1.803282962584569,552,0.625,2.4,1.1926950917440047,1.125,1.752857142857137,552,0.6473468366493422,3.1836945821506033,1.192909238838647,1.098835149437515,1.803282962584569,552,552.0,0.0,0.0,0.0,552.0,552.0,0.0,0.0,0.0,0.0,0.0,0.0,1.0,382.0,0.6920289855072463,552.0,0.0,0.0,117.80295334756374,351.0,351.0,4563.0,9477.0,1.0,7.0,11.0,11.0,11.0,7.0,0.0,161.0,161.0,116.0,22.0,0.0,0.06896551724137931,1.0,17.0,34.0,2.0,15.0,76.0,4.0,0.0,84197.0,351.0,2667.552176862955,662.0,24.0,24.0,343.5897435897436,360.0,81.63247863247864,96.0,384.0,6.0,0.0,104659.0,48.0,48.0,0.0,24.0,5.0,0.0,0.0,0.0,0.0,0.0,0.0,0.0,0.0,0.0,0.0,0.0,0.0,0.0,40.0,16.0,0.0,1.0,3510.3408843278885
34,2040000000000,0.0,9.0,4.284900284900285,4.0,6.0,351,0.0,24.0,22.905982905982906,24.0,24.0,351,0.0,0.0,0.0,0.0,0.0,351,0.0,9.0,4.284900284900285,4.0,6.0,351,0.0,0.0,0.0,0.0,0.0,0,0.0,0.0,0.0,0.0,0.0,0,6.973487847049174,117.48820305647232,63.05483870597411,65.73656791785392,97.66218212385796,552,6.973487847049174,105.70488519529006,56.20079425895659,58.01460484916319,91.16626675035893,552,-21.44727667330457,45.3527003049806,6.854044447017521,5.604662203185928,24.252608853757387,552,1.0,1.0,1.0,1.0,1.0,552,1.0,1.0540419947807942,1.000344645808707,1.0,1.0,552,0.6,2.6666666666666665,1.2033981366861801,1.1428571428571428,1.6666666666666667,552,0.4938601343092189,3.3808479302108436,1.1813761773725526,1.1020268005298028,1.6898002693587095,552,0.6,2.6666666666666665,1.2033981366861801,1.1428571428571428,1.6666666666666667,552,0.4938601343092189,3.3808479302108436,1.1809136188094316,1.1020268005298028,1.6898002693587095,552,552.0,0.0,0.0,0.0,552.0,552.0,0.0,0.0,0.0,0.0,0.0,0.0,1.0,398.0,0.7210144927536232,552.0,0.0,0.0,117.34569445252419,351.0,351.0,4563.0,9477.0,1.0,7.0,10.0,10.0,10.0,7.0,0.0,161.0,161.0,114.0,20.0,0.0,0.05263157894736842,1.0,16.0,28.0,2.0,17.0,74.0,3.0,0.0,84231.0,351.0,3012.860469520092,662.0,24.0,24.0,343.5897435897436,360.0,72.37891737891738,84.0,384.0,5.0,0.0,105050.0,48.0,48.0,0.0,24.0,10.0,0.0,0.0,0.0,0.0,0.0,0.0,0.0,0.0,0.0,0.0,0.0,0.0,0.0,40.0,16.0,0.0,1.0,4006.6376328468323
35,2100000000000,0.0,8.0,4.27065527065527,4.0,6.0,351,0.0,24.0,22.905982905982906,24.0,24.0,351,0.0,0.0,0.0,0.0,0.0,351,0.0,8.0,4.27065527065527,4.0,6.0,351,0.0,0.0,0.0,0.0,0.0,0,0.0,0.0,0.0,0.0,0.0,0,7.664275530240324,108.77198441561234,62.62311212249306,64.00547980193741,96.92842989005531,552,6.9535596856142385,106.03273674873755,56.5493205795119,58.79948935647408,91.95088538708829,552,-26.29669159217972,32.72772089091019,6.073791542981155,4.757631811090864,23.335684268460092,552,1.0,1.0,1.0,1.0,1.0,552,1.0,1.0031000228533786,1.00000561598343,1.0,1.0,552,0.6,3.0,1.1879386967702186,1.1428571428571428,1.6666666666666667,552,0.572946824742432,4.0024159282669665,1.167863095881134,1.0893075154814924,1.7168330696098675,552,0.6,3.0,1.1879386967702186,1.1428571428571428,1.6666666666666667,552,0.572946824742432,4.0024159282669665,1.1678574798977042,1.0893075154814924,1.7168330696098675,552,552.0,0.0,0.0,0.0,552.0,552.0,0.0,0.0,0.0,0.0,0.0,0.0,1.0,387.0,0.7010869565217391,552.0,0.0,0.0,117.45511554181576,351.0,351.0,4563.0,9477.0,1.0,7.0,11.0,14.0,14.0,8.0,0.0,184.0,184.0,117.0,20.0,0.0,0.05982905982905983,1.0,12.0,29.0,2.0,18.0,76.0,1.0,0.0,84425.0,351.0,2991.963002830744,662.0,24.0,24.0,343.5897435897436,360.0,71.86039886039886,84.0,384.0,3.0,0.0,105679.0,48.0,48.0,0.0,24.0,10.0,0.0,0.0,0.0,0.0,0.0,0.0,0.0,0.0,0.0,0.0,0.0,0.0,0.0,40.0,16.0,0.0,1.0,3876.4454256743193
36,2160000000000,0.0,9.0,4.27065527065527,4.0,6.0,351,0.0,24.0,22.905982905982906,24.0,24.0,351,0.0,0.0,0.0,0.0,0.0,351,0.0,9.0,4.27065527065527,4.0,6.0,351,0.0,0.0,0.0,0.0,0.0,0,0.0,0.0,0.0,0.0,0.0,0,7.301834791320868,108.63242890420456,62.513711367266836,63.73815314768596,98.0548937240128,552,7.301834791320868,105.20376855505708,56.63827137876274,58.279565552379985,92.77634355527958,552,-28.363244758739214,31.76060910008691,5.8754399885041035,4.5649690185488065,20.051528966665796,552,1.0,1.0,1.0,1.0,1.0,552,1.0,1.0,1.0,1.0,1.0,552,0.5,3.0,1.1869509918422962,1.125,1.6666666666666667,552,0.5428661335386772,3.9784807865992957,1.1646070613556196,1.0775086890104513,1.718128568457859,552,0.5,3.0,1.1869509918422962,1.125,1.6666666666666667,552,0.5428661335386772,3.9784807865992957,1.1646070613556196,1.0775086890104513,1.718128568457859,552,552.0,0.0,0.0,0.0,552.0,552.0,0.0,0.0,0.0,0.0,0.0,0.0,1.0,397.0,0.7192028985507246,552.0,0.0,0.0,107.3971837759018,351.0,351.0,4563.0,9477.0,1.0,7.0,10.0,10.0,10.0,7.0,0.0,161.0,161.0,119.0,20.0,0.0,0.058823529411764705,1.0,11.0,31.0,2.0,18.0,76.0,0.0,0.0,83291.0,351.0,2584.0455889701843,662.0,24.0,24.0,343.5897435897436,360.0,76.02279202279202,84.0,384.0,2.0,0.0,105025.0,48.0,48.0,0.0,24.0,8.0,0.0,0.0,0.0,0.0,0.0,0.0,0.0,0.0,0.0,0.0,0.0,0.0,0.0,40.0,16.0,0.0,1.0,3387.722147628665
37,2220000000000,0.0,9.0,4.256410256410256,4.0,6.0,351,0.0,24.0,22.905982905982906,24.0,24.0,351,0.0,0.0,0.0,0.0,0.0,351,0.0,9.0,4.256410256410256,4.0,6.0,351,0.0,0.0,0.0,0.0,0.0,0,0.0,0.0,0.0,0.0,0.0,0,7.883795937588263,108.668658374035,63.2362723994851,63.85075231430085,98.85269241559129,552,7.883795937588263,104.44118707467028,57.43421561843682,58.831222717559456,93.57183759481502,552,-20.279519344801365,32.59262963935194,5.802056781048273,4.708038528657813,19.114064479131365,552,1.0,1.0,1.0,1.0,1.0,552,1.0,1.0,1.0,1.0,1.0,552,0.6666666666666666,2.3333333333333335,1.1799155906492862,1.125,1.6666666666666667,552,0.5517525995269361,2.539617694267043,1.1537282032966165,1.078459037675552,1.669497119286183,552,0.6666666666666666,2.3333333333333335,1.1799155906492862,1.125,1.6666666666666667,552,0.5517525995269361,2.539617694267043,1.1537282032966165,1.078459037675552,1.669497119286183,552,552.0,0.0,0.0,0.0,552.0,552.0,0.0,0.0,0.0,0.0,0.0,0.0,1.0,405.0,0.7336956521739131,552.0,0.0,0.0,78.89215275645256,351.0,351.0,4563.0,9477.0,1.0,7.0,11.0,11.0,11.0,5.0,0.0,115.0,115.0,129.0,22.0,0.0,0.11627906976744186,1.0,12.0,35.0,3.0,20.0,76.0,0.0,0.0,83558.0,351.0,2348.4134804457426,662.0,24.0,24.0,343.5897435897436,360.0,79.7008547008547,88.0,384.0,3.0,0.0,105338.0,48.0,48.0,0.0,24.0,6.0,0.0,0.0,0.0,0.0,0.0,0.0,0.0,0.0,0.0,0.0,0.0,0.0,0.0,40.0,16.0,0.0,1.0,2998.2773531228304
38,2280000000000,0.0,9.0,4.2592592592592595,4.0,6.0,351,0.0,24.0,22.905982905982906,24.0,24.0,351,0.0,0.0,0.0,0.0,0.0,351,0.0,9.0,4.2592592592592595,4.0,6.0,351,0.0,0.0,0.0,0.0,0.0,0,0.0,0.0,0.0,0.0,0.0,0,8.428130220007068,127.04162479230355,63.85892732550864,64.0035453839151,101.41970782226262,552,8.428130220007068,103.5855280425074,56.880500749459166,58.730976690468275,92.09373009638915,552,-17.372684023797902,36.692207989414975,6.978426576049476,5.7505823917403305,20.458933003648387,552,1.0,1.1428571428571428,1.0002587991718426,1.0,1.0,552,1.0,1.1278968374629368,1.0002359400363867,1.0,1.0,552,0.6666666666666666,2.3333333333333335,1.1998048549678983,1.1428571428571428,1.6666666666666667,552,0.7352321248479761,2.707528780900191,1.1802635078248342,1.1099008746280012,1.6902970032675795,552,0.6666666666666666,2.3333333333333335,1.1995029226007485,1.1428571428571428,1.6666666666666667,552,0.7352321248479761,2.707528780900191,1.1799921732995096,1.1099008746280012,1.6902970032675795,552,552.0,0.0,0.0,0.0,552.0,552.0,0.0,0.0,0.0,0.0,0.0,0.0,1.0,416.0,0.7536231884057971,552.0,0.0,0.0,118.36777441203594,351.0,351.0,4563.0,9477.0,1.0,7.0,10.0,11.0,11.0,6.0,0.0,138.0,138.0,127.0,22.0,0.0,0.11811023622047244,1.0,13.0,33.0,2.0,18.0,76.0,3.0,0.0,84878.0,351.0,3358.5819005966187,662.0,24.0,24.0,343.5897435897436,360.0,81.43304843304843,88.0,384.0,3.0,0.0,105928.0,48.0,48.0,0.0,24.0,5.0,0.0,0.0,0.0,0.0,0.0,0.0,0.0,0.0,0.0,0.0,0.0,0.0,0.0,40.0,16.0,0.0,1.0,4301.43011175096
39,2340000000000,0.0,9.0,4.2592592592592595,4.0,6.0,351,0.0,24.0,22.905982905982906,24.0,24.0,351,0.0,0.0,0.0,0.0,0.0,351,0.0,9.0,4.2592592592592595,4.0,6.0,351,0.0,0.0,0.0,0.0,0.0,0,0.0,0.0,0.0,0.0,0.0,0,8.254428176775548,131.97893747214673,64.36298850153474,67.40026456421356,100.10624864397545,552,8.254428176775548,104.1002743600029,57.45003313356584,59.4150036185478,91.33341835971692,552,-19.32019362919896,53.485440136148554,6.912955367968903,5.414255038729319,22.56612958080288,552,1.0,1.3333333333333333,1.0008626639061422,1.0,1.0,552,1.0,1.3970048150952963,1.0009528426070278,1.0,1.0,552,0.6,2.4,1.205877445823098,1.1428571428571428,1.75,552,0.5587062223157537,3.0586611634804313,1.1863769075925985,1.0952755313245954,1.8253745991338746,552,0.6,2.4,1.2048508757747889,1.1428571428571428,1.75,552,0.5587062223157537,3.0586611634804313,1.1852380835793492,1.0952755313245954,1.8253745991338746,552,552.0,0.0,0.0,0.0,552.0,552.0,0.0,0.0,0.0,0.0,0.0,0.0,1.0,408.0,0.7391304347826086,552.0,0.0,0.0,117.27237701416016,351.0,351.0,4563.0,9477.0,1.0,7.0,13.0,18.0,18.0,10.0,0.0,230.0,230.0,131.0,24.0,0.0,0.16030534351145037,2.0,13.0,37.0,3.0,19.0,78.0,3.0,0.0,84590.0,351.0,3231.198962777853,662.0,24.0,24.0,343.5897435897436,360.0,79.4957264957265,88.0,384.0,3.0,0.0,105388.0,48.0,48.0,0.0,24.0,6.0,0.0,0.0,0.0,0.0,0.0,0.0,0.0,0.0,0.0,0.0,0.0,0.0,0.0,40.0,16.0,0.0,1.0,4200.489092618227
40,2400000000000,0.0,9.0,4.2592592592592595,4.0,6.0,351,0.0,24.0,22.905982905982906,24.0,24.0,351,0.0,0.0,0.0,0.0,0.0,351,0.0,9.0,4.2592592592592595,4.0,6.0,351,0.0,0.0,0.0,0.0,0.0,0,0.0,0.0,0.0,0.0,0.0,0,7.509531810836949,133.20246174474164,63.55620902076067,66.66577667118094,99.54678294096111,552,7.509531810836949,105.36328509543875,56.35640103994815,58.71188928652742,90.63903076455823,552,-22.381724324980866,54.782016853279046,7.1998079808125315,6.025994086992996,24.085191563451627,552,1.0,1.3333333333333333,1.0008626639061422,1.0,1.0,552,1.0,1.3923644664249866,1.0009246779473402,1.0,1.0,552,0.625,2.2,1.2059123847167326,1.125,1.8149999999999977,552,0.6454164020419939,3.382089598059413,1.1989860251671252,1.1021507768101544,1.847778602061486,552,0.625,2.2,1.2048858146684231,1.125,1.8149999999999977,552,0.6454164020419939,3.382089598059413,1.1978654659490466,1.1021507768101544,1.847778602061486,552,552.0,0.0,0.0,0.0,552.0,552.0,0.0,0.0,0.0,0.0,0.0,0.0,1.0,405.0,0.7336956521739131,552.0,0.0,0.0,117.34468303620815,351.0,351.0,4563.0,9477.0,1.0,7.0,10.0,10.0,10.0,6.0,0.0,138.0,138.0,123.0,28.0,0.0,0.18699186991869918,2.0,13.0,43.0,3.0,14.0,76.0,3.0,0.0,85078.0,351.0,3343.7382262200117,662.0,24.0,24.0,343.5897435897436,360.0,77.68376068376068,88.0,384.0,3.0,0.0,105593.0,48.0,48.0,0.0,24.0,7.0,0.0,0.0,0.0,0.0,0.0,0.0,0.0,0.0,0.0,0.0,0.0,0.0,0.0,40.0,16.0,0.0,1.0,4267.772840335965
41,2460000000000,0.0,9.0,4.267806267806268,4.0,6.0,351,0.0,24.0,22.905982905982906,24.0,24.0,351,0.0,0.0,0.0,0.0,0.0,351,0.0,9.0,4.267806267806268,4.0,6.0,351,0.0,0.0,0.0,0.0,0.0,0,0.0,0.0,0.0,0.0,0.0,0,7.169216378351987,107.85601881502188,62.45373430029458,65.0729961014811,96.67390990498136,552,7.169216378351987,102.9267429114305,56.19257266021767,58.28174131167144,89.67103669644945,552,-21.92173441260637,44.13218139815071,6.261161640076892,4.3067353708602205,21.194165168300085,552,1.0,1.0,1.0,1.0,1.0,552,1.0,1.0029890713390683,1.0000054149843098,1.0,1.0,552,0.625,2.5,1.1928227267901181,1.125,1.75,552,0.6538074813633808,3.8070619400794734,1.1902785693075535,1.0819622279205994,1.8198717915437466,552,0.625,2.5,1.1928227267901181,1.125,1.75,552,0.6538074813633808,3.8070619400794734,1.1902727476158763,1.0819622279205994,1.8198717915437466,552,552.0,0.0,0.0,0.0,552.0,552.0,0.0,0.0,0.0,0.0,0.0,0.0,1.0,383.0,0.6938405797101449,552.0,0.0,0.0,89.36492539942265,351.0,351.0,4563.0,9477.0,1.0,7.0,10.0,10.0,10.0,9.0,0.0,207.0,207.0,144.0,28.0,0.0,0.3055555555555556,2.0,15.0,44.0,3.0,14.0,76.0,1.0,0.0,85357.0,351.0,2837.3243045061827,662.0,24.0,24.0,343.5897435897436,360.0,75.96296296296296,88.0,384.0,3.0,0.0,105467.0,48.0,48.0,0.0,24.0,8.0,0.0,0.0,0.0,0.0,0.0,0.0,0.0,0.0,0.0,0.0,0.0,0.0,0.0,40.0,16.0,0.0,1.0,3512.3120471835136
42,2520000000000,0.0,8.0,4.2592592592592595,4.0,6.0,351,0.0,24.0,22.905982905982906,24.0,24.0,351,0.0,0.0,0.0,0.0,0.0,351,0.0,8.0,4.2592592592592595,4.0,6.0,351,0.0,0.0,0.0,0.0,0.0,0,0.0,0.0,0.0,0.0,0.0,0,6.952689291803331,112.53131640547635,62.98174420997039,65.13156516067878,97.2384849847856,552,6.952689291803331,102.83880027756686,56.6539735265488,58.351965040293386,90.95329755367891,552,-22.09021230181674,36.35487735525902,6.3277706834215826,4.6990657086115775,22.840884686911064,552,1.0,1.0,1.0,1.0,1.0,552,1.0,1.00109904474749,1.0000019910230933,1.0,1.0,552,0.6666666666666666,2.5,1.1852067769187333,1.125,1.6666666666666667,552,0.6117109346212773,3.2922064519946033,1.1667121560709026,1.0876781270207618,1.6766135488213816,552,0.6666666666666666,2.5,1.1852067769187333,1.125,1.6666666666666667,552,0.6117109346212773,3.2922064519946033,1.1667099993175636,1.0876781270207618,1.6766135488213816,552,552.0,0.0,0.0,0.0,552.0,552.0,0.0,0.0,0.0,0.0,0.0,0.0,1.0,390.0,0.7065217391304348,552.0,0.0,0.0,81.7200355231762,351.0,351.0,4563.0,9477.0,1.0,7.0,13.0,14.0,14.0,8.0,0.0,184.0,184.0,148.0,28.0,0.0,0.3108108108108108,2.0,11.0,48.0,3.0,14.0,76.0,1.0,0.0,84993.0,351.0,2761.6166323423386,662.0,24.0,24.0,343.5897435897436,360.0,72.48433048433048,84.0,384.0,3.0,0.0,104828.0,48.0,48.0,0.0,24.0,10.0,0.0,0.0,0.0,0.0,0.0,0.0,0.0,0.0,0.0,0.0,0.0,0.0,0.0,40.0,16.0,0.0,1.0,3513.280848041177
43,2580000000000,0.0,9.0,4.267806267806268,4.0,6.0,351,0.0,24.0,22.905982905982906,24.0,24.0,351,0.0,0.0,0.0,0.0,0.0,351,0.0,9.0,4.267806267806268,4.0,6.0,351,0.0,0.0,0.0,0.0,0.0,0,0.0,0.0,0.0,0.0,0.0,0,7.645093509990835,109.6886081535119,62.94235268661419,63.893150720905545,98.17890284574466,552,7.083209378135857,103.27707805787873,56.54442832215129,58.47173925683538,93.25777777065956,552,-29.50094137429093,31.303645831499097,6.397924364462904,5.234731528130496,20.24603300601832,552,1.0,1.0,1.0,1.0,1.0,552,1.0,1.0005294941973186,1.0000019184572366,1.0,1.0,552,0.5,2.2,1.1900830047569178,1.1428571428571428,1.6666666666666667,552,0.5313014510549164,3.4296746074625037,1.176962173271301,1.0950182384336666,1.71036159575869,552,0.5,2.2,1.1900830047569178,1.1428571428571428,1.6666666666666667,552,0.5313014510549164,3.4296746074625037,1.1769600405200074,1.0950182384336666,1.71036159575869,552,552.0,0.0,0.0,0.0,552.0,552.0,0.0,0.0,0.0,0.0,0.0,0.0,1.0,402.0,0.7282608695652174,552.0,0.0,0.0,118.6907235532999,351.0,351.0,4563.0,9477.0,1.0,7.0,11.0,13.0,13.0,7.0,0.0,161.0,161.0,160.0,28.0,0.0,0.35,2.0,15.0,50.0,4.0,14.0,78.0,0.0,0.0,85573.0,351.0,3383.0601684749126,662.0,24.0,24.0,343.5897435897436,360.0,75.86894586894587,88.0,384.0,2.0,0.0,106029.0,48.0,48.0,0.0,24.0,8.0,0.0,0.0,0.0,0.0,0.0,0.0,0.0,0.0,0.0,0.0,0.0,0.0,0.0,40.0,16.0,0.0,1.0,4320.4793855547905
44,2640000000000,0.0,9.0,4.267806267806268,4.0,6.0,351,0.0,24.0,22.905982905982906,24.0,24.0,351,0.0,0.0,0.0,0.0,0.0,351,0.0,9.0,4.267806267806268,4.0,6.0,351,0.0,0.0,0.0,0.0,0.0,0,0.0,0.0,0.0,0.0,0.0,0,7.408294690989191,110.19476612319956,63.16991968904826,64.07111279147776,98.26301749477553,552,7.408294690989191,103.15427171739249,56.79575492859875,58.534542203365625,93.72415968464692,552,-23.061846762279593,31.741194367657286,6.374164760449503,5.299032751635181,19.53082109734145,552,1.0,1.0,1.0,1.0,1.0,552,1.0,1.0,1.0,1.0,1.0,552,0.5555555555555556,2.3333333333333335,1.192931057469101,1.1428571428571428,1.6666666666666667,552,0.569127959800752,3.2271619822795703,1.1738834231517823,1.0945765267677867,1.6798875260662431,552,0.5555555555555556,2.3333333333333335,1.192931057469101,1.1428571428571428,1.6666666666666667,552,0.569127959800752,3.2271619822795703,1.1738834231517823,1.0945765267677867,1.6798875260662431,552,552.0,0.0,0.0,0.0,552.0,552.0,0.0,0.0,0.0,0.0,0.0,0.0,1.0,414.0,0.75,552.0,0.0,0.0,79.44319397211075,351.0,351.0,4563.0,9477.0,1.0,7.0,10.0,10.0,10.0,5.0,0.0,115.0,115.0,162.0,30.0,0.0,0.4074074074074074,3.0,14.0,52.0,4.0,14.0,78.0,0.0,0.0,84174.0,351.0,2295.70141620934,662.0,24.0,24.0,343.5897435897436,360.0,79.77207977207978,92.0,384.0,2.0,0.0,105058.0,48.0,48.0,0.0,24.0,6.0,0.0,0.0,0.0,0.0,0.0,0.0,0.0,0.0,0.0,0.0,0.0,0.0,0.0,40.0,16.0,0.0,1.0,3004.5960042625666
45,2700000000000,0.0,9.0,4.2763532763532766,4.0,6.0,351,0.0,24.0,22.905982905982906,24.0,24.0,351,0.0,0.0,0.0,0.0,0.0,351,0.0,9.0,4.2763532763532766,4.0,6.0,351,0.0,0.0,0.0,0.0,0.0,0,0.0,0.0,0.0,0.0,0.0,0,8.09981016934055,108.17911009159896,63.11119036953892,63.56202446208714,98.69705262214822,552,8.09981016934055,104.01466587369733,56.90438287677338,58.315767584021174,93.68370461397721,552,-18.91985852047157,32.92402074797158,6.206807492765546,4.828228937373943,18.200762626574544,552,1.0,1.0,1.0,1.0,1.0,552,1.0,1.0,1.0,1.0,1.0,552,0.6666666666666666,2.2,1.1842229680544898,1.1339285714285714,1.6299999999999955,552,0.6350696019068798,2.685316147762816,1.1561472225169018,1.0899189220390904,1.6583950176907265,552,0.6666666666666666,2.2,1.1842229680544898,1.1339285714285714,1.6299999999999955,552,0.6350696019068798,2.685316147762816,1.1561472225169018,1.0899189220390904,1.6583950176907265,552,552.0,0.0,0.0,0.0,552.0,552.0,0.0,0.0,0.0,0.0,0.0,0.0,1.0,423.0,0.7663043478260869,552.0,0.0,0.0,117.11929552257061,351.0,351.0,4563.0,9477.0,1.0,7.0,9.0,9.0,9.0,7.0,0.0,161.0,161.0,174.0,30.0,0.0,0.4482758620689655,3.0,16.0,56.0,5.0,14.0,80.0,0.0,0.0,83731.0,351.0,3100.418593734503,662.0,24.0,24.0,343.5897435897436,360.0,79.66951566951568,88.0,384.0,1.0,0.0,104985.0,48.0,48.0,0.0,24.0,6.0,0.0,0.0,0.0,0.0,0.0,0.0,0.0,0.0,0.0,0.0,0.0,0.0,0.0,40.0,16.0,0.0,1.0,3933.562520891428
46,2760000000000,0.0,9.0,4.27065527065527,4.0,6.0,351,0.0,24.0,22.905982905982906,24.0,24.0,351,0.0,0.0,0.0,0.0,0.0,351,0.0,9.0,4.27065527065527,4.0,6.0,351,0.0,0.0,0.0,0.0,0.0,0,0.0,0.0,0.0,0.0,0.0,0,8.300720410384706,141.41943058517435,64.23456394541846,65.61749657142386,100.81546672875945,552,8.300720410384706,103.94451905364704,56.92696846703876,58.52108470850454,92.92011350258208,552,-27.616447623183568,61.41098885812286,7.307595478379691,6.154855492591395,21.41429859768292,552,1.0,1.3333333333333333,1.0006038647342994,1.0,1.0,552,1.0,1.4913591348960045,1.0008901433603188,1.0,1.0,552,0.6,2.2,1.2028199558090862,1.1666666666666667,1.6666666666666667,552,0.6187364939002776,3.084920478531575,1.1884504512069354,1.1182927408088366,1.720733448961316,552,0.6,2.2,1.2020953181279268,1.1666666666666667,1.6666666666666667,552,0.6187364939002776,3.084920478531575,1.1873954547763483,1.1182927408088366,1.7053128526953103,552,552.0,0.0,0.0,0.0,552.0,552.0,0.0,0.0,0.0,0.0,0.0,0.0,1.0,407.0,0.7373188405797102,552.0,0.0,0.0,85.68099699914455,351.0,351.0,4563.0,9477.0,1.0,7.0,11.0,13.0,13.0,8.0,0.0,184.0,184.0,170.0,38.0,0.0,0.49411764705882355,3.0,15.0,60.0,3.0,13.0,78.0,3.0,0.0,86146.0,351.0,2657.057521864772,662.0,24.0,24.0,343.5897435897436,360.0,77.48433048433048,88.0,384.0,3.0,0.0,106200.0,48.0,48.0,0.0,24.0,7.0,0.0,0.0,0.0,0.0,0.0,0.0,0.0,0.0,0.0,0.0,0.0,0.0,0.0,40.0,16.0,0.0,1.0,3382.8267697244883
47,2820000000000,0.0,9.0,4.273504273504273,4.0,6.0,351,0.0,24.0,22.905982905982906,24.0,24.0,351,0.0,0.0,0.0,0.0,0.0,351,0.0,9.0,4.273504273504273,4.0,6.0,351,0.0,0.0,0.0,0.0,0.0,0,0.0,0.0,0.0,0.0,0.0,0,8.089796575202703,141.3522565978538,63.51305458885211,67.0017163785513,101.08251970619565,552,8.089796575202703,104.10783021688387,57.12161352342586,58.88294655307432,89.38175455950358,552,-20.5718991316448,62.31175077703864,6.391441065426257,5.4050977386448,21.893734579971518,552,1.0,1.3333333333333333,1.0006038647342994,1.0,1.0,552,1.0,1.488979205252521,1.0009614019538982,1.0,1.0,552,0.625,2.4,1.1786952982605157,1.125,1.6666666666666667,552,0.6310585214462703,3.2179402206971908,1.1642184506744029,1.089117374937679,1.7392246432783978,552,0.625,2.4,1.1779706605793563,1.125,1.6666666666666667,552,0.6310585214462703,3.2179402206971908,1.163062868949932,1.089117374937679,1.7311636040257927,552,552.0,0.0,0.0,0.0,552.0,552.0,0.0,0.0,0.0,0.0,0.0,0.0,1.0,409.0,0.7409420289855072,552.0,0.0,0.0,85.37665754556656,351.0,351.0,4563.0,9477.0,1.0,7.0,13.0,17.0,17.0,9.0,0.0,207.0,207.0,186.0,38.0,0.0,0.5268817204301075,3.0,13.0,64.0,4.0,13.0,80.0,3.0,0.0,86694.0,351.0,2802.7148228138685,662.0,24.0,24.0,343.5897435897436,360.0,77.83760683760684,88.0,384.0,2.0,0.0,106320.0,48.0,48.0,0.0,24.0,7.0,0.0,0.0,0.0,0.0,0.0,0.0,0.0,0.0,0.0,0.0,0.0,0.0,0.0,40.0,16.0,0.0,1.0,3576.2251168489456
48,2880000000000,0.0,9.0,4.264957264957265,4.0,6.0,351,0.0,24.0,22.905982905982906,24.0,24.0,351,0.0,0.0,0.0,0.0,0.0,351,0.0,9.0,4.264957264957265,4.0,6.0,351,0.0,0.0,0.0,0.0,0.0,0,0.0,0.0,0.0,0.0,0.0,0,7.768757811779241,142.09221749767633,63.513820060232995,66.68765776093102,99.69053156636376,552,7.768757811779241,105.08129798155831,56.37449917919058,58.59824950914181,90.78781595574067,552,-20.59384281556828,63.55970461561755,7.139320881042422,5.418716484260674,23.055554683582145,552,1.0,1.3333333333333333,1.0006038647342994,1.0,1.0,552,1.0,1.482645834099614,1.0009409655047452,1.0,1.0,552,0.6666666666666666,2.5,1.2109963506702637,1.1428571428571428,1.8,552,0.6701933703699038,3.1889101447016537,1.1912955829875003,1.097805328866596,1.8016366137717719,552,0.6666666666666666,2.5,1.2102717129891043,1.1428571428571428,1.8,552,0.6701933703699038,3.1889101447016537,1.190146711591897,1.097805328866596,1.795870267806609,552,552.0,0.0,0.0,0.0,552.0,552.0,0.0,0.0,0.0,0.0,0.0,0.0,1.0,399.0,0.7228260869565217,552.0,0.0,0.0,117.25308373570442,351.0,351.0,4563.0,9477.0,1.0,7.0,9.0,10.0,10.0,5.0,0.0,115.0,115.0,188.0,38.0,0.0,0.5319148936170213,3.0,17.0,62.0,3.0,13.0,80.0,3.0,0.0,86134.0,351.0,2753.637310117483,662.0,24.0,24.0,343.5897435897436,360.0,79.76638176638177,92.0,384.0,3.0,0.0,105924.0,48.0,48.0,0.0,24.0,6.0,0.0,0.0,0.0,0.0,0.0,0.0,0.0,0.0,0.0,0.0,0.0,0.0,0.0,40.0,16.0,0.0,1.0,3612.3154144734144
49,2940000000000,0.0,9.0,4.273504273504273,4.0,6.0,351,0.0,24.0,22.905982905982906,24.0,24.0,351,0.0,0.0,0.0,0.0,0.0,351,0.0,9.0,4.273504273504273,4.0,6.0,351,0.0,0.0,0.0,0.0,0.0,0,0.0,0.0,0.0,0.0,0.0,0,7.409476967229109,115.97012716241935,63.431960086019686,66.62756053695674,97.81793745867766,552,7.409476967229109,103.41483449745441,56.32109558915588,57.71715965677562,91.02666951701181,552,-22.16057479361467,43.57181019887617,7.110864496863802,5.075919842199724,22.273660526257654,552,1.0,1.0,1.0,1.0,1.0,552,1.0,1.0231922876666222,1.0000555892887717,1.0,1.0,552,0.6666666666666666,2.2,1.203791699443873,1.1428571428571428,1.7724999999999966,552,0.5947666616131585,3.739049504478088,1.198754717045701,1.0964372480535252,1.7970224098368466,552,0.6666666666666666,2.2,1.203791699443873,1.1428571428571428,1.7724999999999966,552,0.5947666616131585,3.739049504478088,1.1986912077020888,1.0964372480535252,1.7970224098368466,552,552.0,0.0,0.0,0.0,552.0,552.0,0.0,0.0,0.0,0.0,0.0,0.0,1.0,393.0,0.7119565217391305,552.0,0.0,0.0,85.19702777266502,351.0,351.0,4563.0,9477.0,1.0,7.0,11.0,14.0,14.0,6.0,0.0,138.0,138.0,180.0,40.0,0.0,0.6222222222222222,4.0,15.0,60.0,3.0,13.0,76.0,0.0,0.0,86417.0,351.0,2445.806900039315,662.0,24.0,24.0,343.5897435897436,360.0,74.06267806267806,88.0,384.0,3.0,0.0,105689.0,48.0,48.0,0.0,24.0,9.0,0.0,0.0,0.0,0.0,0.0,0.0,0.0,0.0,0.0,0.0,0.0,0.0,0.0,40.0,16.0,0.0,1.0,3105.2306946367025
50,3000000000000,0.0,9.0,4.279202279202279,4.0,6.0,351,0.0,24.0,22.905982905982906,24.0,24.0,351,0.0,0.0,0.0,0.0,0.0,351,0.0,9.0,4.279202279202279,4.0,6.0,351,0.0,0.0,0.0,0.0,0.0,0,0.0,0.0,0.0,0.0,0.0,0,7.071782097667047,110.80473363249303,63.329631225089315,64.6015765338353,97.67210469929543,552,7.071782097667047,103.39109187144912,56.717302041515254,58.4338436543953,89.59568644613944,552,-20.890481159811976,44.88853121172881,6.612329183574062,5.474374949954669,22.78849873329005,552,1.0,1.0,1.0,1.0,1.0,552,1.0,1.0049691992703014,1.0000090021725911,1.0,1.0,552,0.6666666666666666,2.5,1.1902861882481448,1.1428571428571428,1.6666666666666667,552,0.4867682084484738,3.5770389776696008,1.1779144763393177,1.0990021560396896,1.727176232742713,552,0.6666666666666666,2.5,1.1902861882481448,1.1428571428571428,1.6666666666666667,552,0.4867682084484738,3.5770389776696008,1.1779042550323113,1.0990021560396896,1.727176232742713,552,552.0,0.0,0.0,0.0,552.0,552.0,0.0,0.0,0.0,0.0,0.0,0.0,1.0,413.0,0.7481884057971014,552.0,0.0,0.0,80.84003441035748,351.0,351.0,4563.0,9477.0,1.0,7.0,14.0,15.0,15.0,11.0,0.0,253.0,253.0,189.0,38.0,0.0,0.5925925925925926,4.0,12.0,63.0,4.0,16.0,85.0,0.0,0.0,85700.0,351.0,2471.7931281775236,662.0,24.0,24.0,343.5897435897436,360.0,72.27065527065527,84.0,384.0,3.0,0.0,105418.0,48.0,48.0,0.0,24.0,10.0,0.0,0.0,0.0,0.0,0.0,0.0,0.0,0.0,0.0,0.0,0.0,0.0,0.0,40.0,16.0,0.0,1.0,3176.533257588744
51,3060000000000,0.0,9.0,4.262108262108262,4.0,6.0,351,0.0,24.0,22.905982905982906,24.0,24.0,351,0.0,0.0,0.0,0.0,0.0,351,0.0,9.0,4.262108262108262,4.0,6.0,351,0.0,0.0,0.0,0.0,0.0,0,0.0,0.0,0.0,0.0,0.0,0,7.76241467355393,110.22783369132844,63.2894787532347,64.42928662297109,97.51989095912103,552,7.352920966410703,103.14545782376709,56.96385404198868,58.824540556656956,92.4762722586807,552,-28.707473225966865,37.469917346015514,6.325624711246019,5.546413025081332,19.7717781461021,552,1.0,1.0,1.0,1.0,1.0,552,1.0,1.006288198369772,1.0000286022995566,1.0,1.0,552,0.5714285714285714,2.1666666666666665,1.1916595431541084,1.1428571428571428,1.6666666666666667,552,0.5865835889697201,3.372849403379717,1.1770630064758707,1.0945931210158308,1.6923458246651535,552,0.5714285714285714,2.1666666666666665,1.1916595431541084,1.1428571428571428,1.6666666666666667,552,0.5865835889697201,3.372849403379717,1.1770257955154493,1.0945931210158308,1.6923458246651535,552,552.0,0.0,0.0,0.0,552.0,552.0,0.0,0.0,0.0,0.0,0.0,0.0,1.0,428.0,0.7753623188405797,552.0,0.0,0.0,77.81590521335602,351.0,351.0,4563.0,9477.0,1.0,7.0,10.0,11.0,11.0,6.0,0.0,138.0,138.0,190.0,38.0,0.0,0.5684210526315789,4.0,14.0,64.0,4.0,15.0,86.0,0.0,0.0,85970.0,351.0,3292.188772931695,662.0,24.0,24.0,343.5897435897436,360.0,77.78632478632478,88.0,384.0,3.0,0.0,106030.0,48.0,48.0,0.0,24.0,7.0,0.0,0.0,0.0,0.0,0.0,0.0,0.0,0.0,0.0,0.0,0.0,0.0,0.0,40.0,16.0,0.0,1.0,4053.267676383257
52,3120000000000,0.0,9.0,4.282051282051282,4.0,6.0,351,0.0,24.0,22.905982905982906,24.0,24.0,351,0.0,0.0,0.0,0.0,0.0,351,0.0,9.0,4.282051282051282,4.0,6.0,351,0.0,0.0,0.0,0.0,0.0,0,0.0,0.0,0.0,0.0,0.0,0,7.69888780857856,110.57641018656308,63.22970077617589,64.3439331059243,98.32623868819347,552,7.641055716618461,102.1954849085843,57.07763105513653,57.87692595315896,93.86238182670849,552,-19.002562158253546,33.16371779391064,6.152069721039367,5.371500596873439,20.065760943460116,552,1.0,1.0,1.0,1.0,1.0,552,1.0,1.0046063943639276,1.0000210418589814,1.0,1.0,552,0.5,2.2,1.1900393688437167,1.1428571428571428,1.6666666666666667,552,0.4182207730633049,3.6091120078344376,1.1678779940857076,1.08932581720103,1.6853885580725978,552,0.5,2.2,1.1900393688437167,1.1428571428571428,1.6666666666666667,552,0.4182207730633049,3.6091120078344376,1.16785262954429,1.08932581720103,1.6853885580725978,552,552.0,0.0,0.0,0.0,552.0,552.0,0.0,0.0,0.0,0.0,0.0,0.0,1.0,418.0,0.7572463768115942,552.0,0.0,0.0,77.54204422235489,351.0,351.0,4563.0,9477.0,1.0,7.0,11.0,12.0,12.0,6.0,0.0,138.0,138.0,194.0,36.0,0.0,0.5360824742268041,4.0,14.0,62.0,4.0,18.0,92.0,0.0,0.0,85132.0,351.0,2628.1359624117613,662.0,24.0,24.0,343.5897435897436,360.0,77.68376068376068,88.0,384.0,3.0,0.0,105559.0,48.0,48.0,0.0,24.0,7.0,0.0,0.0,0.0,0.0,0.0,0.0,0.0,0.0,0.0,0.0,0.0,0.0,0.0,40.0,16.0,0.0,1.0,3324.8261492699385
53,3180000000000,0.0,9.0,4.27065527065527,4.0,6.0,351,0.0,24.0,22.905982905982906,24.0,24.0,351,0.0,0.0,0.0,0.0,0.0,351,0.0,9.0,4.27065527065527,4.0,6.0,351,0.0,0.0,0.0,0.0,0.0,0,0.0,0.0,0.0,0.0,0.0,0,8.147913864464195,109.83423236690723,62.96488490366618,63.169412330790955,99.37530960510367,552,8.147913864464195,103.91910087934625,56.911193080322334,58.62828727003314,93.1918482570264,552,-18.19652818017377,33.06623528080377,6.053691823343856,4.99888382900215,18.68379126163314,552,1.0,1.0,1.0,1.0,1.0,552,1.0,1.0,1.0,1.0,1.0,552,0.7142857142857143,2.2,1.186305125027951,1.125,1.6666666666666667,552,0.6951059679713354,2.479430792908041,1.1621704509982451,1.0852766055465568,1.6730510028947512,552,0.7142857142857143,2.2,1.186305125027951,1.125,1.6666666666666667,552,0.6951059679713354,2.479430792908041,1.1621704509982451,1.0852766055465568,1.6730510028947512,552,552.0,0.0,0.0,0.0,552.0,552.0,0.0,0.0,0.0,0.0,0.0,0.0,1.0,405.0,0.7336956521739131,552.0,0.0,0.0,77.99743302166462,351.0,351.0,4563.0,9477.0,1.0,7.0,9.0,9.0,9.0,7.0,0.0,161.0,161.0,201.0,36.0,0.0,0.5472636815920398,4.0,14.0,67.0,5.0,18.0,95.0,0.0,0.0,84239.0,351.0,2941.4573553949594,662.0,24.0,24.0,343.5897435897436,360.0,79.21367521367522,84.0,384.0,2.0,0.0,105421.0,48.0,48.0,0.0,24.0,6.0,0.0,0.0,0.0,0.0,0.0,0.0,0.0,0.0,0.0,0.0,0.0,0.0,0.0,40.0,16.0,0.0,1.0,3719.325128942728
54,3240000000000,0.0,9.0,4.279202279202279,4.0,6.0,351,0.0,24.0,22.905982905982906,24.0,24.0,351,0.0,0.0,0.0,0.0,0.0,351,0.0,9.0,4.279202279202279,4.0,6.0,351,0.0,0.0,0.0,0.0,0.0,0,0.0,0.0,0.0,0.0,0.0,0,8.039544727305982,111.19513934236265,63.33187456054925,65.21815436748757,98.82948386415886,552,8.039544727305982,104.20642658945661,56.50218478889894,57.932820046126096,91.87608078528163,552,-21.27489257942125,38.95553724238469,6.829689771650314,5.591603396615011,21.885117073202487,552,1.0,1.0,1.0,1.0,1.0,552,1.0,1.0003916766985146,1.0000007095592365,1.0,1.0,552,0.625,2.2,1.2007275584721238,1.1428571428571428,1.6666666666666667,552,0.5909657895907726,2.874410426492084,1.1844769937763928,1.101596690981096,1.7690578952403346,552,0.625,2.2,1.2007275584721238,1.1428571428571428,1.6666666666666667,552,0.5909657895907726,2.874410426492084,1.184476197085829,1.101596690981096,1.7690578952403346,552,552.0,0.0,0.0,0.0,552.0,552.0,0.0,0.0,0.0,0.0,0.0,0.0,1.0,403.0,0.730072463768116,552.0,0.0,0.0,85.16188524663448,351.0,351.0,4563.0,9477.0,1.0,7.0,11.0,14.0,14.0,8.0,0.0,184.0,184.0,194.0,38.0,0.0,0.6391752577319587,4.0,10.0,62.0,4.0,15.0,86.0,0.0,0.0,85697.0,351.0,2995.0366728007793,662.0,24.0,24.0,343.5897435897436,360.0,79.58119658119658,88.0,384.0,2.0,0.0,106281.0,48.0,48.0,0.0,24.0,6.0,0.0,0.0,0.0,0.0,0.0,0.0,0.0,0.0,0.0,0.0,0.0,0.0,0.0,40.0,16.0,0.0,1.0,3692.2150272876024
55,3300000000000,0.0,8.0,4.273504273504273,4.0,6.0,351,0.0,24.0,22.905982905982906,24.0,24.0,351,0.0,0.0,0.0,0.0,0.0,351,0.0,8.0,4.273504273504273,4.0,6.0,351,0.0,0.0,0.0,0.0,0.0,0,0.0,0.0,0.0,0.0,0.0,0,8.023423991540175,111.56312300748095,63.52132468888706,66.44356306784826,99.01799184927053,552,8.023423991540175,104.57620870431984,56.67977076606592,58.1146729504036,89.28686466697326,552,-23.525337816860745,38.945773916666006,6.841553922821136,5.289271152602318,23.120220019102973,552,1.0,1.0,1.0,1.0,1.0,552,1.0,1.0004530030865004,1.0000008206577653,1.0,1.0,552,0.5714285714285714,2.4,1.1941996962377397,1.1428571428571428,1.6666666666666667,552,0.4220156912841084,2.8656976478645366,1.1830959904351812,1.0956285040566187,1.7896581210659877,552,0.5714285714285714,2.4,1.1941996962377397,1.1428571428571428,1.6666666666666667,552,0.4220156912841084,2.8656976478645366,1.1830949637519472,1.0956285040566187,1.7896581210659877,552,552.0,0.0,0.0,0.0,552.0,552.0,0.0,0.0,0.0,0.0,0.0,0.0,1.0,406.0,0.7355072463768116,552.0,0.0,0.0,78.2009344547987,351.0,351.0,4563.0,9477.0,1.0,7.0,10.0,11.0,11.0,6.0,0.0,138.0,138.0,194.0,38.0,0.0,0.6391752577319587,4.0,9.0,64.0,4.0,14.0,86.0,0.0,0.0,86237.0,351.0,2555.6399822235107,662.0,24.0,24.0,343.5897435897436,360.0,77.75213675213675,88.0,384.0,2.0,0.0,106134.0,48.0,48.0,0.0,24.0,7.0,0.0,0.0,0.0,0.0,0.0,0.0,0.0,0.0,0.0,0.0,0.0,0.0,0.0,40.0,16.0,0.0,1.0,3226.423304527998
56,3360000000000,0.0,9.0,4.267806267806268,4.0,6.0,351,0.0,24.0,22.905982905982906,24.0,24.0,351,0.0,0.0,0.0,0.0,0.0,351,0.0,9.0,4.267806267806268,4.0,6.0,351,0.0,0.0,0.0,0.0,0.0,0,0.0,0.0,0.0,0.0,0.0,0,7.666767670986573,114.76929482962001,63.36507855847146,67.16238090889584,98.7535332090712,552,7.666767670986573,106.04567775258808,56.45868594673909,58.365288771512276,89.62838653426208,552,-20.722608080249714,39.027358283028335,6.906392611732365,5.099516326718913,22.105012896380778,552,1.0,1.0,1.0,1.0,1.0,552,1.0,1.0,1.0,1.0,1.0,552,0.6666666666666666,2.4,1.203761606750737,1.1428571428571428,1.752857142857137,552,0.6533550642827342,3.5020702371583705,1.1894165577839306,1.0906271452998064,1.8308048339615697,552,0.6666666666666666,2.4,1.203761606750737,1.1428571428571428,1.752857142857137,552,0.6533550642827342,3.5020702371583705,1.1894165577839306,1.0906271452998064,1.8308048339615697,552,552.0,0.0,0.0,0.0,552.0,552.0,0.0,0.0,0.0,0.0,0.0,0.0,1.0,412.0,0.7463768115942029,552.0,0.0,0.0,79.71680350601673,351.0,351.0,4563.0,9477.0,1.0,7.0,12.0,13.0,13.0,5.0,0.0,115.0,115.0,191.0,38.0,0.0,0.6596858638743456,4.0,7.0,59.0,3.0,12.0,81.0,0.0,0.0,86072.0,351.0,2381.9491993635893,662.0,24.0,24.0,343.5897435897436,360.0,74.12535612535612,84.0,384.0,2.0,0.0,105839.0,48.0,48.0,0.0,24.0,9.0,0.0,0.0,0.0,0.0,0.0,0.0,0.0,0.0,0.0,0.0,0.0,0.0,0.0,40.0,16.0,0.0,1.0,3042.8404454141855
57,3420000000000,0.0,9.0,4.250712250712251,4.0,6.0,351,0.0,24.0,22.905982905982906,24.0,24.0,351,0.0,0.0,0.0,0.0,0.0,351,0.0,9.0,4.250712250712251,4.0,6.0,351,0.0,0.0,0.0,0.0,0.0,0,0.0,0.0,0.0,0.0,0.0,0,7.499892225440841,116.10547443548438,63.40542470280173,66.15430605608948,98.17850028333443,552,7.499892225440841,100.78732489618392,56.45680247550257,58.55616007084164,89.63536556991781,552,-22.28969679645182,42.98072433725179,6.9486222272991665,5.357529298301422,22.875375155150447,552,1.0,1.0,1.0,1.0,1.0,552,1.0,1.0,1.0,1.0,1.0,552,0.625,2.5,1.1987249566053915,1.1428571428571428,1.8,552,0.6507682355013543,3.4424949800695255,1.2001925269718816,1.090927669520086,1.791355849216109,552,0.625,2.5,1.1987249566053915,1.1428571428571428,1.8,552,0.6507682355013543,3.4424949800695255,1.2001925269718816,1.090927669520086,1.791355849216109,552,552.0,0.0,0.0,0.0,552.0,552.0,0.0,0.0,0.0,0.0,0.0,0.0,1.0,405.0,0.7336956521739131,552.0,0.0,0.0,111.65024526417255,351.0,351.0,4563.0,9477.0,1.0,7.0,9.0,11.0,11.0,7.0,0.0,161.0,161.0,180.0,40.0,0.0,0.6666666666666666,4.0,13.0,62.0,3.0,12.0,76.0,0.0,0.0,84616.0,351.0,2618.7046989798546,662.0,24.0,24.0,343.5897435897436,360.0,75.78632478632478,88.0,384.0,2.0,0.0,105037.0,48.0,48.0,0.0,24.0,8.0,0.0,0.0,0.0,0.0,0.0,0.0,0.0,0.0,0.0,0.0,0.0,0.0,0.0,40.0,16.0,0.0,1.0,3488.2167391479015
58,3480000000000,0.0,9.0,4.256410256410256,4.0,6.0,351,0.0,24.0,22.905982905982906,24.0,24.0,351,0.0,0.0,0.0,0.0,0.0,351,0.0,9.0,4.256410256410256,4.0,6.0,351,0.0,0.0,0.0,0.0,0.0,0,0.0,0.0,0.0,0.0,0.0,0,7.3206728235971825,113.38713452669704,63.836396403896316,65.61613594803768,99.26600678186578,552,7.3206728235971825,104.71433852647755,57.00596214667742,58.970528759773686,90.16749450761188,552,-32.10416884663458,47.75415301250939,6.830434257218895,5.371028056633911,23.909765596356443,552,1.0,1.0,1.0,1.0,1.0,552,1.0,1.0252291223456558,1.0003025050364274,1.0,1.0,552,0.5,2.0,1.1930457073120115,1.1428571428571428,1.75,552,0.3901964258657311,3.4932022853941915,1.1862749116062858,1.0984465440738567,1.7422748127126468,552,0.5,2.0,1.1930457073120115,1.1428571428571428,1.75,552,0.3901964258657311,3.4932022853941915,1.1858791864625424,1.0984465440738567,1.7422748127126468,552,552.0,0.0,0.0,0.0,552.0,552.0,0.0,0.0,0.0,0.0,0.0,0.0,1.0,417.0,0.7554347826086957,552.0,0.0,0.0,116.87750555574894,351.0,351.0,4563.0,9477.0,1.0,7.0,12.0,15.0,15.0,10.0,0.0,230.0,230.0,188.0,38.0,0.0,0.6276595744680851,4.0,13.0,60.0,4.0,14.0,86.0,1.0,0.0,84529.0,351.0,2339.5701367408037,662.0,24.0,24.0,343.5897435897436,360.0,76.13105413105413,88.0,384.0,4.0,0.0,104887.0,48.0,48.0,0.0,24.0,8.0,0.0,0.0,0.0,0.0,0.0,0.0,0.0,0.0,0.0,0.0,0.0,0.0,0.0,40.0,16.0,0.0,1.0,3152.972547337413
59,3540000000000,0.0,8.0,4.2592592592592595,4.0,6.0,351,0.0,24.0,22.905982905982906,24.0,24.0,351,0.0,0.0,0.0,0.0,0.0,351,0.0,8.0,4.2592592592592595,4.0,6.0,351,0.0,0.0,0.0,0.0,0.0,0,0.0,0.0,0.0,0.0,0.0,0,8.006714515146342,111.07090336489578,63.95407804371958,64.88843997232973,98.20231656237625,552,7.750942153454708,103.17463558649179,57.15773721048471,59.2994391924329,92.68170086081433,552,-29.934669843980195,38.05824373624306,6.79634083323486,5.673863802727013,19.095069630722698,552,1.0,1.0,1.0,1.0,1.0,552,1.0,1.0,1.0,1.0,1.0,552,0.625,2.1666666666666665,1.1954075564129913,1.1428571428571428,1.6666666666666667,552,0.5516214973188126,3.275386064580565,1.1867847491745376,1.101483303558231,1.7154339941610102,552,0.625,2.1666666666666665,1.1954075564129913,1.1428571428571428,1.6666666666666667,552,0.5516214973188126,3.275386064580565,1.1867847491745376,1.101483303558231,1.7154339941610102,552,552.0,0.0,0.0,0.0,552.0,552.0,0.0,0.0,0.0,0.0,0.0,0.0,1.0,439.0,0.7952898550724637,552.0,0.0,0.0,118.72364394366741,351.0,351.0,4563.0,9477.0,1.0,7.0,9.0,11.0,11.0,6.0,0.0,138.0,138.0,186.0,38.0,0.0,0.5913978494623656,4.0,15.0,62.0,4.0,15.0,88.0,0.0,0.0,85673.0,351.0,3351.8710881471634,662.0,24.0,24.0,343.5897435897436,360.0,79.57549857549857,88.0,384.0,3.0,0.0,106231.0,48.0,48.0,0.0,24.0,6.0,0.0,0.0,0.0,0.0,0.0,0.0,0.0,0.0,0.0,0.0,0.0,0.0,0.0,40.0,16.0,0.0,1.0,4295.733092352748
