constellation,algorithm,isl,deliverable_per_snapshot,delivery_rate,non_optimal_egress_rate,stretch_dist_shared,stretch_hop_shared,fstate_proxy,fstate_installed,fstate_markers,fstate_neighbors,fstate_updates_per_snapshot,compute_time_ms,explicit_failover_delivered_rate,explicit_failover_protected_repair_rate,explicit_failover_egress_not_visible_rate,explicit_failover_dynamic_egress_repair_rate,explicit_failover_dynamic_egress_unavailable_rate,srv6_srh_bytes_mean,strict_header_bytes_mean,aux_decisions_per_sat_mean,aux_decisions_per_sat_max,aux_distance_evals_per_sat_mean,aux_distance_evals_per_sat_max,aux_cache_pairs_per_sat_mean,aux_cache_pairs_per_sat_max,aux_forwarding_exceptions_isolated,aux_forwarding_exceptions,aux_local_detour_entries,aux_lsdb_node_entries,aux_lsdb_link_entries,aux_spf_tree_entries_per_sat,aux_spf_all_pairs_entries,aux_spf_all_pairs_build_ms,aux_lsdb_entries,aux_geometry_build_ms,aux_geometry_row_edge_entries,aux_geometry_plane_edge_entries,aux_path_cost_row_entries,aux_path_cost_plane_entries,aux_pivot_cache_entries,aux_geometry_entries,aux_path_cost_entries
kuiper,dra_routing,grid,552.0,1.0,0.28319746376811594,1.0352330863833288,1.0,4.30981353325644,24.0,0.0,4.30981353325644,0.029455137781804513,1579.1374779202872,,,,,,,,24.0,24.0,478.14444444444445,492.0,89.88384275278739,96.0,0.0,0.0,0.0,,,,,,,,,,,,,,
kuiper,dra_routing,grid_seam,552.0,0.872277576489533,0.26857198899266754,1.0323672895831892,1.0000083170357892,4.2509900038446755,24.0,0.0,4.2509900038446755,0.029455137781804513,1585.5421324622714,,,,,,,,24.0,24.0,476.73267973856207,492.0,88.56914888504421,96.0,0.0,0.0,0.0,,,,,,,,,,,,,,
kuiper,dra_routing,ring,137.54722222222222,0.8854332855383,0.0002736976553234194,1.0000106309635919,1.0000114040689718,2.3098135332564396,24.0,0.0,2.3098135332564396,0.029455137781804513,1426.490685861144,,,,,,,,24.0,24.0,430.14444444444445,444.0,44.941921376393694,48.0,0.0,0.0,0.0,,,,,,,,,,,,,,
kuiper,explicit_path_routing,grid,552.0,1.0,0.26848832528180355,1.0199932890594825,1.0355473866049205,4.797645136485967,24.0,0.0,4.30981353325644,0.7466964173839289,1184.432422918164,1.0,0.0,0.0,0.20815720611916264,0.0,174.48562801932368,61.170048309178746,,,,,,,,,,,,,,,,,,,,,,,
kuiper,explicit_path_routing,grid_seam,552.0,1.0,0.2559832930756844,1.0207782568697141,1.035424602295435,4.738821607074202,24.0,0.0,4.2509900038446755,0.7469590654547908,1170.942372073316,1.0,0.0,0.0,0.21746175523349437,0.0,191.23071658615137,65.35632045088566,,,,,,,,,,,,,,,,,,,,,,,
kuiper,explicit_path_routing,ring,137.54722222222222,0.9830361290061999,0.14242866240729707,1.0310685433872921,1.0323212917723226,2.446484525182622,5.915176855055748,18.084823144944252,2.3098135332564396,0.23117367543445366,365.8208523514784,0.9825797335486476,0.0,0.017420266451352442,0.18060153411384738,0.017420266451352442,117.97448526443279,45.683084376261604,,,,,,,,,,,,,,,,,,,,,,,
kuiper,shortest_path_link_state,grid,552.0,1.0,0.0,1.0,1.0109373247043327,1156.0,24.0,0.0,4.30981353325644,32.45069927036848,7903.121091678946,,,,,,,,,,,,,,,,,1156.0,2312.0,1156.0,1336336.0,5819.778451949565,3468.0,,,,,,,,
kuiper,shortest_path_link_state,grid_seam,552.0,1.0,0.0,1.0,1.0106147493984559,1156.0,24.0,0.0,4.2509900038446755,32.40953822131835,7429.625208168808,,,,,,,,,,,,,,,,,1156.0,2278.0,1156.0,1336336.0,5409.113924298435,3434.0,,,,,,,,
kuiper,shortest_path_link_state,ring,137.54722222222222,1.0,0.0,1.0,1.0,1156.0,5.923202614379085,18.076797385620917,2.3098135332564396,7.71749428921167,7080.52408949265,,,,,,,,,,,,,,,,,1156.0,1156.0,1156.0,1336336.0,5678.760972401748,2312.0,,,,,,,,
kuiper,topological_routing,grid,552.0,1.0,0.0,1.000000000459459,1.0109373247043327,4.30981353325644,24.0,0.0,4.30981353325644,0.029455137781804513,5304.491225562782,,,,,,,,24.0,24.0,478.14444444444445,492.0,91.47985390234524,96.0,0.0,0.0,0.0,,,,,,,687.4628434061176,1156.0,1156.0,39304.0,39304.0,308625.625,2312.0,78608.0
kuiper,topological_routing,grid_seam,552.0,1.0,0.0,1.0000000003675342,1.0106147493984559,4.2509900038446755,24.0,0.0,4.2509900038446755,0.029455137781804513,5255.48857661585,,,,,,,,24.0,24.0,476.73267973856207,492.0,89.88555123029603,96.0,0.0,0.0,0.0,,,,,,,600.4561570162574,1156.0,1156.0,39304.0,39304.0,308625.625,2312.0,78608.0
kuiper,topological_routing,ring,137.54722222222222,1.0,0.0,1.0,1.0,2.3098135332564396,5.923202614379085,0.0,2.3098135332564396,0.029455137781804513,4258.379013396592,,,,,,,,5.923202614379085,11.0,113.3015522875817,226.0,9.847693194925029,20.0,0.0,0.0,0.0,,,,,,,416.34512283942763,1156.0,1156.0,39304.0,39304.0,308625.625,2312.0,78608.0
oneweb,dra_routing,grid,552.0,0.8023299114331723,0.27084339465250035,1.063683522135928,1.0057719789910977,4.507676681783825,24.0,0.0,4.507676681783825,0.038324522009360845,1044.3019308098073,,,,,,,,24.0,24.0,512.5138888888889,533.0,81.63952664399093,96.0,0.0,0.0,0.0,,,,,,,,,,,,,,
oneweb,dra_routing,grid_seam,552.0,0.8023299114331723,0.27084339465250035,1.063683522135928,1.0057719789910977,4.507676681783825,24.0,0.0,4.507676681783825,0.038324522009360845,1112.238332008322,,,,,,,,24.0,24.0,512.5138888888889,533.0,81.63952664399093,96.0,0.0,0.0,0.0,,,,,,,,,,,,,,
oneweb,dra_routing,ring,155.7,0.8120673660172697,0.05846038929654203,1.0081019575340684,1.0143681326835892,2.6743433484504915,24.0,0.0,2.6743433484504915,0.038324522009360845,914.7416760782814,,,,,,,,24.0,24.0,468.5138888888889,485.0,42.59720332577475,48.0,0.0,0.0,0.0,,,,,,,,,,,,,,
oneweb,explicit_path_routing,grid,552.0,1.0,0.2483947262479871,1.0090848808748853,1.042049943292258,5.427744708994709,24.0,0.0,4.507676681783825,0.9852149773558448,657.2158742799527,1.0,0.0,0.0,0.19852556360708534,0.0,191.5681964573269,64.88244766505636,,,,,,,,,,,,,,,,,,,,,,,
oneweb,explicit_path_routing,grid_seam,552.0,1.0,0.2483947262479871,1.0090848808748853,1.042049943292258,5.427744708994709,24.0,0.0,4.507676681783825,0.9852149773558448,703.3378408445666,1.0,0.0,0.0,0.19852556360708534,0.0,191.5681964573269,64.88244766505636,,,,,,,,,,,,,,,,,,,,,,,
oneweb,explicit_path_routing,ring,155.7,0.9951473631627774,0.18300466116887773,1.0105159829340098,1.0265704252066274,2.9604213907785333,7.211777210884353,16.788222789115647,2.6743433484504915,0.32609952058817954,218.350502051827,0.9949166146437172,0.0,0.005083385356282886,0.19411397485061982,0.005083385356282886,146.35655043253368,51.010648354588426,,,,,,,,,,,,,,,,,,,,,,,
oneweb,shortest_path_link_state,grid,552.0,1.0,0.0,1.0,1.0201742464601873,588.0,24.0,0.0,4.507676681783825,20.068069846322928,2234.1964484761575,,,,,,,,,,,,,,,,,588.0,1127.0,588.0,345744.0,641.1374199100667,1715.0,,,,,,,,
oneweb,shortest_path_link_state,grid_seam,552.0,1.0,0.0,1.0,1.0201742464601873,588.0,24.0,0.0,4.507676681783825,20.068069846322928,2080.261179515057,,,,,,,,,,,,,,,,,588.0,1127.0,588.0,345744.0,584.0210679245906,1715.0,,,,,,,,
oneweb,shortest_path_link_state,ring,155.7,1.0,0.0,1.0,1.0,588.0,7.2125,16.7875,2.6743433484504915,5.615006726924753,1619.490391243663,,,,,,,,,,,,,,,,,588.0,588.0,588.0,345744.0,597.5483515558558,1176.0,,,,,,,,
oneweb,topological_routing,grid,552.0,1.0,0.0,1.0000000000001668,1.0201742464601873,4.507676681783825,24.0,0.0,4.507676681783825,0.038324522009360845,3253.136088228267,,,,,,,,24.0,24.0,512.5138888888889,533.0,82.46172524565381,96.0,0.0,0.0,0.0,,,,,,,419.8060553572658,588.0,588.0,28812.0,7056.0,134269.72777777776,1176.0,35868.0
oneweb,topological_routing,grid_seam,552.0,1.0,0.0,1.0000000000001668,1.0201742464601873,4.507676681783825,24.0,0.0,4.507676681783825,0.038324522009360845,3629.942340750454,,,,,,,,24.0,24.0,512.5138888888889,533.0,82.46172524565381,96.0,0.0,0.0,0.0,,,,,,,477.92781486900316,588.0,588.0,28812.0,7056.0,134269.72777777776,1176.0,35868.0
oneweb,topological_routing,ring,155.7,1.0,0.0,1.0,1.0,2.6743433484504915,7.2125,0.0,2.6743433484504915,0.038324522009360845,3315.511192862565,,,,,,,,7.2125,11.0,145.6675925925926,212.0,11.710704837490551,22.0,0.0,0.0,0.0,,,,,,,470.15548098004524,588.0,588.0,28812.0,7056.0,134269.72777777776,1176.0,35868.0
starlink,dra_routing,grid,552.0,1.0,0.17721417069243156,1.0197713529324117,1.0,4.231369248035914,24.0,0.0,4.231369248035914,0.024211474072198307,2231.965723504416,,,,,,,,24.0,24.0,486.4888888888889,505.0,90.89906004489337,96.0,0.0,0.0,0.0,,,,,,,,,,,,,,
starlink,dra_routing,grid_seam,552.0,0.8974184782608695,0.1670619900748591,1.018240077397902,1.000000400530302,4.203591470258137,24.0,0.0,4.203591470258137,0.024211474072198307,2178.2936839697263,,,,,,,,24.0,24.0,485.8222222222222,505.0,90.27153303872053,96.0,0.0,0.0,0.0,,,,,,,,,,,,,,
starlink,dra_routing,ring,108.21388888888889,0.9412685781759376,0.0,1.0000137163815357,1.0,2.231369248035915,24.0,0.0,2.231369248035915,0.024211474072198307,1804.3556925116313,,,,,,,,24.0,24.0,438.4888888888889,457.0,45.44953002244669,48.0,0.0,0.0,0.0,,,,,,,,,,,,,,
starlink,explicit_path_routing,grid,552.0,1.0,0.2746527777777778,1.0291507889445637,1.038907008368939,4.59378507295174,24.0,0.0,4.231369248035914,0.6137594609043077,1521.1035082634126,1.0,0.0,0.0,0.2495823268921095,0.0,212.05342190016103,70.68355475040258,,,,,,,,,,,,,,,,,,,,,,,
starlink,explicit_path_routing,grid_seam,552.0,1.0,0.2706873993558776,1.0330168345111501,1.0421363533717298,4.566007295173962,24.0,0.0,4.203591470258137,0.6138122168762837,1593.837185193681,1.0,0.0,0.0,0.2536131239935588,0.0,235.11268115942028,76.44836956521739,,,,,,,,,,,,,,,,,,,,,,,
starlink,explicit_path_routing,ring,108.21388888888889,0.9378032189336961,0.0340504735315049,1.0628330386809492,1.0351014969076227,2.3144132295173963,4.554933010662177,19.44506698933782,2.231369248035915,0.1587392026110689,381.4578861360335,0.9381162695152013,0.0,0.061883730484798685,0.14875205423171733,0.061883730484798685,81.26561216105176,36.633525061626955,,,,,,,,,,,,,,,,,,,,,,,
starlink,shortest_path_link_state,grid,552.0,1.0,0.0,1.0,1.0077591223472273,1584.0,24.0,0.0,4.231369248035914,37.512075841985315,17457.689089048654,,,,,,,,,,,,,,,,,1584.0,3168.0,1584.0,2509056.0,14911.613498695402,4752.0,,,,,,,,
starlink,shortest_path_link_state,grid_seam,552.0,1.0,0.0,1.0,1.0062431214280199,1584.0,24.0,0.0,4.203591470258137,37.503562786640785,16830.427027747242,,,,,,,,,,,,,,,,,1584.0,3146.0,1584.0,2509056.0,14342.782045378246,4730.0,,,,,,,,
starlink,shortest_path_link_state,ring,108.21388888888889,1.0,0.0,1.0,1.0,1584.0,4.569637345679012,19.430362654320987,2.231369248035915,7.005664232857827,16543.76467444106,,,,,,,,,,,,,,,,,1584.0,1584.0,1584.0,2509056.0,14846.689714160231,3168.0,,,,,,,,
starlink,topological_routing,grid,552.0,1.0,0.0,1.0000000064373409,1.0077591223472273,4.231369248035914,24.0,0.0,4.231369248035914,0.024211474072198307,7050.811679868235,,,,,,,,24.0,24.0,486.4888888888889,505.0,91.19946689113355,96.0,0.0,0.0,0.0,,,,,,,2182.723853499111,1584.0,1584.0,34848.0,114048.0,457152.81111111114,3168.0,148896.0
starlink,topological_routing,grid_seam,552.0,1.0,0.0,1.0000000056694218,1.0062431214280199,4.203591470258137,24.0,0.0,4.203591470258137,0.024211474072198307,6452.4163780423505,,,,,,,,24.0,24.0,485.8222222222222,505.0,90.70400357744107,96.0,0.0,0.0,0.0,,,,,,,1549.7157632011092,1584.0,1584.0,34848.0,114048.0,457152.81111111114,3168.0,148896.0
starlink,topological_routing,ring,108.21388888888889,1.0,0.0,1.0,1.0,2.231369248035915,4.569637345679012,0.0,2.231369248035915,0.024211474072198307,4658.604430008887,,,,,,,,4.599664468291229,10.0,90.15279324092704,204.0,7.398099737595042,16.0,0.0,0.0,0.0,,,,,,,396.4940604960753,1584.0,1584.0,34848.0,114048.0,457152.81111111114,3168.0,148896.0
telesat,dra_routing,grid,552.0,1.0,0.2316022544283414,1.0387141060217666,1.0125663553826287,4.494974675530231,24.0,0.0,4.494974675530231,0.04731408074026459,539.4527884044995,,,,,,,,24.0,24.0,293.7361111111111,304.0,79.17809433364988,96.0,0.0,0.0,0.0,,,,,,,,,,,,,,
telesat,dra_routing,grid_seam,552.0,0.9103009259259259,0.20802122778407364,1.035008914470512,1.0125734236863624,4.4209006014561565,24.0,0.0,4.4209006014561565,0.04731408074026459,505.45820671444136,,,,,,,,24.0,24.0,291.9583333333333,304.0,77.72009338398227,96.0,0.0,0.0,0.0,,,,,,,,,,,,,,
telesat,dra_routing,ring,125.09722222222223,0.8967025646719219,0.012430973429413367,1.0073558463297616,1.00546263573899,2.494974675530231,24.0,0.0,2.494974675530231,0.04731408074026459,401.9499534223643,,,,,,,,24.0,24.0,245.73611111111111,256.0,39.58904716682494,48.0,0.0,0.0,0.0,,,,,,,,,,,,,,
telesat,explicit_path_routing,grid,552.0,1.0,0.14445450885668276,1.0210917490502254,1.0271602670176034,6.002477049699272,24.0,0.0,4.494974675530231,1.171852804164782,418.90407371231254,1.0,0.0,0.0,0.10950080515297907,0.0,91.7683574879227,40.13411835748792,,,,,,,,,,,,,,,,,,,,,,,
telesat,explicit_path_routing,grid_seam,552.0,1.0,0.13847121578099839,1.0242108310029303,1.0274618725824332,5.928402975625198,24.0,0.0,4.4209006014561565,1.1731225547381536,408.30209942327605,1.0,0.0,0.0,0.11550422705314009,0.0,97.61280193236715,41.59522946859904,,,,,,,,,,,,,,,,,,,,,,,
telesat,explicit_path_routing,ring,125.09722222222223,0.9629177306539358,0.03814135823821054,1.0317139308252683,1.0190893467960225,2.88221747388414,5.543930041152263,18.45606995884774,2.494974675530231,0.31361251974065346,104.17420467258327,0.9596361946491403,0.0,0.040363805350859726,0.05160547920954214,0.040363805350859726,48.899510942928586,26.671800659452522,,,,,,,,,,,,,,,,,,,,,,,
telesat,shortest_path_link_state,grid,552.0,1.0,0.0,1.0,1.0055014078949773,351.0,24.0,0.0,4.494974675530231,14.521415137014023,896.1256492520786,,,,,,,,,,,,,,,,,351.0,702.0,351.0,123201.0,275.378316692594,1053.0,,,,,,,,
telesat,shortest_path_link_state,grid_seam,552.0,1.0,0.0,1.0,1.0025910453693259,351.0,24.0,0.0,4.4209006014561565,14.439000388861114,840.587828722265,,,,,,,,,,,,,,,,,351.0,689.0,351.0,123201.0,160.49032610737615,1040.0,,,,,,,,
telesat,shortest_path_link_state,ring,125.09722222222223,1.0,0.0,1.0,1.0,351.0,5.556069958847737,18.443930041152264,2.494974675530231,3.3632280233951546,521.5481243613693,,,,,,,,,,,,,,,,,351.0,351.0,351.0,123201.0,151.8013030394084,702.0,,,,,,,,
telesat,topological_routing,grid,552.0,1.0,5.032206119162641e-05,1.0000007220330815,1.005500157468002,4.494974675530231,24.0,0.0,4.494974675530231,0.04731408074026459,872.1919805121919,,,,,,,,24.0,24.0,293.7361111111111,304.0,78.28531180753403,96.0,0.0,0.0,0.0,,,,,,,144.06061210773058,351.0,351.0,4563.0,9477.0,39318.61111111111,702.0,14040.0
telesat,topological_routing,grid_seam,552.0,1.0,0.0,1.0000000015884576,1.0025910453693259,4.4209006014561565,24.0,0.0,4.4209006014561565,0.04731408074026459,883.1370882069072,,,,,,,,24.0,24.0,291.9583333333333,304.0,76.6656299461855,96.0,0.0,0.0,0.0,,,,,,,122.27387578330107,351.0,351.0,4563.0,9477.0,39318.61111111111,702.0,14040.0
telesat,topological_routing,ring,125.09722222222223,1.0,0.0,1.0,1.0,2.494974675530231,5.556069958847737,0.0,2.494974675530231,0.04731408074026459,527.5988345344862,,,,,,,,5.556069958847737,10.0,58.5130658436214,107.0,7.430895853118075,14.0,0.0,0.0,0.0,,,,,,,55.474997291134464,351.0,351.0,4563.0,9477.0,39318.61111111111,702.0,14040.0
