constellation,algorithm,isl,deliverable_per_snapshot,delivery_rate,non_optimal_egress_rate,fixed_address_forwarding,switched_egress_rate,stretch_dist_shared,stretch_hop_shared,stretch_dist_egress,stretch_hop_egress,stretch_dist_forwarding,delay_ms,delay_extra_ms,delay_extra_p95_ms,stretch_hop_forwarding,fstate_proxy,fstate_installed,fstate_markers,fstate_neighbors,fstate_updates_per_snapshot,compute_time_ms,explicit_failover_delivered_rate,explicit_failover_protected_repair_rate,explicit_failover_egress_not_visible_rate,explicit_failover_dynamic_egress_repair_rate,explicit_failover_dynamic_egress_unavailable_rate,srv6_srh_bytes_mean,strict_header_bytes_mean,aux_lsdb_node_entries,aux_lsdb_link_entries,aux_spf_tree_entries_per_sat,aux_spf_all_pairs_entries,aux_spf_all_pairs_build_ms,aux_gs_current_address_changes,aux_flow_allocations,aux_flow_updates,aux_flow_update_messages,aux_gs_attachment_requested,aux_gs_attachment_assigned,aux_gs_attachment_shortfall,aux_gs_fully_attached,aux_gs_attachment_conflicts_unconstrained,aux_lsdb_entries,aux_geometry_build_ms,aux_geometry_row_edge_entries,aux_geometry_plane_edge_entries,aux_path_cost_row_entries,aux_path_cost_plane_entries,aux_geometry_derived,aux_geometry_required_entries,aux_gs_renumberings,aux_gs_address_additions,aux_gs_address_removals,aux_exception_entries,aux_exception_satellites,aux_exception_unresolved,aux_exception_hops_to_failure_mean,aux_exception_hops_to_failure_max,aux_exception_entries_in_use,aux_exception_region_entries,aux_exception_region_max_per_satellite,aux_exception_entries_max_per_satellite,aux_exception_destinations,aux_exception_entries_on_flow_paths,aux_exception_unresolved_walks,aux_exception_rule_steps,aux_exception_shortest_path_runs,aux_exception_compute_ms,aux_live_isls,aux_decisions_per_sat_mean,aux_decisions_per_sat_max,aux_distance_evals_per_sat_mean,aux_distance_evals_per_sat_max,aux_cache_pairs_per_sat_mean,aux_cache_pairs_per_sat_max,aux_forwarding_exceptions_isolated,aux_forwarding_exceptions,aux_local_detour_entries,aux_pivot_cache_entries,aux_geometry_entries,aux_path_cost_entries
kuiper,link_state_dir_asc,brick_a,552.0,1.0,0.9752113526570049,1.0,0.0,1.4688028560529383,1.5251095536226715,1.4688028560529383,1.5251095536226715,1.0,74.66792126297665,21.020274126250456,65.08689942241026,1.0,1156.0,24.0,0.0,3.309256055363322,20.430150724297697,6709.768684239437,,,,,,,,1156.0,1734.0,1156.0,1336336.0,3185.1539888729653,10.483333333333333,0.0,241.11666666666667,241.11666666666667,24.0,24.0,0.0,24.0,0.21666666666666667,2890.0,,,,,,,,,,,,,,,,,,,,,,,,,,,,,,,,,,,,,,
kuiper,link_state_dir_asc,brick_b,552.0,1.0,0.927506038647343,1.0,0.0,1.1863313175738666,1.230017615787498,1.1863313175738666,1.230017615787498,1.0,60.17676978373718,6.669732858400406,18.405553405017365,1.0,1156.0,24.0,0.0,3.309256055363322,20.293325904639023,10397.0390068988,,,,,,,,1156.0,1734.0,1156.0,1336336.0,7618.088259796302,10.483333333333333,0.0,241.11666666666667,241.11666666666667,24.0,24.0,0.0,24.0,0.21666666666666667,2890.0,,,,,,,,,,,,,,,,,,,,,,,,,,,,,,,,,,,,,,
kuiper,topological_scheme_asc,brick_a,552.0,1.0,0.9752113526570049,1.0,0.0,1.5151360948035053,1.5251095536226715,1.4688028560529383,1.5251095536226715,1.0300025796732402,77.36901675695741,23.721369620231222,71.04594853182327,1.0,3.309256055363322,24.0,0.0,3.309256055363322,0.018444666001994018,124895.50240930791,,,,,,,,,,,,,10.483333333333333,0.0,241.11666666666667,241.11666666666667,24.0,24.0,0.0,24.0,0.21666666666666667,,589.9112228614589,1156.0,1156.0,39304.0,39304.0,1.0,7.0,10.483333333333333,10.483333333333333,10.483333333333333,0.0,0.0,0.0,0.0,0.0,0.0,0.0,0.0,0.0,0.0,0.0,0.0,783141.75,1156.0,119606.26341070358,1734.0,24.0,24.0,192.0,192.0,71.35,72.0,0.0,0.0,0.0,1032726.7833333333,2312.0,78608.0
kuiper,topological_scheme_asc,brick_b,552.0,1.0,0.927506038647343,1.0,0.0,1.1916774748606873,1.230017615787498,1.1863313175738666,1.230017615787498,1.0045968373631649,60.52530388814756,7.018266962810787,18.963236759067808,1.0,3.309256055363322,24.0,0.0,3.309256055363322,0.018444666001994018,111319.26579897602,,,,,,,,,,,,,10.483333333333333,0.0,241.11666666666667,241.11666666666667,24.0,24.0,0.0,24.0,0.21666666666666667,,551.6534455120564,1156.0,1156.0,39304.0,39304.0,1.0,7.0,10.483333333333333,10.483333333333333,10.483333333333333,0.0,0.0,0.0,0.0,0.0,0.0,0.0,0.0,0.0,0.0,0.0,0.0,815159.3333333334,1156.0,106567.29981899261,1734.0,24.0,24.0,192.0,192.0,71.35,72.0,0.0,0.0,0.0,1019741.7833333333,2312.0,78608.0
kuiper,topological_scheme_asc_1p,brick_a,552.0,1.0,0.9752113526570049,1.0,0.0,1.5151360948035053,1.5251095536226715,1.4688028560529383,1.5251095536226715,1.0300025796732402,77.36901675695741,23.721369620231222,71.04594853182327,1.0,3.309256055363322,24.0,0.0,3.309256055363322,0.018444666001994018,68289.16703437765,,,,,,,,,,,,,10.483333333333333,0.0,241.11666666666667,241.11666666666667,24.0,24.0,0.0,24.0,0.21666666666666667,,597.1004471493264,1156.0,1156.0,39304.0,39304.0,1.0,7.0,10.483333333333333,10.483333333333333,10.483333333333333,0.0,0.0,0.0,0.0,0.0,0.0,0.0,0.0,0.0,0.0,0.0,0.0,307846.0,0.0,63717.214945455395,1734.0,24.0,24.0,192.0,192.0,71.35,72.0,0.0,0.0,0.0,606490.65,2312.0,78608.0
kuiper,topological_scheme_asc_1p,brick_b,552.0,1.0,0.927506038647343,1.0,0.0,1.1916774748606873,1.230017615787498,1.1863313175738666,1.230017615787498,1.0045968373631649,60.52530388814756,7.018266962810787,18.963236759067808,1.0,3.309256055363322,24.0,0.0,3.309256055363322,0.018444666001994018,56291.29413242141,,,,,,,,,,,,,10.483333333333333,0.0,241.11666666666667,241.11666666666667,24.0,24.0,0.0,24.0,0.21666666666666667,,515.0237580140432,1156.0,1156.0,39304.0,39304.0,1.0,7.0,10.483333333333333,10.483333333333333,10.483333333333333,0.0,0.0,0.0,0.0,0.0,0.0,0.0,0.0,0.0,0.0,0.0,0.0,307846.0,0.0,52474.60081602136,1734.0,24.0,24.0,192.0,192.0,71.35,72.0,0.0,0.0,0.0,590137.9166666666,2312.0,78608.0
oneweb,link_state_dir_asc,brick_a,552.0,1.0,0.9868357487922705,1.0,0.0,1.2019226150161653,1.3810652547064999,1.2019226150161653,1.3764707235323335,1.0,61.579953931772785,8.001601836635146,21.66682215548185,1.0034903816774567,588.0,24.0,0.0,3.585572562358277,19.188314308774356,1669.0305757025878,,,,,,,,588.0,858.0,588.0,345744.0,268.6330212280154,10.95,0.0,251.85,251.85,24.0,24.0,0.0,24.0,1.7666666666666666,1446.0,,,,,,,,,,,,,,,,,,,,,,,,,,,,,,,,,,,,,,
oneweb,topological_scheme_asc,brick_a,552.0,1.0,0.9868357487922705,1.0,0.0,1.243937752875605,1.3793609729116654,1.2019226150161653,1.3764707235323335,1.0353797705582102,64.05994576290699,10.48159366776934,29.024334807434126,1.002037161552692,3.585572562358277,24.0,0.0,3.585572562358277,0.03787616741611899,26194.49656419456,,,,,,,,,,,,,10.95,0.0,251.85,251.85,24.0,24.0,0.0,24.0,1.7666666666666666,,367.24865169574815,588.0,588.0,28812.0,7056.0,1.0,7.0,10.95,10.95,10.95,156.85,24.083333333333332,0.0,0.0,0.0,8.1,137.86666666666667,14.216666666666667,15.55,113.35,4.633333333333334,0.0,230198.31666666668,588.0,23896.50059702496,858.0,24.0,24.0,188.08163265306123,192.0,64.88503401360543,72.0,0.0,6.066666666666666,0.0,269675.11666666664,1176.0,35868.0
oneweb,topological_scheme_asc_1p,brick_a,552.0,0.9927838164251208,0.9867400626501627,1.0,0.0,1.2408603585247182,1.3775203589016598,1.201910763530412,1.3772559746274777,1.0329655054502853,63.828291480426564,10.296552115302676,28.083510053482392,1.0001982888105803,3.585572562358277,23.98968253968254,0.0,3.585572562358277,0.03787616741611899,22038.16061783582,,,,,,,,,,,,,10.95,0.0,251.85,251.85,24.0,24.0,0.0,24.0,1.7666666666666666,,369.4093072786927,588.0,588.0,28812.0,7056.0,1.0,7.0,10.95,10.95,10.95,2677.7833333333333,236.85,3.9833333333333334,0.0,0.0,147.56666666666666,1447.4166666666667,27.966666666666665,35.03333333333333,56.666666666666664,31.266666666666666,0.0,135371.7,56.666666666666664,15693.821762750546,858.0,24.0,24.0,188.08163265306123,192.0,64.88503401360543,72.0,0.0,6.066666666666666,0.0,233380.06666666668,1176.0,35868.0
starlink,link_state_dir_asc,brick_a,552.0,1.0,0.9838466183574879,1.0,0.0,2.370046631046071,2.39780440791269,2.370046631046071,2.39780440791269,1.0,180.93556183837444,86.02748378263553,250.03046954207605,1.0,1584.0,24.0,0.0,3.2313341750841746,30.851320407464474,22253.696693852544,,,,,,,,1584.0,2376.0,1584.0,2509056.0,13851.263967746248,15.383333333333333,0.0,353.81666666666666,353.81666666666666,24.0,24.0,0.0,24.0,0.2833333333333333,3960.0,,,,,,,,,,,,,,,,,,,,,,,,,,,,,,,,,,,,,,
starlink,link_state_dir_asc,brick_b,552.0,1.0,0.95625,1.0,0.0,1.382770986059196,1.5212842137749143,1.382770986059196,1.5212842137749143,1.0,85.74448899939027,19.883655450104637,61.847123252743025,1.0,1584.0,24.0,0.0,3.2313341750841746,30.80476373908577,11388.753198335568,,,,,,,,1584.0,2376.0,1584.0,2509056.0,8107.193938704829,15.383333333333333,0.0,353.81666666666666,353.81666666666666,24.0,24.0,0.0,24.0,0.2833333333333333,3960.0,,,,,,,,,,,,,,,,,,,,,,,,,,,,,,,,,,,,,,
starlink,topological_scheme_asc,brick_a,552.0,1.0,0.9838466183574879,1.0,0.0,2.3791048805757455,2.39780440791269,2.370046631046071,2.39780440791269,1.004078035111154,181.61272602131126,86.70464796557233,250.67318971461486,1.0,3.2313341750841746,24.0,0.0,3.2313341750841746,0.01975261085430577,185887.50188297904,,,,,,,,,,,,,15.383333333333333,0.0,353.81666666666666,353.81666666666666,24.0,24.0,0.0,24.0,0.2833333333333333,,582.2842781121532,1584.0,1584.0,34848.0,114048.0,1.0,7.0,15.383333333333333,15.383333333333333,15.383333333333333,0.0,0.0,0.0,0.0,0.0,0.0,0.0,0.0,0.0,0.0,0.0,0.0,1588551.15,1584.0,179762.65039546415,2376.0,24.0,24.0,192.0,192.0,71.15,72.0,0.0,0.0,0.0,2012797.15,3168.0,148896.0
starlink,topological_scheme_asc,brick_b,552.0,1.0,0.95625,1.0,0.0,1.386857847108112,1.5212842137749143,1.382770986059196,1.5212842137749143,1.0032717434401308,86.11627202430853,20.255438475022892,61.999010092531186,1.0,3.2313341750841746,24.0,0.0,3.2313341750841746,0.01975261085430577,275938.9780042693,,,,,,,,,,,,,15.383333333333333,0.0,353.81666666666666,353.81666666666666,24.0,24.0,0.0,24.0,0.2833333333333333,,2037.7252228558064,1584.0,1584.0,34848.0,114048.0,1.0,7.0,15.383333333333333,15.383333333333333,15.383333333333333,0.0,0.0,0.0,0.0,0.0,0.0,0.0,0.0,0.0,0.0,0.0,0.0,1371323.1,1584.0,266725.41615044075,2376.0,24.0,24.0,192.0,192.0,71.15,72.0,0.0,0.0,0.0,1808380.35,3168.0,148896.0
starlink,topological_scheme_asc_1p,brick_a,552.0,1.0,0.9838466183574879,1.0,0.0,2.3791048805757455,2.39780440791269,2.370046631046071,2.39780440791269,1.004078035111154,181.61272602131126,86.70464796557233,250.67318971461486,1.0,3.2313341750841746,24.0,0.0,3.2313341750841746,0.01975261085430577,89166.49362981941,,,,,,,,,,,,,15.383333333333333,0.0,353.81666666666666,353.81666666666666,24.0,24.0,0.0,24.0,0.2833333333333333,,573.505245676885,1584.0,1584.0,34848.0,114048.0,1.0,7.0,15.383333333333333,15.383333333333333,15.383333333333333,0.0,0.0,0.0,0.0,0.0,0.0,0.0,0.0,0.0,0.0,0.0,0.0,457302.31666666665,0.0,84131.05539620544,2376.0,24.0,24.0,192.0,192.0,71.15,72.0,0.0,0.0,0.0,1093207.6666666667,3168.0,148896.0
starlink,topological_scheme_asc_1p,brick_b,552.0,1.0,0.95625,1.0,0.0,1.386857847108112,1.5212842137749143,1.382770986059196,1.5212842137749143,1.0032717434401308,86.11627202430853,20.255438475022892,61.999010092531186,1.0,3.2313341750841746,24.0,0.0,3.2313341750841746,0.01975261085430577,141361.13807552806,,,,,,,,,,,,,15.383333333333333,0.0,353.81666666666666,353.81666666666666,24.0,24.0,0.0,24.0,0.2833333333333333,,2047.245887791117,1584.0,1584.0,34848.0,114048.0,1.0,7.0,15.383333333333333,15.383333333333333,15.383333333333333,0.0,0.0,0.0,0.0,0.0,0.0,0.0,0.0,0.0,0.0,0.0,0.0,457302.31666666665,0.0,132829.85667536655,2376.0,24.0,24.0,192.0,192.0,71.15,72.0,0.0,0.0,0.0,958682.7,3168.0,148896.0
