time_index,time_since_epoch_ns,fstate_size_min,fstate_size_max,fstate_size_mean,fstate_size_median,fstate_size_p95,fstate_size_count,stretch_hop_min,stretch_hop_max,stretch_hop_mean,stretch_hop_median,stretch_hop_p95,stretch_hop_count,stretch_dist_min,stretch_dist_max,stretch_dist_mean,stretch_dist_median,stretch_dist_p95,stretch_dist_count,compute_time_ms
0,0,24.0,24.0,24.0,24.0,24.0,1156,1.0,1.0,1.0,1.0,1.0,12,1.0,1.0000000000000002,1.0,1.0,1.0000000000000002,12,8711.22773643583
1,60000000000,24.0,24.0,24.0,24.0,24.0,1156,1.0,1.0,1.0,1.0,1.0,7,1.0,1.0,1.0,1.0,1.0,7,19.69658024609089
2,120000000000,24.0,24.0,24.0,24.0,24.0,1156,0.8333333333333334,1.0625,0.9479166666666667,0.9479166666666667,1.0510416666666667,2,0.8761390462695678,1.0745666058555838,0.9753528260625759,0.9753528260625759,1.064645227876283,2,20.967381075024605
3,180000000000,24.0,24.0,24.0,24.0,24.0,1156,1.0,1.0,1.0,1.0,1.0,14,1.0,1.0,1.0,1.0,1.0,14,8711.423728615046
4,240000000000,24.0,24.0,24.0,24.0,24.0,1156,1.0,1.0,1.0,1.0,1.0,7,1.0,1.0,1.0,1.0,1.0,7,19.98555287718773
5,300000000000,24.0,24.0,24.0,24.0,24.0,1156,0.8333333333333334,1.0625,0.9479166666666667,0.9479166666666667,1.0510416666666667,2,0.8759614195372731,1.075131927235957,0.975546673386615,0.975546673386615,1.0651734018510228,2,19.265957176685333
6,360000000000,24.0,24.0,24.0,24.0,24.0,1156,1.0,1.0,1.0,1.0,1.0,14,0.9999999999999998,1.0000000000000002,1.0,1.0,1.0,14,8659.887452609837
7,420000000000,24.0,24.0,24.0,24.0,24.0,1156,1.0,1.0,1.0,1.0,1.0,7,1.0,1.0,1.0,1.0,1.0,7,45.310999266803265
8,480000000000,24.0,24.0,24.0,24.0,24.0,1156,0.8333333333333334,1.0625,0.941468253968254,0.9285714285714286,1.0491071428571428,3,0.8757124602467705,1.0756336721398356,0.970519657004567,0.9602128386270948,1.0640915887885616,3,19.223278388381004
9,540000000000,24.0,24.0,24.0,24.0,24.0,1156,1.0,1.0,1.0,1.0,1.0,14,0.9999999999999998,1.0,1.0,1.0,1.0,14,8681.851363740861
10,600000000000,24.0,24.0,24.0,24.0,24.0,1156,1.0,1.0,1.0,1.0,1.0,7,1.0,1.0000000000000002,1.0,1.0,1.0000000000000002,7,43.25880017131567
11,660000000000,24.0,24.0,24.0,24.0,24.0,1156,0.8571428571428571,1.1428571428571428,1.0208333333333333,1.0625,1.1348214285714284,3,0.9136992128280568,1.1954469147769196,1.0617367911043891,1.0760642457081908,1.1835086478700467,3,20.756639540195465
12,720000000000,24.0,24.0,24.0,24.0,24.0,1156,1.0,1.0,1.0,1.0,1.0,14,1.0,1.0000000000000002,1.0,1.0,1.0,14,8644.15608625859
13,780000000000,24.0,24.0,24.0,24.0,24.0,1156,1.0,1.0,1.0,1.0,1.0,7,1.0,1.0000000000000004,1.0,1.0,1.0000000000000002,7,48.60198311507702
14,840000000000,24.0,24.0,24.0,24.0,24.0,1156,0.8571428571428571,1.1428571428571428,1.0383522727272727,1.0767045454545454,1.1350649350649349,4,0.91416012507097,1.1956172029687329,1.0792558097118994,1.1036229554039472,1.1858980274944664,4,20.110027864575386
15,900000000000,24.0,24.0,24.0,24.0,24.0,1156,1.0,1.0,1.0,1.0,1.0,16,0.9999999999999999,1.0000000000000002,1.0,1.0,1.0,16,8687.035968527198
16,960000000000,24.0,24.0,24.0,24.0,24.0,1156,1.0,1.0,1.0,1.0,1.0,10,1.0,1.0,1.0,1.0,1.0,10,20.91692667454481
17,1020000000000,24.0,24.0,24.0,24.0,24.0,1156,0.9090909090909091,1.0909090909090908,1.0196078431372548,1.0588235294117647,1.0877005347593582,3,0.9619475978542437,1.1323488471479055,1.0594005018390928,1.0839050605151288,1.1275044684846278,3,43.4013782069087
18,1080000000000,24.0,24.0,24.0,24.0,24.0,1156,1.0,1.0,1.0,1.0,1.0,14,0.9999999999999998,1.0,1.0,1.0,1.0,14,8693.80338769406
19,1140000000000,24.0,24.0,24.0,24.0,24.0,1156,1.0,1.0,1.0,1.0,1.0,9,1.0,1.0,1.0,1.0,1.0,9,19.70330812036991
20,1200000000000,24.0,24.0,24.0,24.0,24.0,1156,0.875,1.0909090909090908,0.9834558823529411,0.9839572192513368,1.0860962566844918,4,0.9223146534509786,1.1336909676476143,1.0255858489360674,1.0231688873228384,1.1262896721811055,4,43.749998323619366
21,1260000000000,24.0,24.0,24.0,24.0,24.0,1156,1.0,1.0,1.0,1.0,1.0,18,0.9999999999999998,1.0,1.0,1.0,1.0,18,8706.938742659986
22,1320000000000,24.0,24.0,24.0,24.0,24.0,1156,1.0,1.0,1.0,1.0,1.0,8,0.9999999999999998,1.0,1.0,1.0,1.0,8,21.21472079306841
23,1380000000000,24.0,24.0,24.0,24.0,24.0,1156,0.875,1.0909090909090908,0.9762383900928793,0.9473684210526315,1.0844919786096257,5,0.9237919754051963,1.134800825336689,1.0123240705881371,0.9619004913047995,1.124792631236756,5,47.361159697175026
24,1440000000000,24.0,24.0,24.0,24.0,24.0,1156,1.0,1.0,1.0,1.0,1.0,12,1.0,1.0,1.0,1.0,1.0,12,8780.666402541101
25,1500000000000,24.0,24.0,24.0,24.0,24.0,1156,0.9285714285714286,1.0,0.9821428571428572,1.0,1.0,4,0.9464369239514654,1.0,0.9866092309878663,1.0,1.0,4,20.269742235541344
26,1560000000000,24.0,24.0,24.0,24.0,24.0,1156,0.875,1.0909090909090908,0.9762383900928793,0.9473684210526315,1.0844919786096257,5,0.9251722285296856,1.1578827309452973,1.0173133237391903,0.9616909861012135,1.1433332094752784,5,22.22936600446701
27,1620000000000,24.0,24.0,24.0,24.0,24.0,1156,1.0,1.0,1.0,1.0,1.0,10,1.0,1.0,1.0,1.0,1.0,10,8731.973824091256
28,1680000000000,24.0,24.0,24.0,24.0,24.0,1156,1.0,1.0,1.0,1.0,1.0,2,1.0,1.0,1.0,1.0,1.0,2,20.098213106393814
29,1740000000000,24.0,24.0,24.0,24.0,24.0,1156,0.9473684210526315,1.0909090909090908,1.0323670137911625,1.0588235294117647,1.0877005347593582,3,0.9570174524090485,1.1584340726050548,1.0669736960133436,1.0854695630259268,1.151137621647142,3,20.717904902994633
30,1800000000000,24.0,24.0,24.0,24.0,24.0,1156,1.0,1.0,1.0,1.0,1.0,8,1.0,1.0,1.0,1.0,1.0,8,8711.479179561138
31,1860000000000,24.0,24.0,24.0,24.0,24.0,1156,1.0,1.0,1.0,1.0,1.0,4,1.0,1.0000000000000002,1.0,1.0,1.0000000000000002,4,19.826476462185383
32,1920000000000,24.0,24.0,24.0,24.0,24.0,1156,0.9473684210526315,1.0909090909090908,1.0323670137911625,1.0588235294117647,1.0877005347593582,3,0.9573582999353308,1.1587697761453488,1.0672951842660483,1.0857574767174654,1.1514685462025605,3,22.1160976216197
33,1980000000000,24.0,24.0,24.0,24.0,24.0,1156,1.0,1.0,1.0,1.0,1.0,10,1.0,1.0,1.0,1.0,1.0,10,8724.540714174509
34,2040000000000,24.0,24.0,24.0,24.0,24.0,1156,1.0,1.0,1.0,1.0,1.0,5,1.0,1.0,1.0,1.0,1.0,5,20.035047084093094
35,2100000000000,24.0,24.0,24.0,24.0,24.0,1156,0.9473684210526315,1.0909090909090908,1.0337059225604117,1.0588235294117647,1.087012987012987,5,0.9577053774625051,1.158898915706759,1.060515715232693,1.0859980526003357,1.1471143786441802,5,21.384711377322674
36,2160000000000,24.0,24.0,24.0,24.0,24.0,1156,1.0,1.0,1.0,1.0,1.0,14,0.9999999999999998,1.0000000000000002,1.0,1.0,1.0,14,8788.607435300946
37,2220000000000,24.0,24.0,24.0,24.0,24.0,1156,1.0,1.0,1.0,1.0,1.0,4,0.9999999999999998,1.0,1.0,1.0,1.0,4,19.57229245454073
38,2280000000000,24.0,24.0,24.0,24.0,24.0,1156,0.9473684210526315,1.0714285714285714,1.0093984962406015,1.0093984962406015,1.0652255639097743,2,0.958052850919568,1.1010019658339645,1.0295274083767663,1.0295274083767663,1.0938545100882446,2,21.786555647850037
39,2340000000000,24.0,24.0,24.0,24.0,24.0,1156,1.0,1.0,1.0,1.0,1.0,10,1.0,1.0,1.0,1.0,1.0,10,8611.58394254744
40,2400000000000,24.0,24.0,24.0,24.0,24.0,1156,1.0,1.0,1.0,1.0,1.0,2,1.0,1.0,1.0,1.0,1.0,2,19.502082839608192
41,2460000000000,24.0,24.0,24.0,24.0,24.0,1156,0.9473684210526315,1.0714285714285714,1.0093984962406015,1.0093984962406015,1.0652255639097743,2,0.958395294896497,1.101930651008422,1.0301629729524595,1.0301629729524595,1.0947538832028256,2,19.865410402417183
42,2520000000000,24.0,24.0,24.0,24.0,24.0,1156,1.0,1.0,1.0,1.0,1.0,12,0.9999999999999998,1.0000000000000002,1.0,1.0,1.0,12,8570.602404884994
43,2580000000000,24.0,24.0,24.0,24.0,24.0,1156,1.0,1.0,1.0,1.0,1.0,2,1.0,1.0000000000000002,1.0,1.0,1.0000000000000002,2,22.07581978291273
44,2640000000000,24.0,24.0,24.0,24.0,24.0,1156,0.9473684210526315,1.0714285714285714,1.0270989974937343,1.0625,1.0705357142857141,3,0.9587303702520337,1.1027461602686457,1.0542603993418995,1.1013046675050189,1.102602010992283,3,19.961699843406677
45,2700000000000,24.0,24.0,24.0,24.0,24.0,1156,1.0,1.0,1.0,1.0,1.0,10,1.0,1.0,1.0,1.0,1.0,10,8565.8277599141
46,2760000000000,24.0,24.0,24.0,24.0,24.0,1156,1.0,1.0,1.0,1.0,1.0,5,1.0,1.0000000000000002,1.0,1.0,1.0000000000000002,5,43.18837821483612
47,2820000000000,24.0,24.0,24.0,24.0,24.0,1156,0.9473684210526315,1.1428571428571428,1.0560385338345863,1.0669642857142856,1.1321428571428571,4,0.9590526349803798,1.2336372414828325,1.0995775877677214,1.1028102373038364,1.2141075653244695,4,19.282774068415165
48,2880000000000,24.0,24.0,24.0,24.0,24.0,1156,1.0,1.0,1.0,1.0,1.0,12,1.0,1.0000000000000002,1.0,1.0,1.0,12,8470.534840598702
49,2940000000000,24.0,24.0,24.0,24.0,24.0,1156,1.0,1.0,1.0,1.0,1.0,8,1.0,1.0,1.0,1.0,1.0,8,45.759210363030434
50,3000000000000,24.0,24.0,24.0,24.0,24.0,1156,1.0625,1.1428571428571428,1.1026785714285714,1.1026785714285714,1.1388392857142857,2,1.1029026424033335,1.2344458658228321,1.1686742541130828,1.1686742541130828,1.2278687046518573,2,19.07642837613821
51,3060000000000,24.0,24.0,24.0,24.0,24.0,1156,1.0,1.0,1.0,1.0,1.0,12,1.0,1.0000000000000002,1.0,1.0,1.0000000000000002,12,8498.345525935292
52,3120000000000,24.0,24.0,24.0,24.0,24.0,1156,1.0,1.0,1.0,1.0,1.0,9,1.0,1.0,1.0,1.0,1.0,9,44.496502727270126
53,3180000000000,24.0,24.0,24.0,24.0,24.0,1156,1.1428571428571428,1.25,1.1964285714285714,1.1964285714285714,1.2446428571428572,2,1.2345224373785264,1.5128624458159179,1.373692441597222,1.373692441597222,1.4989454453940483,2,20.741021260619164
54,3240000000000,24.0,24.0,24.0,24.0,24.0,1156,1.0,1.0,1.0,1.0,1.0,12,0.9999999999999998,1.0000000000000002,1.0,1.0,1.0,12,8523.403506726027
55,3300000000000,24.0,24.0,24.0,24.0,24.0,1156,1.0,1.0,1.0,1.0,1.0,10,1.0,1.0000000000000002,1.0,1.0,1.0000000000000002,10,21.361151710152626
56,3360000000000,24.0,24.0,24.0,24.0,24.0,1156,1.0666666666666667,1.1428571428571428,1.1047619047619048,1.1047619047619048,1.139047619047619,2,1.1005626075143222,1.2338723010215338,1.1672174542679281,1.1672174542679281,1.2272068163461731,2,43.22995897382498
57,3420000000000,24.0,24.0,24.0,24.0,24.0,1156,1.0,1.0,1.0,1.0,1.0,12,1.0,1.0,1.0,1.0,1.0,12,8487.774793058634
58,3480000000000,24.0,24.0,24.0,24.0,24.0,1156,1.0,1.0,1.0,1.0,1.0,6,0.9999999999999998,1.0,1.0,1.0,1.0,6,19.927384331822395
59,3540000000000,24.0,24.0,24.0,24.0,24.0,1156,0.875,1.1428571428571428,1.0281746031746033,1.0666666666666667,1.1352380952380952,3,0.9434376727944974,1.2325530776206015,1.092137407614645,1.1004214724288364,1.219339917101425,3,44.30746100842953
60,3600000000000,24.0,24.0,24.0,24.0,24.0,1156,1.0,1.0,1.0,1.0,1.0,14,0.9999999999999998,1.0000000000000002,1.0,1.0,1.0,14,8551.14668328315
61,3660000000000,24.0,24.0,24.0,24.0,24.0,1156,1.0,1.0,1.0,1.0,1.0,5,0.9999999999999999,1.0,1.0,1.0,1.0,5,22.22379297018051
62,3720000000000,24.0,24.0,24.0,24.0,24.0,1156,0.875,1.125,1.0,1.0,1.11625,4,0.9140089025832961,1.1652608032217517,1.0381024934673229,1.0365701340321216,1.155483039737187,4,43.871089816093445
63,3780000000000,24.0,24.0,24.0,24.0,24.0,1156,1.0,1.0,1.0,1.0,1.0,14,0.9999999999999998,1.0000000000000002,1.0,1.0,1.0,14,8525.935469195247
64,3840000000000,24.0,24.0,24.0,24.0,24.0,1156,0.875,1.0,0.9583333333333334,1.0,1.0,3,0.9005335198949649,1.0,0.9668445066316549,1.0,1.0,3,19.62432451546192
65,3900000000000,24.0,24.0,24.0,24.0,24.0,1156,0.875,1.125,1.0,1.0,1.11625,4,0.9139692649067243,1.1652569314215089,1.0381255915749705,1.0366380849858245,1.1554012178192303,4,20.168228074908257
66,3960000000000,24.0,24.0,24.0,24.0,24.0,1156,1.0,1.0,1.0,1.0,1.0,8,1.0,1.0,1.0,1.0,1.0,8,8613.594789989293
67,4020000000000,24.0,24.0,24.0,24.0,24.0,1156,0.0,0.0,0.0,0.0,0.0,0,0.0,0.0,0.0,0.0,0.0,0,21.99959009885788
68,4080000000000,24.0,24.0,24.0,24.0,24.0,1156,0.875,1.125,1.011111111111111,1.0222222222222221,1.1229166666666666,4,0.9138341817678078,1.164962253564679,1.0536859691767655,1.0679737206872877,1.1644708510061785,4,20.179848186671734
69,4140000000000,24.0,24.0,24.0,24.0,24.0,1156,1.0,1.0,1.0,1.0,1.0,8,1.0,1.0,1.0,1.0,1.0,8,8560.317827388644
70,4200000000000,24.0,24.0,24.0,24.0,24.0,1156,1.0,1.0,1.0,1.0,1.0,1,1.0,1.0,1.0,1.0,1.0,1,19.560051150619984
71,4260000000000,24.0,24.0,24.0,24.0,24.0,1156,0.9473684210526315,1.1111111111111112,1.0292397660818713,1.0292397660818713,1.102923976608187,2,0.9686923813505894,1.163049155108405,1.0658707682294972,1.0658707682294972,1.1533313164205141,2,22.138463333249092
72,4320000000000,24.0,24.0,24.0,24.0,24.0,1156,1.0,1.0,1.0,1.0,1.0,12,1.0,1.0,1.0,1.0,1.0,12,8573.82265664637
73,4380000000000,24.0,24.0,24.0,24.0,24.0,1156,1.0,1.0,1.0,1.0,1.0,4,1.0,1.0,1.0,1.0,1.0,4,19.48920264840126
74,4440000000000,24.0,24.0,24.0,24.0,24.0,1156,0.9473684210526315,1.1111111111111112,1.0194931773879141,1.0,1.1,3,0.9691146745563476,1.164316851541437,1.0444771753659283,1.0,1.1478851663872933,3,19.457168877124786
75,4500000000000,24.0,24.0,24.0,24.0,24.0,1156,1.0,1.0,1.0,1.0,1.0,10,1.0,1.0,1.0,1.0,1.0,10,8541.217953898013
76,4560000000000,24.0,24.0,24.0,24.0,24.0,1156,1.0,1.0,1.0,1.0,1.0,4,1.0,1.0,1.0,1.0,1.0,4,19.5689108222723
77,4620000000000,24.0,24.0,24.0,24.0,24.0,1156,0.875,0.875,0.875,0.875,0.875,1,0.9325484402690778,0.9325484402690778,0.9325484402690778,0.9325484402690778,0.9325484402690778,1,22.328347899019718
78,4680000000000,24.0,24.0,24.0,24.0,24.0,1156,1.0,1.0,1.0,1.0,1.0,14,0.9999999999999999,1.0,1.0,1.0,1.0,14,8534.69233866781
79,4740000000000,24.0,24.0,24.0,24.0,24.0,1156,1.0,1.0625,1.0104166666666667,1.0,1.046875,6,1.0,1.0756278105631012,1.0126046350938502,1.0,1.056720857922326,6,20.11346071958542
80,4800000000000,24.0,24.0,24.0,24.0,24.0,1156,0.875,1.0714285714285714,0.9732142857142857,0.9732142857142857,1.0616071428571427,2,0.9339821730306734,1.1152385848797188,1.0246103789551961,1.0246103789551961,1.1061757642872665,2,20.755243487656116
81,4860000000000,24.0,24.0,24.0,24.0,24.0,1156,1.0,1.0,1.0,1.0,1.0,16,1.0,1.0,1.0,1.0,1.0,16,8510.753698647022
82,4920000000000,24.0,24.0,24.0,24.0,24.0,1156,1.0,1.0,1.0,1.0,1.0,5,1.0,1.0,1.0,1.0,1.0,5,42.28402208536863
83,4980000000000,24.0,24.0,24.0,24.0,24.0,1156,0.875,0.875,0.875,0.875,0.875,1,0.9352864981922512,0.9352864981922512,0.9352864981922512,0.9352864981922512,0.9352864981922512,1,21.399255841970444
84,5040000000000,24.0,24.0,24.0,24.0,24.0,1156,1.0,1.0,1.0,1.0,1.0,18,1.0,1.0000000000000002,1.0,1.0,1.0,18,8545.026175677776
85,5100000000000,24.0,24.0,24.0,24.0,24.0,1156,1.0,1.0,1.0,1.0,1.0,4,0.9999999999999999,1.0,1.0,1.0,1.0,4,43.864939361810684
86,5160000000000,24.0,24.0,24.0,24.0,24.0,1156,0.875,1.5,1.1,1.0,1.4249999999999998,5,0.9364069704141141,2.0376494168367696,1.2333505421701922,1.0,1.868658798189431,5,20.024455152451992
87,5220000000000,24.0,24.0,24.0,24.0,24.0,1156,1.0,1.0,1.0,1.0,1.0,22,0.9999999999999998,1.0,1.0,1.0,1.0,22,8529.490255750716
88,5280000000000,24.0,24.0,24.0,24.0,24.0,1156,1.0,1.0,1.0,1.0,1.0,5,1.0,1.0,1.0,1.0,1.0,5,45.48405949026346
89,5340000000000,24.0,24.0,24.0,24.0,24.0,1156,0.875,1.5,1.0833333333333333,1.0,1.40625,6,0.9372943263490852,2.057244898797872,1.1982211695441674,1.0,1.8416306221279157,6,21.693174727261066
90,5400000000000,24.0,24.0,24.0,24.0,24.0,1156,1.0,1.0,1.0,1.0,1.0,22,0.9999999999999999,1.0,1.0,1.0,1.0,22,8551.854901947081
91,5460000000000,24.0,24.0,24.0,24.0,24.0,1156,1.0,1.0,1.0,1.0,1.0,6,1.0,1.0000000000000002,1.0,1.0,1.0000000000000002,6,19.446381367743015
92,5520000000000,24.0,24.0,24.0,24.0,24.0,1156,0.75,1.5,1.0714285714285714,1.0,1.4249999999999998,7,0.7305627021072356,2.0757394731340706,1.1976477182217475,1.0,1.8858722801593224,7,42.28937905281782
93,5580000000000,24.0,24.0,24.0,24.0,24.0,1156,1.0,1.0,1.0,1.0,1.0,22,0.9999999999999998,1.0,1.0,1.0,1.0,22,8513.696546666324
94,5640000000000,24.0,24.0,24.0,24.0,24.0,1156,1.0,1.0,1.0,1.0,1.0,6,1.0,1.0,1.0,1.0,1.0,6,20.347770303487778
95,5700000000000,24.0,24.0,24.0,24.0,24.0,1156,0.75,1.5,1.0833333333333333,1.0625,1.4375,6,0.7328654905742146,2.0927408702886985,1.2341081644524092,1.0988543436870104,1.930327440191283,6,44.68960501253605
96,5760000000000,24.0,24.0,24.0,24.0,24.0,1156,1.0,1.0,1.0,1.0,1.0,22,1.0,1.0000000000000002,1.0,1.0,1.0000000000000002,22,8521.80484868586
97,5820000000000,24.0,24.0,24.0,24.0,24.0,1156,1.0,1.0,1.0,1.0,1.0,2,1.0,1.0,1.0,1.0,1.0,2,19.557622261345387
98,5880000000000,24.0,24.0,24.0,24.0,24.0,1156,0.75,1.5,1.0493827160493827,1.0,1.4,9,0.7355553312316445,2.1078561773384807,1.1547673705294943,1.0,1.8416371126253401,9,43.60024072229862
99,5940000000000,24.0,24.0,24.0,24.0,24.0,1156,1.0,1.0,1.0,1.0,1.0,22,0.9999999999999999,1.0,1.0,1.0,1.0,22,8497.793262824416
100,6000000000000,24.0,24.0,24.0,24.0,24.0,1156,1.0,1.0,1.0,1.0,1.0,2,1.0,1.0,1.0,1.0,1.0,2,21.832941100001335
101,6060000000000,24.0,24.0,24.0,24.0,24.0,1156,0.875,1.5,1.0833333333333333,1.0,1.40625,6,0.9380658858255616,2.1207283830684265,1.2095985840919556,1.0,1.890245596215756,6,19.0463587641716
102,6120000000000,24.0,24.0,24.0,24.0,24.0,1156,1.0,1.0,1.0,1.0,1.0,22,1.0,1.0000000000000002,1.0,1.0,1.0000000000000002,22,8548.294861800969
103,6180000000000,24.0,24.0,24.0,24.0,24.0,1156,1.0,1.0,1.0,1.0,1.0,1,1.0,1.0,1.0,1.0,1.0,1,20.506519824266434
104,6240000000000,24.0,24.0,24.0,24.0,24.0,1156,0.875,1.5,1.0833333333333333,1.0,1.40625,6,0.9376020000372333,2.1309785966926005,1.2112054933998266,1.0,1.8978970384367317,6,19.549415446817875
105,6300000000000,24.0,24.0,24.0,24.0,24.0,1156,1.0,1.0,1.0,1.0,1.0,20,1.0,1.0000000000000002,1.0,1.0,1.0,20,8494.464559480548
106,6360000000000,24.0,24.0,24.0,24.0,24.0,1156,1.0,1.0,1.0,1.0,1.0,2,1.0,1.0,1.0,1.0,1.0,2,22.305586375296116
107,6420000000000,24.0,24.0,24.0,24.0,24.0,1156,0.875,1.5,1.0714285714285714,1.0,1.3874999999999997,7,0.9369444516802541,2.138259308998337,1.1818974220144172,1.0,1.856204974325534,7,19.861044362187386
108,6480000000000,24.0,24.0,24.0,24.0,24.0,1156,1.0,1.0,1.0,1.0,1.0,16,1.0,1.0000000000000002,1.0,1.0,1.0000000000000002,16,8597.216551192105
109,6540000000000,24.0,24.0,24.0,24.0,24.0,1156,1.0,1.0,1.0,1.0,1.0,7,0.9999999999999999,1.0,1.0,1.0,1.0,7,20.687660202383995
110,6600000000000,24.0,24.0,24.0,24.0,24.0,1156,0.875,1.5,1.0625,1.0,1.375,6,0.9361380749357774,2.142337870050337,1.179745990831019,1.0,1.8567534025377528,6,19.178946502506733
111,6660000000000,24.0,24.0,24.0,24.0,24.0,1156,1.0,1.0,1.0,1.0,1.0,12,0.9999999999999999,1.0000000000000002,1.0,1.0,1.0,12,8545.44503800571
112,6720000000000,24.0,24.0,24.0,24.0,24.0,1156,1.0,1.0,1.0,1.0,1.0,5,1.0,1.0,1.0,1.0,1.0,5,22.059653885662556
113,6780000000000,24.0,24.0,24.0,24.0,24.0,1156,1.0,1.5,1.125,1.0,1.4249999999999998,4,1.0,2.142980819791172,1.2857452049477929,1.0,1.9715336968224957,4,20.075837150216103
114,6840000000000,24.0,24.0,24.0,24.0,24.0,1156,1.0,1.0,1.0,1.0,1.0,12,1.0,1.0000000000000002,1.0,1.0,1.0,12,8559.811202809215
115,6900000000000,24.0,24.0,24.0,24.0,24.0,1156,1.0,1.0,1.0,1.0,1.0,5,1.0,1.0,1.0,1.0,1.0,5,19.95065715163946
116,6960000000000,24.0,24.0,24.0,24.0,24.0,1156,1.0,1.5,1.1111111111111112,1.0,1.411111111111111,5,1.0,2.1401166440368313,1.2420379647778423,1.0,1.9261079511999408,5,19.67605482786894
117,7020000000000,24.0,24.0,24.0,24.0,24.0,1156,1.0,1.0,1.0,1.0,1.0,18,0.9999999999999998,1.0000000000000002,1.0,1.0,1.0,18,8511.903444305062
118,7080000000000,24.0,24.0,24.0,24.0,24.0,1156,1.0,1.0,1.0,1.0,1.0,5,1.0,1.0,1.0,1.0,1.0,5,23.60035479068756
119,7140000000000,24.0,24.0,24.0,24.0,24.0,1156,0.75,1.5,1.015079365079365,1.0,1.3666666666666663,7,0.7871002071101757,2.133726781025219,1.1210245005571338,1.0,1.8136534076916515,7,20.283713936805725
120,7200000000000,24.0,24.0,24.0,24.0,24.0,1156,1.0,1.0,1.0,1.0,1.0,20,1.0,1.0000000000000002,1.0,1.0,1.0,20,8563.39746247977
121,7260000000000,24.0,24.0,24.0,24.0,24.0,1156,1.0,1.0,1.0,1.0,1.0,5,1.0,1.0000000000000002,1.0,1.0,1.0000000000000002,5,43.04909147322178
122,7320000000000,24.0,24.0,24.0,24.0,24.0,1156,0.75,1.0555555555555556,0.921111111111111,1.0,1.0444444444444445,5,0.7880754560460779,1.067464447325734,0.9431906264840224,1.0,1.0539715578605873,5,20.402606576681137
123,7380000000000,24.0,24.0,24.0,24.0,24.0,1156,1.0,1.0,1.0,1.0,1.0,16,1.0,1.0000000000000002,1.0,1.0,1.0000000000000002,16,8576.130548492074
124,7440000000000,24.0,24.0,24.0,24.0,24.0,1156,1.0,1.0,1.0,1.0,1.0,5,1.0,1.0000000000000002,1.0,1.0,1.0000000000000002,5,45.64621485769749
125,7500000000000,24.0,24.0,24.0,24.0,24.0,1156,0.75,1.0555555555555556,0.9203703703703704,0.9583333333333333,1.0416666666666667,6,0.789317172589716,1.0680524487953227,0.9458592656797721,0.9784030399039376,1.051039336596492,6,19.79697123169899
126,7560000000000,24.0,24.0,24.0,24.0,24.0,1156,1.0,1.0,1.0,1.0,1.0,14,0.9999999999999998,1.0000000000000002,1.0,1.0,1.0,14,8542.431357316673
127,7620000000000,24.0,24.0,24.0,24.0,24.0,1156,1.0,1.0,1.0,1.0,1.0,3,0.9999999999999999,1.0,1.0,1.0,1.0,3,45.41048500686884
128,7680000000000,24.0,24.0,24.0,24.0,24.0,1156,0.75,1.125,0.9496031746031744,1.0,1.1041666666666665,7,0.790820720090708,1.1929977420856746,0.9814266016841043,1.0,1.155670855171827,7,20.904481410980225
129,7740000000000,24.0,24.0,24.0,24.0,24.0,1156,1.0,1.0,1.0,1.0,1.0,12,1.0,1.0,1.0,1.0,1.0,12,8499.337648972869
130,7800000000000,24.0,24.0,24.0,24.0,24.0,1156,1.0,1.0,1.0,1.0,1.0,4,1.0,1.0,1.0,1.0,1.0,4,20.122813992202282
131,7860000000000,24.0,24.0,24.0,24.0,24.0,1156,0.75,1.125,0.9768518518518517,1.0555555555555556,1.1180555555555556,3,0.7925818140511878,1.1942181450466252,1.0186078968374546,1.0690237314145512,1.1816987036834177,3,43.4432877227664
132,7920000000000,24.0,24.0,24.0,24.0,24.0,1156,1.0,1.0,1.0,1.0,1.0,12,1.0,1.0,1.0,1.0,1.0,12,8528.1254472211
133,7980000000000,24.0,24.0,24.0,24.0,24.0,1156,1.0,1.0,1.0,1.0,1.0,3,1.0,1.0,1.0,1.0,1.0,3,19.93340067565441
134,8040000000000,24.0,24.0,24.0,24.0,24.0,1156,0.75,1.125,0.96875,1.0,1.1145833333333333,4,0.7945728824599246,1.1953152602413197,1.0063673458768203,1.0177906204030185,1.176427208173154,4,45.54497078061104
135,8100000000000,24.0,24.0,24.0,24.0,24.0,1156,1.0,1.0,1.0,1.0,1.0,14,0.9999999999999998,1.0,1.0,1.0,1.0,14,8593.296082690358
136,8160000000000,24.0,24.0,24.0,24.0,24.0,1156,1.0,1.0,1.0,1.0,1.0,3,0.9999999999999999,1.0,1.0,1.0,1.0,3,20.73818165808916
137,8220000000000,24.0,24.0,24.0,24.0,24.0,1156,0.75,1.125,0.9416666666666668,0.9222222222222223,1.1076388888888888,6,0.7967765861921401,1.196270183386046,0.9799965446183391,0.9505583224175799,1.1646243424731384,6,45.285627245903015
138,8280000000000,24.0,24.0,24.0,24.0,24.0,1156,1.0,1.0,1.0,1.0,1.0,10,0.9999999999999999,1.0,1.0,1.0,1.0,10,8534.192876890302
139,8340000000000,24.0,24.0,24.0,24.0,24.0,1156,1.0,1.0,1.0,1.0,1.0,4,0.9999999999999998,1.0,1.0,1.0,1.0,4,19.874094054102898
140,8400000000000,24.0,24.0,24.0,24.0,24.0,1156,0.875,0.9444444444444444,0.9090277777777778,0.9083333333333333,0.9402777777777778,4,0.9171739000239035,0.9670122460586755,0.9342335901787627,0.9263741073162359,0.9622809995767114,4,22.349869832396507
141,8460000000000,24.0,24.0,24.0,24.0,24.0,1156,1.0,1.0,1.0,1.0,1.0,10,1.0,1.0,1.0,1.0,1.0,10,8525.665394961834
142,8520000000000,24.0,24.0,24.0,24.0,24.0,1156,0.0,0.0,0.0,0.0,0.0,0,0.0,0.0,0.0,0.0,0.0,0,20.41955105960369
143,8580000000000,24.0,24.0,24.0,24.0,24.0,1156,0.875,0.9444444444444444,0.9064814814814813,0.9,0.94,3,0.9183346750006672,0.9673305663923666,0.9406840379578222,0.9363868724804328,0.9642361970011732,3,19.71244066953659
144,8640000000000,24.0,24.0,24.0,24.0,24.0,1156,1.0,1.0,1.0,1.0,1.0,10,0.9999999999999999,1.0000000000000002,1.0,1.0,1.0000000000000002,10,8559.001107700169
145,8700000000000,24.0,24.0,24.0,24.0,24.0,1156,1.0,1.0,1.0,1.0,1.0,1,1.0,1.0,1.0,1.0,1.0,1,19.805366173386574
146,8760000000000,24.0,24.0,24.0,24.0,24.0,1156,0.875,0.9444444444444444,0.9048611111111111,0.9,0.9377777777777777,4,0.9119686154006926,0.9675841919770505,0.934021387676079,0.9282663716632864,0.9630314690295589,4,22.72844035178423
147,8820000000000,24.0,24.0,24.0,24.0,24.0,1156,1.0,1.0,1.0,1.0,1.0,12,0.9999999999999997,1.0,1.0,1.0,1.0,12,8538.211188279092
148,8880000000000,24.0,24.0,24.0,24.0,24.0,1156,1.0,1.0,1.0,1.0,1.0,2,1.0,1.0,1.0,1.0,1.0,2,20.342468284070492
149,8940000000000,24.0,24.0,24.0,24.0,24.0,1156,0.875,1.0,0.94375,0.95,1.0,4,0.9201678388275772,1.0,0.9645423980312705,0.9690008766487523,1.0,4,20.00483963638544
150,9000000000000,24.0,24.0,24.0,24.0,24.0,1156,1.0,1.0,1.0,1.0,1.0,10,1.0,1.0000000000000002,1.0,1.0,1.0000000000000002,10,8547.835348173976
151,9060000000000,24.0,24.0,24.0,24.0,24.0,1156,1.0,1.0,1.0,1.0,1.0,4,1.0,1.0,1.0,1.0,1.0,4,19.80781089514494
152,9120000000000,24.0,24.0,24.0,24.0,24.0,1156,0.9090909090909091,1.3333333333333333,1.033100233100233,1.0,1.2666666666666666,5,0.9215533986058588,1.7160742000643336,1.1144535099826727,1.0,1.5728593600514669,5,22.50624541193247
153,9180000000000,24.0,24.0,24.0,24.0,24.0,1156,1.0,1.0,1.0,1.0,1.0,8,0.9999999999999999,1.0,1.0,1.0,1.0,8,8589.01531714946
154,9240000000000,24.0,24.0,24.0,24.0,24.0,1156,1.0,1.0,1.0,1.0,1.0,4,1.0,1.0,1.0,1.0,1.0,4,19.992811605334282
155,9300000000000,24.0,24.0,24.0,24.0,24.0,1156,0.9090909090909091,1.0588235294117647,0.9910911528558587,1.0,1.0580065359477124,6,0.9216948992522895,1.0884047229950427,1.004577823971811,1.0,1.0869643851897988,6,20.148099400103092
156,9360000000000,24.0,24.0,24.0,24.0,24.0,1156,1.0,1.0,1.0,1.0,1.0,10,1.0,1.0,1.0,1.0,1.0,10,8552.600235678256
157,9420000000000,24.0,24.0,24.0,24.0,24.0,1156,1.0,1.0,1.0,1.0,1.0,4,1.0,1.0,1.0,1.0,1.0,4,44.12689059972763
158,9480000000000,24.0,24.0,24.0,24.0,24.0,1156,0.9090909090909091,1.0588235294117647,0.9781982723159194,1.0,1.0470588235294118,5,0.9217499158787483,1.0888107931575781,0.9890600140652802,1.0,1.0710486345260626,5,19.933459348976612
159,9540000000000,24.0,24.0,24.0,24.0,24.0,1156,1.0,1.0,1.0,1.0,1.0,18,0.9999999999999999,1.0000000000000002,1.0,1.0,1.0,18,8493.431097827852
160,9600000000000,24.0,24.0,24.0,24.0,24.0,1156,1.0,1.0,1.0,1.0,1.0,3,0.9999999999999999,1.0,1.0,1.0,1.0,3,43.97279117256403
161,9660000000000,24.0,24.0,24.0,24.0,24.0,1156,0.9090909090909091,1.0588235294117647,0.9680874680874682,0.9444444444444444,1.0411764705882354,7,0.9217333065248257,1.0891500610820062,0.9810241125931248,0.9611032935041882,1.0624050427574043,7,20.585879683494568
162,9720000000000,24.0,24.0,24.0,24.0,24.0,1156,1.0,1.0,1.0,1.0,1.0,18,0.9999999999999998,1.0000000000000002,1.0,1.0,1.0,18,8510.32917946577
163,9780000000000,24.0,24.0,24.0,24.0,24.0,1156,1.0,1.0,1.0,1.0,1.0,3,0.9999999999999998,1.0000000000000002,1.0,1.0,1.0000000000000002,3,46.48023471236229
164,9840000000000,24.0,24.0,24.0,24.0,24.0,1156,0.8,1.0588235294117647,0.9397817460317459,0.9428104575163399,1.0382352941176471,8,0.8640499436956985,1.0894145167914033,0.9641251343240993,0.9612084180289391,1.0581194359144122,8,20.77066618949175
165,9900000000000,24.0,24.0,24.0,24.0,24.0,1156,1.0,1.0,1.0,1.0,1.0,14,1.0,1.0,1.0,1.0,1.0,14,8581.512647680938
166,9960000000000,24.0,24.0,24.0,24.0,24.0,1156,1.0,1.0,1.0,1.0,1.0,3,1.0,1.0000000000000002,1.0,1.0,1.0000000000000002,3,20.296059548854828
167,10020000000000,24.0,24.0,24.0,24.0,24.0,1156,0.8,1.0555555555555556,0.9391156462585034,0.9444444444444444,1.038888888888889,7,0.8651299660105398,1.0813157515061522,0.9637703160063819,0.9616877315353592,1.0569210260543065,7,21.665475331246853
168,10080000000000,24.0,24.0,24.0,24.0,24.0,1156,1.0,1.0,1.0,1.0,1.0,16,1.0,1.0,1.0,1.0,1.0,16,8466.621334664524
169,10140000000000,24.0,24.0,24.0,24.0,24.0,1156,1.0,1.0,1.0,1.0,1.0,1,1.0,1.0,1.0,1.0,1.0,1,22.590267471969128
170,10200000000000,24.0,24.0,24.0,24.0,24.0,1156,0.8571428571428571,1.0555555555555556,0.9658730158730158,1.0,1.0444444444444445,5,0.866155088210093,1.0818576219634615,0.9768497493414543,1.0,1.0654860975707692,5,43.46716124564409
171,10260000000000,24.0,24.0,24.0,24.0,24.0,1156,1.0,1.0,1.0,1.0,1.0,18,0.9999999999999999,1.0000000000000002,1.0,1.0,1.0000000000000002,18,8516.875798813999
172,10320000000000,24.0,24.0,24.0,24.0,24.0,1156,1.0,1.0,1.0,1.0,1.0,3,0.9999999999999998,1.0,1.0,1.0,1.0,3,20.101116970181465
173,10380000000000,24.0,24.0,24.0,24.0,24.0,1156,0.8571428571428571,1.0,0.9404761904761905,0.9285714285714286,1.0,5,0.8671166854780877,1.0,0.948338366948585,0.9379950872835854,1.0,5,45.920079573988914
174,10440000000000,24.0,24.0,24.0,24.0,24.0,1156,1.0,1.0,1.0,1.0,1.0,24,0.9999999999999999,1.0,1.0,1.0,1.0,24,8555.106531828642
175,10500000000000,24.0,24.0,24.0,24.0,24.0,1156,1.0,1.0,1.0,1.0,1.0,7,1.0,1.0,1.0,1.0,1.0,7,22.638731636106968
176,10560000000000,24.0,24.0,24.0,24.0,24.0,1156,0.9166666666666666,1.0714285714285714,0.9833333333333334,1.0,1.0571428571428572,5,0.9368137217669753,1.0868193557341284,0.9923412741568771,1.0,1.0694554845873028,5,19.238794222474098
177,10620000000000,24.0,24.0,24.0,24.0,24.0,1156,1.0,1.0,1.0,1.0,1.0,22,1.0,1.0000000000000002,1.0,1.0,1.0000000000000002,22,8543.603703379631
178,10680000000000,24.0,24.0,24.0,24.0,24.0,1156,1.0,1.0,1.0,1.0,1.0,7,1.0,1.0,1.0,1.0,1.0,7,20.342004485428333
179,10740000000000,24.0,24.0,24.0,24.0,24.0,1156,0.8571428571428571,1.2,0.9788690476190476,0.9642857142857143,1.1549999999999998,8,0.9248801311216036,1.3851079189251068,1.024749544801963,0.969053394041065,1.280845682416987,8,20.55502124130726
180,10800000000000,24.0,24.0,24.0,24.0,24.0,1156,1.0,1.0,1.0,1.0,1.0,20,1.0,1.0000000000000002,1.0,1.0,1.0,20,8551.508501172066
181,10860000000000,24.0,24.0,24.0,24.0,24.0,1156,1.0,1.0,1.0,1.0,1.0,8,0.9999999999999998,1.0000000000000002,1.0,1.0,1.0000000000000002,8,22.653591819107533
182,10920000000000,24.0,24.0,24.0,24.0,24.0,1156,0.8571428571428571,1.2,0.9718253968253968,0.9583333333333333,1.15,6,0.9260978518157589,1.3883852996389472,1.0297484126171585,0.9684906360540793,1.2912889747292104,6,20.4125065356493
183,10980000000000,24.0,24.0,24.0,24.0,24.0,1156,1.0,1.0,1.0,1.0,1.0,12,0.9999999999999999,1.0000000000000002,1.0,1.0,1.0,12,8616.558318957686
184,11040000000000,24.0,24.0,24.0,24.0,24.0,1156,1.0,1.0,1.0,1.0,1.0,8,1.0,1.0,1.0,1.0,1.0,8,20.13651467859745
185,11100000000000,24.0,24.0,24.0,24.0,24.0,1156,0.8571428571428571,1.2,1.0434523809523808,1.0583333333333333,1.2,4,0.9271313243437108,1.3906886568475638,1.1464176248698696,1.1339252591441022,1.3817231143332307,4,20.5042427405715
186,11160000000000,24.0,24.0,24.0,24.0,24.0,1156,1.0,1.0,1.0,1.0,1.0,14,0.9999999999999999,1.0,1.0,1.0,1.0,14,8564.083764329553
187,11220000000000,24.0,24.0,24.0,24.0,24.0,1156,1.0,1.0,1.0,1.0,1.0,5,1.0,1.0,1.0,1.0,1.0,5,19.745212979614735
188,11280000000000,24.0,24.0,24.0,24.0,24.0,1156,0.8571428571428571,1.2,1.0857142857142856,1.2,1.2,3,0.9279750740867574,1.3920068362558784,1.2169971990488493,1.3310096868039123,1.3859071213106817,3,19.772661849856377
189,11340000000000,24.0,24.0,24.0,24.0,24.0,1156,1.0,1.0,1.0,1.0,1.0,14,1.0,1.0000000000000002,1.0,1.0,1.0000000000000002,14,8562.609410844743
190,11400000000000,24.0,24.0,24.0,24.0,24.0,1156,1.0,1.0,1.0,1.0,1.0,6,1.0,1.0,1.0,1.0,1.0,6,19.779224880039692
191,11460000000000,24.0,24.0,24.0,24.0,24.0,1156,0.8,1.2,1.0160597572362278,1.0588235294117647,1.2,9,0.8310113631445796,1.3923477969665161,1.0806091717080866,1.0987796118948683,1.367483652524415,9,23.16321711987257
192,11520000000000,24.0,24.0,24.0,24.0,24.0,1156,1.0,1.0,1.0,1.0,1.0,18,1.0,1.0000000000000002,1.0,1.0,1.0,18,8574.818233959377
193,11580000000000,24.0,24.0,24.0,24.0,24.0,1156,1.0,1.0,1.0,1.0,1.0,4,1.0,1.0,1.0,1.0,1.0,4,21.36773057281971
194,11640000000000,24.0,24.0,24.0,24.0,24.0,1156,0.8,1.2,0.9827264239028943,0.9285714285714286,1.16,9,0.8325381967894648,1.3917444899444278,1.036650443241153,0.951433518614003,1.287173653745011,9,20.419263280928135
195,11700000000000,24.0,24.0,24.0,24.0,24.0,1156,1.0,1.0,1.0,1.0,1.0,18,1.0,1.0,1.0,1.0,1.0,18,8597.248014993966
196,11760000000000,24.0,24.0,24.0,24.0,24.0,1156,1.0,1.0,1.0,1.0,1.0,4,1.0,1.0,1.0,1.0,1.0,4,43.12452673912048
197,11820000000000,24.0,24.0,24.0,24.0,24.0,1156,0.8571428571428571,1.2,1.0231932773109242,1.0588235294117647,1.18,5,0.9293985923255078,1.3902728628875431,1.0964430034245018,1.0996627508744328,1.3384639272976702,5,22.574206814169884
198,11880000000000,24.0,24.0,24.0,24.0,24.0,1156,1.0,1.0,1.0,1.0,1.0,14,1.0,1.0,1.0,1.0,1.0,14,8561.821000650525
199,11940000000000,24.0,24.0,24.0,24.0,24.0,1156,1.0,1.0555555555555556,1.0092592592592593,1.0,1.0416666666666667,6,1.0,1.0722119907831396,1.01203533179719,1.0,1.0541589930873547,6,43.79053507000208
200,12000000000000,24.0,24.0,24.0,24.0,24.0,1156,0.8571428571428571,1.2,0.9786960717301274,0.9282296650717703,1.165,8,0.8982166193617488,1.3880137984633834,1.0336614931859847,0.949748532895079,1.2984260176935072,8,20.595858804881573
201,12060000000000,24.0,24.0,24.0,24.0,24.0,1156,1.0,1.0,1.0,1.0,1.0,14,0.9999999999999998,1.0000000000000002,1.0,1.0,1.0000000000000002,14,8596.155944280326
202,12120000000000,24.0,24.0,24.0,24.0,24.0,1156,1.0,1.0555555555555556,1.0069444444444444,1.0,1.0361111111111112,8,1.0,1.07256479851473,1.0090705998143412,1.0,1.0471671190345744,8,45.33403553068638
203,12180000000000,24.0,24.0,24.0,24.0,24.0,1156,0.8571428571428571,1.2,0.9671742859823355,0.9090909090909091,1.16,9,0.8993101122714077,1.3850531859903812,1.023327973792918,0.9396985467936207,1.2841384945586038,9,23.367743007838726
204,12240000000000,24.0,24.0,24.0,24.0,24.0,1156,1.0,1.0,1.0,1.0,1.0,14,0.9999999999999998,1.0,1.0,1.0,1.0,14,8535.205936990678
205,12300000000000,24.0,24.0,24.0,24.0,24.0,1156,1.0,1.0,1.0,1.0,1.0,4,1.0,1.0,1.0,1.0,1.0,4,20.88553924113512
206,12360000000000,24.0,24.0,24.0,24.0,24.0,1156,0.875,1.1,0.9810294194969117,0.9473684210526315,1.093076923076923,7,0.9229818112252488,1.1333686445539806,1.014057887612607,0.9676800329179672,1.1234514803940312,7,44.26225274801254
207,12420000000000,24.0,24.0,24.0,24.0,24.0,1156,1.0,1.0,1.0,1.0,1.0,8,0.9999999999999999,1.0,1.0,1.0,1.0,8,8560.147324576974
208,12480000000000,24.0,24.0,24.0,24.0,24.0,1156,1.0,1.0,1.0,1.0,1.0,5,1.0,1.0,1.0,1.0,1.0,5,20.067919045686722
209,12540000000000,24.0,24.0,24.0,24.0,24.0,1156,0.875,1.0769230769230769,0.9716230054774947,0.9473684210526315,1.0733031674208144,5,0.9352303946592315,1.1005394432851618,1.0086496933842082,0.9680245110435237,1.1004976337291303,5,47.296786680817604
210,12600000000000,24.0,24.0,24.0,24.0,24.0,1156,1.0,1.0,1.0,1.0,1.0,12,0.9999999999999998,1.0000000000000002,1.0,1.0,1.0,12,8518.559271469712
211,12660000000000,24.0,24.0,24.0,24.0,24.0,1156,1.0,1.0,1.0,1.0,1.0,4,1.0,1.0,1.0,1.0,1.0,4,20.27288917452097
212,12720000000000,24.0,24.0,24.0,24.0,24.0,1156,0.875,1.0769230769230769,0.9867691712312455,1.0030959752321982,1.0733173076923077,6,0.9358491319869947,1.1009046731505534,1.0184002981242954,1.0173497205078637,1.1007403385459684,6,47.08864539861679
213,12780000000000,24.0,24.0,24.0,24.0,24.0,1156,1.0,1.0,1.0,1.0,1.0,12,0.9999999999999998,1.0,1.0,1.0,1.0,12,8524.180858395994
214,12840000000000,24.0,24.0,24.0,24.0,24.0,1156,1.0,1.0,1.0,1.0,1.0,3,1.0,1.0,1.0,1.0,1.0,3,22.585404105484486
215,12900000000000,24.0,24.0,24.0,24.0,24.0,1156,0.9285714285714286,1.0769230769230769,1.0148372911917805,1.0588235294117647,1.0740384615384615,5,0.9533163052121741,1.1012031178079202,1.037997321435937,1.06688876890216,1.100976082666395,5,19.80953011661768
216,12960000000000,24.0,24.0,24.0,24.0,24.0,1156,1.0,1.0,1.0,1.0,1.0,18,0.9999999999999999,1.0000000000000002,1.0,1.0,1.0,18,8607.192622497678
217,13020000000000,24.0,24.0,24.0,24.0,24.0,1156,1.0,1.0,1.0,1.0,1.0,4,1.0,1.0,1.0,1.0,1.0,4,20.08206583559513
218,13080000000000,24.0,24.0,24.0,24.0,24.0,1156,0.9285714285714286,1.0769230769230769,1.0038407316367843,1.0049342105263157,1.0747596153846153,4,0.9529608816712353,1.1014308165402167,1.022596551310288,1.01799725351485,1.0963173820171257,4,20.383266732096672
219,13140000000000,24.0,24.0,24.0,24.0,24.0,1156,1.0,1.0,1.0,1.0,1.0,18,1.0,1.0000000000000002,1.0,1.0,1.0,18,8565.040920861065
220,13200000000000,24.0,24.0,24.0,24.0,24.0,1156,0.9166666666666666,1.0,0.9722222222222222,1.0,1.0,3,0.9200031400244861,0.9999999999999998,0.9733343800081619,0.9999999999999998,0.9999999999999998,3,22.45874609798193
221,13260000000000,24.0,24.0,24.0,24.0,24.0,1156,0.9473684210526315,1.0625,1.0049342105263157,1.0049342105263157,1.0567434210526316,2,0.9687318116854443,1.067750349718845,1.0182410807021447,1.0182410807021447,1.0627994228171749,2,20.518384873867035
222,13320000000000,24.0,24.0,24.0,24.0,24.0,1156,1.0,1.0,1.0,1.0,1.0,20,0.9999999999999998,1.0000000000000002,1.0,1.0,1.0,20,8572.972936555743
223,13380000000000,24.0,24.0,24.0,24.0,24.0,1156,0.9166666666666666,1.0,0.9791666666666666,1.0,1.0,4,0.9203359860540311,1.0,0.9800839965135077,1.0,1.0,4,19.668277353048325
224,13440000000000,24.0,24.0,24.0,24.0,24.0,1156,0.9090909090909091,1.1,1.0047398325358852,1.0049342105263157,1.094375,4,0.9539877701116071,1.17378402395512,1.0411592909264729,1.0184326848195822,1.1579335347339454,4,20.195920951664448
225,13500000000000,24.0,24.0,24.0,24.0,24.0,1156,1.0,1.0,1.0,1.0,1.0,20,0.9999999999999997,1.0000000000000002,1.0,1.0,1.0,20,8527.625993825495
226,13560000000000,24.0,24.0,24.0,24.0,24.0,1156,1.0,1.0,1.0,1.0,1.0,5,1.0,1.0000000000000002,1.0,1.0,1.0000000000000002,5,22.166987881064415
227,13620000000000,24.0,24.0,24.0,24.0,24.0,1156,0.9090909090909091,1.1,1.0047398325358852,1.0049342105263157,1.094375,4,0.9541779020619363,1.1742513383958475,1.0413934808570375,1.0185723414851835,1.158378011933267,4,20.300045609474182
228,13680000000000,24.0,24.0,24.0,24.0,24.0,1156,1.0,1.0,1.0,1.0,1.0,16,0.9999999999999998,1.0,1.0,1.0,1.0,16,8516.528936102986
229,13740000000000,24.0,24.0,24.0,24.0,24.0,1156,1.0,1.0,1.0,1.0,1.0,5,1.0,1.0000000000000002,1.0,1.0,1.0000000000000002,5,20.918444730341434
230,13800000000000,24.0,24.0,24.0,24.0,24.0,1156,0.875,1.1,0.9787918660287082,0.9473684210526315,1.0925,5,0.9090897067587042,1.1744807515941256,1.0150289803634411,0.9686298704777578,1.1533231112366993,5,20.006088539958
231,13860000000000,24.0,24.0,24.0,24.0,24.0,1156,1.0,1.0,1.0,1.0,1.0,14,1.0,1.0000000000000002,1.0,1.0,1.0,14,8515.489289537072
232,13920000000000,24.0,24.0,24.0,24.0,24.0,1156,1.0,1.0,1.0,1.0,1.0,3,1.0,1.0000000000000002,1.0,1.0,1.0000000000000002,3,21.86739817261696
233,13980000000000,24.0,24.0,24.0,24.0,24.0,1156,0.875,1.0909090909090908,0.9583333333333334,0.9090909090909091,1.0727272727272725,3,0.9104323824932364,1.1487845794432212,1.00447763851511,0.9542159536088723,1.1293277168597864,3,20.302061922848225
234,14040000000000,24.0,24.0,24.0,24.0,24.0,1156,1.0,1.0,1.0,1.0,1.0,14,0.9999999999999998,1.0,1.0,1.0,1.0,14,8488.865867257118
235,14100000000000,24.0,24.0,24.0,24.0,24.0,1156,1.0,1.0,1.0,1.0,1.0,5,1.0,1.0,1.0,1.0,1.0,5,43.80439221858978
236,14160000000000,24.0,24.0,24.0,24.0,24.0,1156,0.9090909090909091,1.0909090909090908,0.9777777777777777,0.9333333333333333,1.075151515151515,3,0.9540757069857903,1.1495345056855077,1.0217672538773808,0.961691548960844,1.1307502100130413,3,20.677206106483936
237,14220000000000,24.0,24.0,24.0,24.0,24.0,1156,1.0,1.0,1.0,1.0,1.0,8,1.0,1.0000000000000002,1.0,1.0,1.0000000000000002,8,8522.54621591419
238,14280000000000,24.0,24.0,24.0,24.0,24.0,1156,1.0,1.0,1.0,1.0,1.0,7,1.0,1.0000000000000002,1.0,1.0,1.0000000000000002,7,46.42548691481352
239,14340000000000,24.0,24.0,24.0,24.0,24.0,1156,0.9090909090909091,1.0909090909090908,0.968984962406015,0.9379699248120301,1.069377990430622,4,0.9506028101668442,1.1500849516652356,1.00381483929693,0.9572857976778202,1.1216811774164657,4,20.795621909201145
240,14400000000000,24.0,24.0,24.0,24.0,24.0,1156,1.0,1.0,1.0,1.0,1.0,8,1.0,1.0,1.0,1.0,1.0,8,8549.733884632587
241,14460000000000,24.0,24.0,24.0,24.0,24.0,1156,1.0,1.0,1.0,1.0,1.0,6,0.9999999999999998,1.0,1.0,1.0,1.0,6,20.15163842588663
242,14520000000000,24.0,24.0,24.0,24.0,24.0,1156,0.8333333333333334,0.9473684210526315,0.9030910609857977,0.9285714285714286,0.9454887218045113,3,0.8941214918863205,0.961190397143161,0.9354011892642676,0.9508916787633217,0.960160525305177,3,22.985052317380905
243,14580000000000,24.0,24.0,24.0,24.0,24.0,1156,1.0,1.0,1.0,1.0,1.0,8,1.0,1.0,1.0,1.0,1.0,8,8515.007531270385
244,14640000000000,24.0,24.0,24.0,24.0,24.0,1156,1.0,1.0,1.0,1.0,1.0,5,1.0,1.0,1.0,1.0,1.0,5,20.35313006490469
245,14700000000000,24.0,24.0,24.0,24.0,24.0,1156,0.8333333333333334,1.25,1.0337226996061584,1.0625,1.2178571428571427,7,0.8943606928051449,1.4811413829891047,1.0952615060361282,1.0802057983767883,1.3987466302512268,7,44.01788208633661
246,14760000000000,24.0,24.0,24.0,24.0,24.0,1156,1.0,1.0,1.0,1.0,1.0,10,0.9999999999999999,1.0,1.0,1.0,1.0,10,8498.249435797334
247,14820000000000,24.0,24.0,24.0,24.0,24.0,1156,1.0,1.0,1.0,1.0,1.0,5,1.0,1.0,1.0,1.0,1.0,5,19.94992606341839
248,14880000000000,24.0,24.0,24.0,24.0,24.0,1156,0.75,1.25,0.9982573621553885,1.0049342105263157,1.2125,8,0.7175925742281128,1.4835573567273688,1.0489791907789034,1.0215489994075757,1.3874994171003465,8,47.37832583487034
249,14940000000000,24.0,24.0,24.0,24.0,24.0,1156,1.0,1.0,1.0,1.0,1.0,8,1.0,1.0,1.0,1.0,1.0,8,8556.530297733843
250,15000000000000,24.0,24.0,24.0,24.0,24.0,1156,1.0,1.0,1.0,1.0,1.0,5,1.0,1.0,1.0,1.0,1.0,5,20.256810821592808
251,15060000000000,24.0,24.0,24.0,24.0,24.0,1156,0.75,1.25,1.005395433027012,1.0625,1.207142857142857,9,0.718719872267751,1.4857346531438935,1.05490790919752,1.081716309905258,1.3759737361753157,9,21.802112460136414
252,15120000000000,24.0,24.0,24.0,24.0,24.0,1156,1.0,1.0,1.0,1.0,1.0,8,0.9999999999999998,1.0,1.0,1.0,1.0,8,8523.145889863372
253,15180000000000,24.0,24.0,24.0,24.0,24.0,1156,1.0,1.0,1.0,1.0,1.0,6,1.0,1.0,1.0,1.0,1.0,6,20.15986479818821
254,15240000000000,24.0,24.0,24.0,24.0,24.0,1156,0.75,1.1428571428571428,0.9664264828738514,1.0049342105263157,1.1227678571428572,6,0.7204258011981535,1.2130993062316457,0.9928600011965001,1.0172990188907247,1.1837581610209529,6,22.18253817409277
255,15300000000000,24.0,24.0,24.0,24.0,24.0,1156,1.0,1.0,1.0,1.0,1.0,10,1.0,1.0,1.0,1.0,1.0,10,8652.457231655717
256,15360000000000,24.0,24.0,24.0,24.0,24.0,1156,1.0,1.0,1.0,1.0,1.0,8,1.0,1.0,1.0,1.0,1.0,8,19.89723928272724
257,15420000000000,24.0,24.0,24.0,24.0,24.0,1156,0.75,1.1428571428571428,0.9593179377013964,0.9473684210526315,1.11875,7,0.7226894650061496,1.2143377369443606,0.9833348873122855,0.9526071036261614,1.1789884555481749,7,20.034534856677055
258,15480000000000,24.0,24.0,24.0,24.0,24.0,1156,1.0,1.0,1.0,1.0,1.0,10,1.0,1.0,1.0,1.0,1.0,10,8611.142242327332
259,15540000000000,24.0,24.0,24.0,24.0,24.0,1156,1.0,1.0,1.0,1.0,1.0,5,1.0,1.0,1.0,1.0,1.0,5,19.829309545457363
260,15600000000000,24.0,24.0,24.0,24.0,24.0,1156,0.75,1.25,0.9956531954887218,1.0049342105263157,1.2125,8,0.7254772323408463,1.478090616094888,1.0457492620032554,1.01817886243663,1.3860086423994347,8,23.030977696180344
261,15660000000000,24.0,24.0,24.0,24.0,24.0,1156,1.0,1.0,1.0,1.0,1.0,10,1.0,1.0,1.0,1.0,1.0,10,8521.925485692918
262,15720000000000,24.0,24.0,24.0,24.0,24.0,1156,1.0,1.0,1.0,1.0,1.0,5,1.0,1.0,1.0,1.0,1.0,5,19.857685081660748
263,15780000000000,24.0,24.0,24.0,24.0,24.0,1156,1.1428571428571428,1.25,1.1964285714285714,1.1964285714285714,1.2446428571428572,2,1.2150757636856042,1.4851138183731465,1.3500947910293752,1.3500947910293752,1.4716119156387693,2,20.410667173564434
264,15840000000000,24.0,24.0,24.0,24.0,24.0,1156,1.0,1.0,1.0,1.0,1.0,10,1.0,1.0,1.0,1.0,1.0,10,8520.937826484442
265,15900000000000,24.0,24.0,24.0,24.0,24.0,1156,1.0,1.0,1.0,1.0,1.0,6,0.9999999999999998,1.0000000000000002,1.0,1.0,1.0000000000000002,6,20.152095705270767
266,15960000000000,24.0,24.0,24.0,24.0,24.0,1156,1.1428571428571428,1.25,1.1964285714285714,1.1964285714285714,1.2446428571428572,2,1.2145762527013453,1.4905715972981524,1.3525739249997488,1.3525739249997488,1.476771830068312,2,23.40374793857336
267,16020000000000,24.0,24.0,24.0,24.0,24.0,1156,1.0,1.0,1.0,1.0,1.0,12,0.9999999999999998,1.0,1.0,1.0,1.0,12,8564.686175435781
268,16080000000000,24.0,24.0,24.0,24.0,24.0,1156,1.0,1.0,1.0,1.0,1.0,6,0.9999999999999998,1.0,1.0,1.0,1.0,6,20.289137959480286
269,16140000000000,24.0,24.0,24.0,24.0,24.0,1156,0.875,1.25,1.0612745098039216,1.0588235294117647,1.2308823529411765,3,0.9331511463396984,1.494233108969182,1.1725097359785843,1.0901449526268725,1.453824293334951,3,20.463709719479084
270,16200000000000,24.0,24.0,24.0,24.0,24.0,1156,1.0,1.0,1.0,1.0,1.0,10,1.0,1.0000000000000002,1.0,1.0,1.0000000000000002,10,8524.82104767114
271,16260000000000,24.0,24.0,24.0,24.0,24.0,1156,0.9090909090909091,1.0,0.9848484848484849,1.0,1.0,6,0.9393030709146888,1.0,0.9898838451524482,1.0,1.0,6,45.37349473685026
272,16320000000000,24.0,24.0,24.0,24.0,24.0,1156,0.875,1.25,1.0612745098039216,1.0588235294117647,1.2308823529411765,3,0.9347222418096999,1.495988015749012,1.17375030541828,1.0905406586961284,1.4554432800437236,3,20.360040478408337
273,16380000000000,24.0,24.0,24.0,24.0,24.0,1156,1.0,1.0,1.0,1.0,1.0,10,1.0,1.0,1.0,1.0,1.0,10,8522.207159548998
274,16440000000000,24.0,24.0,24.0,24.0,24.0,1156,1.0,1.0,1.0,1.0,1.0,2,1.0,1.0,1.0,1.0,1.0,2,44.381070882081985
275,16500000000000,24.0,24.0,24.0,24.0,24.0,1156,0.875,1.25,1.0612745098039216,1.0588235294117647,1.2308823529411765,3,0.9361716198120745,1.4957824147557752,1.174280768301325,1.0908882703361253,1.4552930003138103,3,21.20675239712
276,16560000000000,24.0,24.0,24.0,24.0,24.0,1156,1.0,1.0,1.0,1.0,1.0,8,1.0,1.0,1.0,1.0,1.0,8,8496.326133608818
277,16620000000000,24.0,24.0,24.0,24.0,24.0,1156,0.8,1.0909090909090908,0.9636363636363635,1.0,1.0818181818181818,3,0.8398523726271823,1.131850743877769,0.9905677055016504,0.9999999999999999,1.1186656694899921,3,47.0333369448781
278,16680000000000,24.0,24.0,24.0,24.0,24.0,1156,0.875,1.25,1.042905056759546,1.0588235294117647,1.2166666666666666,5,0.9374546515816297,1.4936587370128707,1.1238409934468094,1.0911863289316428,1.4217867031254834,5,21.202162839472294
279,16740000000000,24.0,24.0,24.0,24.0,24.0,1156,1.0,1.0,1.0,1.0,1.0,8,1.0,1.0,1.0,1.0,1.0,8,8515.574550256133
280,16800000000000,24.0,24.0,24.0,24.0,24.0,1156,1.0,1.0,1.0,1.0,1.0,2,1.0,1.0,1.0,1.0,1.0,2,21.52063511312008
281,16860000000000,24.0,24.0,24.0,24.0,24.0,1156,0.9473684210526315,1.25,1.0901272789817682,1.0833333333333333,1.222222222222222,5,0.96299862790773,1.4897561478108114,1.1656959732430718,1.133875676742518,1.4218887766850834,5,43.83616894483566
282,16920000000000,24.0,24.0,24.0,24.0,24.0,1156,1.0,1.0,1.0,1.0,1.0,8,1.0,1.0,1.0,1.0,1.0,8,8536.06776241213
283,16980000000000,24.0,24.0,24.0,24.0,24.0,1156,1.0,1.0,1.0,1.0,1.0,2,1.0,1.0000000000000002,1.0,1.0,1.0000000000000002,2,22.349613718688488
284,17040000000000,24.0,24.0,24.0,24.0,24.0,1156,0.9473684210526315,1.125,1.054272732484807,1.071078431372549,1.1215277777777777,6,0.9633815283888133,1.2009838102215176,1.0901129721924139,1.1124245805770152,1.1886036910136688,6,44.20202877372503
285,17100000000000,24.0,24.0,24.0,24.0,24.0,1156,1.0,1.0,1.0,1.0,1.0,8,1.0,1.0,1.0,1.0,1.0,8,8527.835964225233
286,17160000000000,24.0,24.0,24.0,24.0,24.0,1156,1.0,1.0,1.0,1.0,1.0,2,0.9999999999999998,1.0,0.9999999999999999,0.9999999999999999,1.0,2,20.391901955008507
287,17220000000000,24.0,24.0,24.0,24.0,24.0,1156,0.9473684210526315,1.125,1.0567235666196304,1.0714285714285714,1.1208333333333333,7,0.9637507182763764,1.2033942711928727,1.0930710140900664,1.1077872202829109,1.1881015017655752,7,45.70430237799883
288,17280000000000,24.0,24.0,24.0,24.0,24.0,1156,1.0,1.0,1.0,1.0,1.0,14,1.0,1.0,1.0,1.0,1.0,14,8550.66442489624
289,17340000000000,24.0,24.0,24.0,24.0,24.0,1156,1.0,1.0625,1.03125,1.03125,1.059375,2,1.0,1.067770185608375,1.0338850928041876,1.0338850928041876,1.0643816763279563,2,22.371064871549606
290,17400000000000,24.0,24.0,24.0,24.0,24.0,1156,0.9473684210526315,1.125,1.062746326600816,1.0714285714285714,1.1222222222222222,5,0.9640988983815465,1.2055851931904353,1.1047132056922178,1.1088069914562995,1.1951220129302453,5,20.38148045539856
291,17460000000000,24.0,24.0,24.0,24.0,24.0,1156,1.0,1.0,1.0,1.0,1.0,16,0.9999999999999998,1.0000000000000002,1.0,1.0,1.0000000000000002,16,8610.166269354522
292,17520000000000,24.0,24.0,24.0,24.0,24.0,1156,1.0,1.0625,1.0125,1.0,1.05,5,0.9999999999999997,1.0683574967332237,1.0136714993466447,1.0,1.054685997386579,5,19.780841656029224
293,17580000000000,24.0,24.0,24.0,24.0,24.0,1156,1.0714285714285714,1.125,1.1025132275132277,1.1111111111111112,1.1236111111111111,3,1.1097011796944471,1.2074845581063876,1.1570604254897416,1.15399553866839,1.2021356561625878,3,20.770459435880184
294,17640000000000,24.0,24.0,24.0,24.0,24.0,1156,1.0,1.0,1.0,1.0,1.0,20,1.0,1.0,1.0,1.0,1.0,20,8541.850504465401
295,17700000000000,24.0,24.0,24.0,24.0,24.0,1156,1.0,1.0,1.0,1.0,1.0,5,1.0,1.0,1.0,1.0,1.0,5,22.3867055028677
296,17760000000000,24.0,24.0,24.0,24.0,24.0,1156,0.875,1.125,1.0615079365079363,1.1111111111111112,1.125,5,0.9243469676656528,1.209035319900803,1.1121002284349801,1.1545784002855026,1.202571288332496,5,20.893985405564308
297,17820000000000,24.0,24.0,24.0,24.0,24.0,1156,1.0,1.0,1.0,1.0,1.0,22,0.9999999999999999,1.0,1.0,1.0,1.0,22,8514.446114189923
298,17880000000000,24.0,24.0,24.0,24.0,24.0,1156,1.0,1.0,1.0,1.0,1.0,4,1.0,1.0000000000000002,1.0,1.0,1.0000000000000002,4,20.170736126601696
299,17940000000000,24.0,24.0,24.0,24.0,24.0,1156,0.875,1.125,1.0615079365079363,1.1111111111111112,1.125,5,0.925124390142449,1.2101800037330546,1.1130903040654585,1.1550085120264384,1.2038431714249753,5,21.008349023759365
300,18000000000000,24.0,24.0,24.0,24.0,24.0,1156,1.0,1.0,1.0,1.0,1.0,22,0.9999999999999998,1.0000000000000002,1.0,1.0,1.0,22,8579.793712124228
301,18060000000000,24.0,24.0,24.0,24.0,24.0,1156,1.0,1.0,1.0,1.0,1.0,6,0.9999999999999999,1.0,1.0,1.0,1.0,6,20.690630190074444
302,18120000000000,24.0,24.0,24.0,24.0,24.0,1156,0.875,1.5,1.0994897959183674,1.0714285714285714,1.3874999999999997,7,0.9256878233356922,1.9424115067123247,1.1937508705953819,1.0973524748467378,1.72295111610876,7,21.856460720300674
303,18180000000000,24.0,24.0,24.0,24.0,24.0,1156,1.0,1.0,1.0,1.0,1.0,20,0.9999999999999998,1.0000000000000002,1.0,1.0,1.0,20,8562.246517278254
304,18240000000000,24.0,24.0,24.0,24.0,24.0,1156,1.0,1.0,1.0,1.0,1.0,3,1.0,1.0,1.0,1.0,1.0,3,20.18133830279112
305,18300000000000,24.0,24.0,24.0,24.0,24.0,1156,0.875,1.5,1.1124768089053803,1.0909090909090908,1.3874999999999997,7,0.9260214828494155,1.9565456858385373,1.2183492505650109,1.155826330625446,1.732916059810205,7,22.44390081614256
306,18360000000000,24.0,24.0,24.0,24.0,24.0,1156,1.0,1.0,1.0,1.0,1.0,18,0.9999999999999998,1.0000000000000002,1.0,1.0,1.0000000000000002,18,8535.20523570478
307,18420000000000,24.0,24.0,24.0,24.0,24.0,1156,1.0,1.0909090909090908,1.0227272727272727,1.0,1.0772727272727272,4,1.0,1.1232764229803658,1.0308191057450915,1.0,1.1047849595333108,4,20.01283783465624
308,18480000000000,24.0,24.0,24.0,24.0,24.0,1156,0.875,1.5,1.1107623857623858,1.0909090909090908,1.357142857142857,9,0.9261262993211681,1.9692763115813634,1.2109690580814032,1.1576623930824148,1.6806990232184031,9,19.73188854753971
309,18540000000000,24.0,24.0,24.0,24.0,24.0,1156,1.0,1.0,1.0,1.0,1.0,14,1.0,1.0,1.0,1.0,1.0,14,8475.901919417083
310,18600000000000,24.0,24.0,24.0,24.0,24.0,1156,1.0,1.0,1.0,1.0,1.0,3,0.9999999999999999,1.0,1.0,1.0,1.0,3,43.84171776473522
311,18660000000000,24.0,24.0,24.0,24.0,24.0,1156,0.875,1.5,1.0944229892914104,1.081168831168831,1.339285714285714,10,0.9260227477407652,1.9803355109014824,1.187370461841766,1.132825730319363,1.649763053271407,10,22.293303161859512
312,18720000000000,24.0,24.0,24.0,24.0,24.0,1156,1.0,1.0,1.0,1.0,1.0,14,0.9999999999999998,1.0000000000000002,1.0,1.0,1.0000000000000002,14,8469.525840133429
313,18780000000000,24.0,24.0,24.0,24.0,24.0,1156,1.0,1.0,1.0,1.0,1.0,3,1.0,1.0,1.0,1.0,1.0,3,44.52505428344011
314,18840000000000,24.0,24.0,24.0,24.0,24.0,1156,0.875,1.5,1.1067505411255412,1.081168831168831,1.36875,8,0.9257362777192711,1.9894234076783885,1.2089327265954808,1.133125688494567,1.7163491210861959,8,20.36807592958212
315,18900000000000,24.0,24.0,24.0,24.0,24.0,1156,1.0,1.0,1.0,1.0,1.0,14,0.9999999999999998,1.0000000000000002,1.0,1.0,1.0,14,8531.695703044534
316,18960000000000,24.0,24.0,24.0,24.0,24.0,1156,1.0,1.0,1.0,1.0,1.0,2,1.0,1.0,1.0,1.0,1.0,2,45.58157920837402
317,19020000000000,24.0,24.0,24.0,24.0,24.0,1156,0.875,1.5,1.1124768089053803,1.0909090909090908,1.3874999999999997,7,0.9253061110383645,1.9962686258216111,1.2244518882275677,1.1612619715440375,1.7597407794723474,7,22.939027287065983
318,19080000000000,24.0,24.0,24.0,24.0,24.0,1156,1.0,1.0,1.0,1.0,1.0,18,0.9999999999999998,1.0000000000000002,1.0,1.0,1.0,18,8518.497898243368
319,19140000000000,24.0,24.0,24.0,24.0,24.0,1156,1.0,1.0,1.0,1.0,1.0,3,1.0,1.0,1.0,1.0,1.0,3,21.023522131145
320,19200000000000,24.0,24.0,24.0,24.0,24.0,1156,0.875,1.5,1.1124768089053803,1.0909090909090908,1.3874999999999997,7,0.9247687275112788,2.0006800170191643,1.2247133913213364,1.1616656301482176,1.7623367282521865,7,43.84151007980108
321,19260000000000,24.0,24.0,24.0,24.0,24.0,1156,1.0,1.0,1.0,1.0,1.0,20,0.9999999999999999,1.0000000000000002,1.0,1.0,1.0,20,8502.02296487987
322,19320000000000,24.0,24.0,24.0,24.0,24.0,1156,1.0,1.0,1.0,1.0,1.0,3,0.9999999999999997,1.0,0.9999999999999999,0.9999999999999999,1.0,3,20.187363028526306
323,19380000000000,24.0,24.0,24.0,24.0,24.0,1156,0.75,1.5,1.1142857142857143,1.0714285714285714,1.45,5,0.7539638880178422,2.0024766785567265,1.2627828695173577,1.0989236578995134,1.893691367467922,5,46.53620533645153
324,19440000000000,24.0,24.0,24.0,24.0,24.0,1156,1.0,1.0,1.0,1.0,1.0,16,1.0,1.0000000000000002,1.0,1.0,1.0000000000000002,16,8520.323285833001
325,19500000000000,24.0,24.0,24.0,24.0,24.0,1156,1.0,1.0,1.0,1.0,1.0,3,1.0,1.0,1.0,1.0,1.0,3,20.245575346052647
326,19560000000000,24.0,24.0,24.0,24.0,24.0,1156,0.75,1.25,1.0,1.0,1.225,2,0.7540764975282934,1.4649059333158154,1.1094912154220544,1.1094912154220544,1.4293644615264394,2,46.52439896017313
327,19620000000000,24.0,24.0,24.0,24.0,24.0,1156,1.0,1.0,1.0,1.0,1.0,16,0.9999999999999997,1.0000000000000002,1.0,1.0,1.0000000000000002,16,8566.637528128922
328,19680000000000,24.0,24.0,24.0,24.0,24.0,1156,1.0,1.0,1.0,1.0,1.0,4,1.0,1.0000000000000002,1.0,1.0,1.0000000000000002,4,20.103233866393566
329,19740000000000,24.0,24.0,24.0,24.0,24.0,1156,0.75,1.25,1.011111111111111,1.0,1.211111111111111,5,0.7545076117652391,1.470521909911444,1.0569612029188082,1.0,1.388372826512627,5,22.382107563316822
330,19800000000000,24.0,24.0,24.0,24.0,24.0,1156,1.0,1.0,1.0,1.0,1.0,20,0.9999999999999999,1.0000000000000002,1.0,1.0,1.0,20,8550.081911496818
331,19860000000000,24.0,24.0,24.0,24.0,24.0,1156,1.0,1.0,1.0,1.0,1.0,5,0.9999999999999999,1.0,1.0,1.0,1.0,5,20.599610172212124
332,19920000000000,24.0,24.0,24.0,24.0,24.0,1156,0.75,1.25,1.011111111111111,1.0,1.211111111111111,5,0.7552836633000606,1.475263106533333,1.0581731765931122,1.0,1.3922743078530997,5,19.938133656978607
333,19980000000000,24.0,24.0,24.0,24.0,24.0,1156,1.0,1.0,1.0,1.0,1.0,18,1.0,1.0,1.0,1.0,1.0,18,8577.649313025177
334,20040000000000,24.0,24.0,24.0,24.0,24.0,1156,1.0,1.0,1.0,1.0,1.0,8,1.0,1.0,1.0,1.0,1.0,8,22.583861835300922
335,20100000000000,24.0,24.0,24.0,24.0,24.0,1156,0.75,1.0555555555555556,0.9513888888888888,1.0,1.0472222222222223,4,0.7564088980697187,1.060822259626738,0.9543077894241141,1.0,1.0516989206827274,4,20.3507449477911
336,20160000000000,24.0,24.0,24.0,24.0,24.0,1156,1.0,1.0,1.0,1.0,1.0,24,0.9999999999999998,1.0000000000000002,1.0,1.0,1.0000000000000002,24,8548.827469348907
337,20220000000000,24.0,24.0,24.0,24.0,24.0,1156,1.0,1.0,1.0,1.0,1.0,7,1.0,1.0,1.0,1.0,1.0,7,19.913501106202602
338,20280000000000,24.0,24.0,24.0,24.0,24.0,1156,0.75,1.0555555555555556,0.9513888888888888,1.0,1.0472222222222223,4,0.7578850606692934,1.0612831775095737,0.9547920595447168,1.0,1.0520907008831375,4,20.358814857900143
339,20340000000000,24.0,24.0,24.0,24.0,24.0,1156,1.0,1.0,1.0,1.0,1.0,20,0.9999999999999998,1.0,1.0,1.0,1.0,20,8566.608542576432
340,20400000000000,24.0,24.0,24.0,24.0,24.0,1156,1.0,1.0,1.0,1.0,1.0,5,1.0,1.0,1.0,1.0,1.0,5,22.243316285312176
341,20460000000000,24.0,24.0,24.0,24.0,24.0,1156,0.75,1.0555555555555556,0.9642857142857143,1.0,1.038888888888889,7,0.7597134872817828,1.0616951090649507,0.9687410768451186,1.0,1.0431865763454655,7,20.637989975512028
342,20520000000000,24.0,24.0,24.0,24.0,24.0,1156,1.0,1.0,1.0,1.0,1.0,22,0.9999999999999999,1.0000000000000002,1.0,1.0,1.0000000000000002,22,8546.674230135977
343,20580000000000,24.0,24.0,24.0,24.0,24.0,1156,1.0,1.0,1.0,1.0,1.0,9,1.0,1.0000000000000002,1.0,1.0,1.0000000000000002,9,20.81452403217554
344,20640000000000,24.0,24.0,24.0,24.0,24.0,1156,0.75,1.125,0.984375,1.0,1.1006944444444444,8,0.7618704614967338,1.2109946133762952,0.9993957441604443,1.0,1.1588652644171198,8,20.751066505908966
345,20700000000000,24.0,24.0,24.0,24.0,24.0,1156,1.0,1.0,1.0,1.0,1.0,20,0.9999999999999999,1.0,1.0,1.0,1.0,20,8596.318969503045
346,20760000000000,24.0,24.0,24.0,24.0,24.0,1156,1.0,1.0,1.0,1.0,1.0,5,0.9999999999999999,1.0,1.0,1.0,1.0,5,43.603258207440376
347,20820000000000,24.0,24.0,24.0,24.0,24.0,1156,0.75,1.125,0.9799382716049383,1.0,1.097222222222222,9,0.7643345423356093,1.2119079545196407,0.9971166323514868,1.0,1.1520876741327888,9,20.099190063774586
348,20880000000000,24.0,24.0,24.0,24.0,24.0,1156,1.0,1.0,1.0,1.0,1.0,20,1.0,1.0000000000000002,1.0,1.0,1.0,20,8523.934539407492
349,20940000000000,24.0,24.0,24.0,24.0,24.0,1156,1.0,1.0,1.0,1.0,1.0,3,1.0,1.0000000000000002,1.0,1.0000000000000002,1.0000000000000002,3,44.62940525263548
350,21000000000000,24.0,24.0,24.0,24.0,24.0,1156,0.75,1.125,0.9799382716049383,1.0,1.097222222222222,9,0.7670750907665461,1.212301934386984,0.9975978694245983,1.0,1.152422908957379,9,20.812726579606533
351,21060000000000,24.0,24.0,24.0,24.0,24.0,1156,1.0,1.0,1.0,1.0,1.0,20,1.0,1.0,1.0,1.0,1.0,20,8537.983417510986
352,21120000000000,24.0,24.0,24.0,24.0,24.0,1156,1.0,1.0,1.0,1.0,1.0,2,1.0,1.0,1.0,1.0,1.0,2,46.89387325197458
353,21180000000000,24.0,24.0,24.0,24.0,24.0,1156,0.75,1.125,0.984375,1.0,1.1006944444444444,8,0.7700496498676821,1.212180766711051,1.0007979139999226,1.0,1.159895167157399,8,21.34174481034279
354,21240000000000,24.0,24.0,24.0,24.0,24.0,1156,1.0,1.0,1.0,1.0,1.0,20,0.9999999999999999,1.0000000000000002,1.0,1.0,1.0,20,8538.906807079911
355,21300000000000,24.0,24.0,24.0,24.0,24.0,1156,1.0,1.0,1.0,1.0,1.0,5,0.9999999999999999,1.0,1.0,1.0,1.0,5,20.290772430598736
356,21360000000000,24.0,24.0,24.0,24.0,24.0,1156,0.9444444444444444,1.0,0.9888888888888889,1.0,1.0,5,0.9616265580380767,1.0,0.9923253116076154,1.0,1.0,5,43.33489574491978
357,21420000000000,24.0,24.0,24.0,24.0,24.0,1156,1.0,1.0,1.0,1.0,1.0,16,0.9999999999999999,1.0000000000000002,1.0,1.0,1.0000000000000002,16,8525.884344242513
358,21480000000000,24.0,24.0,24.0,24.0,24.0,1156,1.0,1.0,1.0,1.0,1.0,5,1.0,1.0000000000000002,1.0,1.0,1.0000000000000002,5,20.180796273052692
359,21540000000000,24.0,24.0,24.0,24.0,24.0,1156,1.0,1.0,1.0,1.0,1.0,4,1.0,1.0,1.0,1.0,1.0,4,44.68112904578447
